transition_id,transition_date,from_sku,to_sku,from_package_size,to_package_size,worker_skill,crew_size,days_since_last_clean,equipment_condition,shift,day_of_week,setup_time,labor_cost,material_loss,wash_cost,packaging_time,downtime,sequence_violation_ref
TR-0001,2026-04-13,SKU-WHITE-001,SKU-WHITE-001,1L,4L,0.3,3,1,1.0,day,0,1.99,67156.72,0.5632,0.0,16.38,3.46,0
TR-0002,2026-03-10,SKU-WHITE-001,SKU-WHITE-001,4L,4L,0.9,5,1,0.7,night,1,4.32,38754.21,0.2639,14588.38,4.38,6.58,0
TR-0003,2026-01-26,SKU-WHITE-001,SKU-WHITE-001,1L,1L,0.6,4,3,0.3,night,0,2.04,44423.52,1.3628,24245.55,6.33,6.36,0
TR-0005,2026-04-21,SKU-WHITE-001,SKU-WHITE-001,1L,18L,0.9,2,1,1.0,day,1,3.92,41410.76,0.3718,12819.09,12.15,2.14,0
TR-0006,2025-11-15,SKU-WHITE-001,SKU-WHITE-001,1L,1L,0.6,5,3,0.3,day,5,13.22,43892.36,0.8968,23921.08,0.84,8.82,0
TR-0007,2026-04-14,SKU-WHITE-001,SKU-WHITE-001,4L,1L,0.3,4,7,1.0,night,1,0.0,75023.04,0.6673,25602.34,15.14,0.0,0
TR-0009,2026-03-18,SKU-WHITE-001,SKU-WHITE-001,4L,4L,0.6,2,3,0.7,day,2,0.0,49446.82,0.535,20914.82,3.75,5.6,0
TR-0010,2025-11-28,SKU-WHITE-001,SKU-WHITE-001,18L,1L,0.9,3,1,0.7,day,4,0.0,29734.31,0.6981,12993.45,14.82,5.95,0
TR-0011,2026-02-01,SKU-WHITE-001,SKU-IVORY-001,18L,18L,0.6,3,0,0.3,day,6,15.84,62668.37,1.9737,38156.77,5.1,11.06,0
TR-0012,2026-03-02,SKU-WHITE-001,SKU-IVORY-001,18L,1L,0.9,5,1,1.0,day,0,2.42,29945.47,0.3843,8914.57,16.77,3.11,0
TR-0013,2026-01-03,SKU-WHITE-001,SKU-IVORY-001,1L,1L,0.9,3,1,0.3,day,5,8.31,35442.68,1.7911,36334.94,3.84,14.2,0
TR-0015,2026-04-22,SKU-WHITE-001,SKU-IVORY-001,4L,4L,0.3,5,3,0.3,day,2,18.49,70442.45,1.9073,49433.95,1.04,13.05,0
TR-0017,2026-02-11,SKU-WHITE-001,SKU-IVORY-001,18L,1L,0.3,5,3,0.7,night,2,4.25,87466.98,1.109,33616.75,14.77,6.56,0
TR-0018,2026-01-15,SKU-WHITE-001,SKU-IVORY-001,1L,1L,0.9,2,3,0.3,day,3,5.52,36416.69,1.6197,40665.25,5.79,11.9,0
TR-0019,2025-12-18,SKU-WHITE-001,SKU-IVORY-001,1L,1L,0.3,5,0,1.0,day,3,5.49,77389.65,0.8563,12122.5,3.4,3.7,0
TR-0020,2026-01-06,SKU-WHITE-001,SKU-IVORY-001,1L,4L,0.3,4,7,0.3,night,1,10.51,78286.49,1.7439,57965.92,13.14,10.32,0
TR-0021,2025-11-26,SKU-WHITE-001,SKU-LGRAY-001,1L,1L,0.6,3,3,0.3,day,2,14.64,62065.47,2.0155,62157.68,0.49,11.59,0
TR-0022,2026-04-17,SKU-WHITE-001,SKU-LGRAY-001,4L,4L,0.9,4,0,0.3,night,4,11.63,36754.1,2.3415,49978.17,2.48,13.45,0
TR-0023,2025-12-23,SKU-WHITE-001,SKU-LGRAY-001,4L,18L,0.9,5,3,0.3,day,1,6.81,44132.36,2.4939,52991.13,18.8,19.49,0
TR-0024,2025-12-12,SKU-WHITE-001,SKU-LGRAY-001,4L,4L,0.6,2,0,0.3,day,4,10.38,51865.73,2.3358,45719.97,6.2,16.63,0
TR-0025,2025-11-11,SKU-WHITE-001,SKU-LGRAY-001,18L,1L,0.3,2,3,1.0,night,1,12.6,90812.26,0.7808,20462.57,16.87,8.66,0
TR-0027,2026-02-26,SKU-WHITE-001,SKU-LGRAY-001,1L,18L,0.3,3,0,1.0,day,3,5.73,86892.91,1.0984,20006.54,13.58,7.52,0
TR-0029,2025-11-30,SKU-WHITE-001,SKU-LGRAY-001,1L,4L,0.6,2,7,0.3,day,6,15.09,52124.58,2.1895,76938.73,13.48,18.97,0
TR-0030,2026-01-16,SKU-WHITE-001,SKU-LGRAY-001,4L,4L,0.6,5,3,1.0,day,4,7.35,46164.55,1.223,28729.74,6.19,7.91,0
TR-0031,2026-02-12,SKU-WHITE-001,SKU-GRAY-001,4L,1L,0.6,3,7,1.0,night,3,4.76,78637.86,1.6909,41114.85,17.9,5.53,0
TR-0032,2025-12-14,SKU-WHITE-001,SKU-GRAY-001,4L,1L,0.9,4,0,0.3,night,6,14.84,56985.04,3.7744,73689.88,11.15,21.51,0
TR-0033,2025-11-19,SKU-WHITE-001,SKU-GRAY-001,4L,18L,0.9,3,7,0.7,night,2,9.41,64391.34,2.3974,77187.86,15.12,12.36,0
TR-0034,2026-02-17,SKU-WHITE-001,SKU-GRAY-001,1L,18L,0.9,5,0,1.0,day,1,6.61,50383.79,1.6092,24339.43,12.49,7.1,0
TR-0035,2026-01-21,SKU-WHITE-001,SKU-GRAY-001,18L,18L,0.9,5,7,0.3,night,2,9.76,54510.1,3.5357,112399.87,5.4,18.63,0
TR-0036,2026-01-01,SKU-WHITE-001,SKU-GRAY-001,1L,1L,0.6,3,3,0.7,night,3,14.82,81178.12,2.6194,54275.86,5.8,14.44,0
TR-0037,2026-02-15,SKU-WHITE-001,SKU-GRAY-001,4L,4L,0.6,2,1,0.7,night,6,17.14,71296.72,1.8229,44655.81,5.19,11.35,0
TR-0040,2026-02-25,SKU-WHITE-001,SKU-GRAY-001,1L,4L,0.6,4,7,0.7,day,2,8.96,85263.44,2.6176,71430.11,15.12,14.04,0
TR-0041,2026-04-16,SKU-WHITE-001,SKU-BLUE-001,1L,1L,0.3,3,0,1.0,day,3,12.24,110629.88,2.0799,34449.34,3.5,8.74,0
TR-0042,2026-02-03,SKU-WHITE-001,SKU-BLUE-001,1L,4L,0.9,2,1,0.7,day,1,4.43,32467.93,2.4995,48976.86,11.62,18.06,0
TR-0043,2025-12-21,SKU-WHITE-001,SKU-BLUE-001,1L,4L,0.9,3,0,1.0,night,6,8.39,71846.76,2.194,23328.32,15.38,6.59,0
TR-0044,2026-02-18,SKU-WHITE-001,SKU-BLUE-001,4L,1L,0.9,4,0,0.7,night,2,16.52,45303.31,2.3759,58233.54,14.43,12.64,0
TR-0045,2026-03-14,SKU-WHITE-001,SKU-BLUE-001,18L,1L,0.9,5,7,0.7,night,5,9.51,61131.55,2.7031,81996.28,11.83,15.71,0
TR-0046,2026-03-26,SKU-WHITE-001,SKU-BLUE-001,4L,1L,0.3,5,3,0.3,night,3,34.26,101537.6,4.9212,106896.48,14.51,21.57,0
TR-0048,2026-04-27,SKU-WHITE-001,SKU-BLUE-001,1L,4L,0.6,5,3,0.7,night,0,13.78,80782.65,3.0036,66907.33,14.69,12.99,0
TR-0049,2026-03-18,SKU-WHITE-001,SKU-BLUE-001,18L,4L,0.3,3,7,0.7,night,2,26.63,108231.24,3.072,77469.21,13.99,17.67,0
TR-0052,2026-02-15,SKU-WHITE-001,SKU-RED-001,4L,4L,0.3,5,7,0.7,night,6,28.07,110739.93,3.4029,71306.19,2.47,13.31,0
TR-0053,2025-12-24,SKU-WHITE-001,SKU-RED-001,4L,1L,0.3,3,1,0.3,day,2,36.68,96248.82,4.4162,94553.56,16.61,24.54,0
TR-0054,2026-01-12,SKU-WHITE-001,SKU-RED-001,4L,4L,0.9,3,3,1.0,day,0,3.01,39309.17,1.1951,40538.07,5.36,8.12,0
TR-0055,2025-12-13,SKU-WHITE-001,SKU-RED-001,4L,4L,0.9,4,7,0.3,night,5,15.74,66090.9,4.6054,123228.69,4.18,24.23,0
TR-0056,2025-11-11,SKU-WHITE-001,SKU-RED-001,18L,4L,0.9,4,0,0.3,day,1,23.03,32317.4,4.3949,81346.46,17.99,24.19,0
TR-0057,2026-01-08,SKU-WHITE-001,SKU-RED-001,4L,4L,0.3,5,7,0.7,day,3,25.47,107884.7,2.2826,82889.32,2.99,15.78,0
TR-0058,2026-01-22,SKU-WHITE-001,SKU-RED-001,4L,18L,0.6,5,7,0.7,night,3,18.17,79230.71,3.083,77169.87,12.64,20.15,0
TR-0060,2025-12-04,SKU-WHITE-001,SKU-RED-001,18L,4L,0.9,5,0,0.3,day,3,16.84,57961.35,4.7564,79423.34,15.61,27.99,0
TR-0061,2025-11-30,SKU-WHITE-001,SKU-GREEN-001,4L,1L,0.3,5,3,1.0,night,6,9.03,101696.17,1.6576,38618.21,15.8,9.43,0
TR-0062,2026-04-03,SKU-WHITE-001,SKU-GREEN-001,4L,18L,0.3,4,7,0.7,night,4,22.05,107204.54,3.1805,74940.94,17.32,14.68,0
TR-0063,2025-12-09,SKU-WHITE-001,SKU-GREEN-001,4L,4L,0.6,5,7,0.7,day,1,17.95,60319.37,3.1962,78178.9,3.52,15.63,0
TR-0064,2026-03-02,SKU-WHITE-001,SKU-GREEN-001,4L,18L,0.6,3,7,0.3,day,0,20.74,83128.43,3.9539,123455.86,12.73,24.0,0
TR-0065,2026-02-25,SKU-WHITE-001,SKU-GREEN-001,1L,1L,0.9,3,0,0.7,night,2,8.07,45999.01,2.3261,56922.2,7.38,11.53,0
TR-0067,2026-02-22,SKU-WHITE-001,SKU-GREEN-001,1L,1L,0.3,2,3,0.3,night,6,30.99,110700.54,4.709,102329.73,4.48,21.95,0
TR-0069,2026-01-13,SKU-WHITE-001,SKU-GREEN-001,4L,1L,0.6,4,3,1.0,night,1,7.79,72916.59,2.691,30571.7,15.57,7.64,0
TR-0070,2026-02-06,SKU-WHITE-001,SKU-GREEN-001,4L,4L,0.9,4,0,1.0,night,4,5.41,50011.07,1.1441,35183.41,7.6,9.23,0
TR-0072,2026-04-10,SKU-WHITE-001,SKU-BROWN-001,4L,1L,0.6,2,3,1.0,day,4,12.2,77321.3,1.6536,43907.57,16.68,11.44,0
TR-0073,2026-02-02,SKU-WHITE-001,SKU-BROWN-001,4L,18L,0.3,4,7,0.7,night,0,24.65,130608.99,3.449,86430.94,15.46,19.77,0
TR-0075,2026-04-13,SKU-WHITE-001,SKU-BROWN-001,18L,1L,0.3,5,0,1.0,night,0,15.27,132427.88,2.0563,31804.39,16.43,8.69,0
TR-0076,2026-02-13,SKU-WHITE-001,SKU-BROWN-001,1L,1L,0.3,4,7,0.3,day,4,37.32,97306.23,5.246,150325.41,7.93,25.43,0
TR-0077,2026-03-19,SKU-WHITE-001,SKU-BROWN-001,4L,4L,0.3,5,0,0.7,night,3,25.77,116627.83,3.0246,57286.5,3.62,17.3,0
TR-0078,2026-02-01,SKU-WHITE-001,SKU-BROWN-001,1L,4L,0.9,4,0,0.7,night,6,12.33,64430.23,2.9503,61171.99,13.51,14.35,0
TR-0079,2026-04-02,SKU-WHITE-001,SKU-BROWN-001,18L,1L,0.6,3,1,1.0,day,3,14.72,78884.09,2.0417,39844.54,16.22,8.3,0
TR-0080,2025-12-08,SKU-WHITE-001,SKU-BROWN-001,4L,4L,0.6,3,1,1.0,night,0,10.51,91851.71,1.7213,33986.24,2.78,12.34,0
TR-0082,2026-04-07,SKU-WHITE-001,SKU-DGRAY-001,1L,4L,0.9,4,7,1.0,day,1,10.26,43475.35,2.2247,57041.31,10.62,10.27,0
TR-0083,2025-11-19,SKU-WHITE-001,SKU-DGRAY-001,18L,1L,0.3,2,1,0.7,night,2,21.81,120176.88,3.772,71116.98,11.79,19.01,0
TR-0084,2025-11-30,SKU-WHITE-001,SKU-DGRAY-001,18L,4L,0.9,3,7,0.7,day,6,7.57,42993.35,3.7183,100927.02,14.34,19.1,0
TR-0085,2026-01-05,SKU-WHITE-001,SKU-DGRAY-001,1L,1L,0.6,2,0,0.3,day,0,24.7,77157.64,5.5037,100228.99,9.66,29.34,0
TR-0086,2026-03-24,SKU-WHITE-001,SKU-DGRAY-001,1L,1L,0.6,5,0,0.7,night,1,16.24,94828.99,3.8567,66872.75,5.15,18.44,0
TR-0088,2026-01-26,SKU-WHITE-001,SKU-DGRAY-001,1L,1L,0.3,5,0,0.3,day,0,42.03,100533.59,5.6215,100151.59,5.95,28.94,0
TR-0089,2026-01-23,SKU-WHITE-001,SKU-DGRAY-001,4L,4L,0.3,2,1,0.3,day,4,37.84,101952.15,5.0957,101005.19,3.51,28.07,0
TR-0090,2026-03-12,SKU-WHITE-001,SKU-DGRAY-001,1L,4L,0.6,5,3,0.3,day,3,25.99,86868.1,5.4023,124167.88,15.26,28.55,0
TR-0091,2026-01-05,SKU-WHITE-001,SKU-BLACK-001,1L,1L,0.6,5,1,0.3,night,0,31.54,90348.77,6.2193,122816.89,3.78,33.5,0
TR-0092,2025-11-11,SKU-WHITE-001,SKU-BLACK-001,4L,4L,0.3,4,7,1.0,night,1,15.53,136470.89,2.3608,59863.65,3.37,14.81,0
TR-0093,2026-04-08,SKU-WHITE-001,SKU-BLACK-001,4L,4L,0.6,2,7,0.3,day,2,30.87,102440.94,6.6677,180452.85,4.96,30.48,0
TR-0094,2025-12-14,SKU-WHITE-001,SKU-BLACK-001,1L,4L,0.9,3,3,0.7,day,6,14.43,62334.2,4.4453,93075.29,15.19,17.39,0
TR-0096,2026-03-10,SKU-WHITE-001,SKU-BLACK-001,1L,4L,0.3,2,3,0.7,day,1,23.49,126659.58,4.2765,79414.78,13.03,22.05,0
TR-0097,2025-11-11,SKU-WHITE-001,SKU-BLACK-001,4L,18L,0.9,3,3,1.0,night,1,0.61,53717.65,2.4875,51475.95,17.97,6.75,0
TR-0098,2025-11-22,SKU-WHITE-001,SKU-BLACK-001,4L,1L,0.3,5,7,1.0,day,5,11.92,107105.93,2.6565,73333.94,14.72,11.01,0
TR-0099,2026-04-11,SKU-WHITE-001,SKU-BLACK-001,4L,1L,0.3,5,3,0.7,day,5,26.58,122280.25,4.2761,95996.5,18.03,19.68,0
TR-0101,2026-04-15,SKU-WHITE-001,SKU-METAL-001,4L,4L,0.3,4,3,0.3,day,2,34.17,116366.59,6.3545,108082.74,5.94,25.03,0
TR-0104,2025-12-20,SKU-WHITE-001,SKU-METAL-001,1L,18L,0.6,5,3,0.7,night,5,23.04,90392.17,3.0647,62293.9,15.0,17.91,0
TR-0105,2026-02-04,SKU-WHITE-001,SKU-METAL-001,4L,1L,0.9,2,3,0.3,day,2,17.55,56758.97,5.3172,111681.0,16.34,23.18,0
TR-0106,2026-02-24,SKU-WHITE-001,SKU-METAL-001,18L,18L,0.6,2,7,1.0,night,1,10.94,87658.0,1.8908,62247.95,8.47,6.99,0
TR-0107,2026-04-16,SKU-WHITE-001,SKU-METAL-001,1L,1L,0.3,4,7,1.0,day,3,13.63,90179.8,1.4076,40557.95,6.38,8.77,0
TR-0108,2025-12-09,SKU-WHITE-001,SKU-METAL-001,4L,4L,0.9,5,0,0.7,day,1,11.46,39147.87,3.4774,53284.0,4.07,15.31,0
TR-0109,2026-03-08,SKU-WHITE-001,SKU-METAL-001,4L,1L,0.9,3,1,0.7,night,6,14.56,54687.04,3.137,55989.85,13.8,12.93,0
TR-0110,2026-02-01,SKU-WHITE-001,SKU-METAL-001,1L,4L,0.9,2,7,0.7,day,6,6.2,51566.8,3.2743,70206.66,15.44,13.26,0
TR-0112,2026-04-11,SKU-WHITE-001,SKU-SPECIAL-001,1L,1L,0.9,5,0,0.7,day,5,12.43,65978.23,2.9817,47946.46,0.0,13.28,0
TR-0113,2026-03-20,SKU-WHITE-001,SKU-SPECIAL-001,4L,1L,0.9,3,3,0.7,day,4,12.29,53437.2,3.0026,54975.9,17.53,11.75,0
TR-0114,2026-02-07,SKU-WHITE-001,SKU-SPECIAL-001,1L,1L,0.9,5,3,1.0,night,5,7.53,64757.13,1.7939,25685.88,6.1,5.66,0
TR-0115,2026-01-22,SKU-WHITE-001,SKU-SPECIAL-001,1L,1L,0.6,4,7,1.0,night,3,10.63,70616.86,1.7576,46623.46,7.35,6.46,0
TR-0116,2026-02-20,SKU-WHITE-001,SKU-SPECIAL-001,1L,18L,0.3,2,7,0.7,day,4,22.59,85117.79,2.4728,72571.14,15.73,14.02,0
TR-0117,2026-04-15,SKU-WHITE-001,SKU-SPECIAL-001,1L,1L,0.9,2,1,1.0,night,2,8.75,56058.14,1.2095,27506.13,3.02,7.55,0
TR-0118,2026-04-16,SKU-WHITE-001,SKU-SPECIAL-001,1L,18L,0.3,3,7,1.0,night,3,13.29,112350.13,1.1376,40639.03,15.61,10.6,0
TR-0119,2026-04-27,SKU-WHITE-001,SKU-SPECIAL-001,18L,4L,0.3,3,0,0.7,day,0,23.62,106312.82,3.038,43813.92,15.99,12.41,0
TR-0121,2025-11-07,SKU-IVORY-001,SKU-WHITE-001,1L,4L,0.6,3,0,0.3,night,4,9.05,49805.24,1.8012,39943.22,12.8,13.51,0
TR-0122,2025-12-03,SKU-IVORY-001,SKU-WHITE-001,18L,4L,0.6,5,3,0.3,day,2,13.05,34296.73,1.7491,41036.16,16.18,9.99,0
TR-0123,2026-01-17,SKU-IVORY-001,SKU-WHITE-001,1L,1L,0.9,3,3,1.0,night,5,4.41,31949.13,0.3552,12743.36,6.2,5.6,0
TR-0126,2026-04-26,SKU-IVORY-001,SKU-WHITE-001,1L,4L,0.6,5,1,0.7,day,6,6.36,48825.46,0.5272,31544.22,16.05,7.54,0
TR-0127,2026-02-03,SKU-IVORY-001,SKU-WHITE-001,4L,1L,0.3,5,0,0.7,night,1,10.94,75310.89,1.406,24656.18,13.87,6.7,0
TR-0128,2025-12-11,SKU-IVORY-001,SKU-WHITE-001,18L,18L,0.9,4,1,0.3,night,3,11.94,45442.91,1.5176,37874.0,6.69,13.17,0
TR-0129,2026-02-26,SKU-IVORY-001,SKU-WHITE-001,18L,1L,0.6,2,0,0.7,night,3,3.47,54889.67,0.9025,16868.02,15.95,7.75,0
TR-0130,2025-12-05,SKU-IVORY-001,SKU-WHITE-001,18L,4L,0.6,4,0,0.7,day,4,6.41,47446.53,1.0815,20993.91,11.6,7.61,0
TR-0132,2026-02-11,SKU-IVORY-001,SKU-IVORY-001,4L,1L,0.3,4,7,1.0,night,2,8.56,80823.38,0.9345,20992.93,14.17,5.02,0
TR-0133,2026-04-07,SKU-IVORY-001,SKU-IVORY-001,4L,1L,0.6,5,3,0.7,day,1,3.26,55506.82,0.65,22868.32,15.93,2.52,0
TR-0134,2026-04-26,SKU-IVORY-001,SKU-IVORY-001,4L,4L,0.6,3,0,1.0,night,6,5.62,40545.64,0.0068,14181.29,6.81,5.62,0
TR-0135,2025-11-09,SKU-IVORY-001,SKU-IVORY-001,4L,4L,0.3,2,7,0.7,night,6,11.07,57316.2,0.9766,28075.41,8.57,3.65,0
TR-0136,2025-11-16,SKU-IVORY-001,SKU-IVORY-001,4L,4L,0.9,4,7,1.0,night,6,1.68,40735.51,0.2559,15319.5,2.9,5.93,0
TR-0137,2026-04-24,SKU-IVORY-001,SKU-IVORY-001,4L,4L,0.9,5,1,0.3,night,4,4.6,41127.33,1.0573,22486.24,4.67,10.12,0
TR-0138,2026-04-30,SKU-IVORY-001,SKU-IVORY-001,4L,4L,0.9,4,3,0.3,night,3,8.98,26745.93,1.5271,24229.04,5.36,9.27,0
TR-0140,2026-04-21,SKU-IVORY-001,SKU-IVORY-001,18L,1L,0.3,2,0,0.7,night,1,8.12,69106.1,0.6697,11746.44,10.63,4.17,0
TR-0141,2026-02-13,SKU-IVORY-001,SKU-LGRAY-001,4L,18L,0.6,5,1,0.7,night,4,7.96,59324.96,0.6869,25895.15,15.37,10.96,0
TR-0142,2025-11-10,SKU-IVORY-001,SKU-LGRAY-001,18L,1L,0.3,2,7,0.7,day,0,18.0,81833.72,0.8449,29981.91,17.59,7.85,0
TR-0143,2025-11-28,SKU-IVORY-001,SKU-LGRAY-001,18L,1L,0.6,5,1,1.0,night,4,3.9,51664.63,1.0651,22825.88,13.1,1.84,0
TR-0145,2026-01-22,SKU-IVORY-001,SKU-LGRAY-001,18L,1L,0.6,3,7,0.7,night,3,6.65,69580.32,1.1514,42531.46,14.75,7.03,0
TR-0146,2025-12-01,SKU-IVORY-001,SKU-LGRAY-001,4L,1L,0.9,4,0,1.0,night,0,1.69,47438.96,0.5494,15411.98,9.24,6.07,0
TR-0147,2026-02-04,SKU-IVORY-001,SKU-LGRAY-001,4L,4L,0.6,3,1,1.0,day,2,1.05,38862.37,1.1512,12846.04,7.86,6.84,0
TR-0149,2026-02-15,SKU-IVORY-001,SKU-LGRAY-001,4L,1L,0.6,4,0,0.7,night,6,10.2,55813.28,1.0768,14835.52,14.59,8.3,0
TR-0150,2025-11-16,SKU-IVORY-001,SKU-LGRAY-001,18L,1L,0.6,2,3,0.7,day,6,8.8,61820.69,1.0613,19316.78,9.48,10.72,0
TR-0151,2026-02-06,SKU-IVORY-001,SKU-GRAY-001,4L,18L,0.6,5,0,1.0,day,4,5.26,65514.62,1.4555,17000.88,11.83,5.82,0
TR-0152,2025-12-28,SKU-IVORY-001,SKU-GRAY-001,18L,4L,0.6,5,7,1.0,night,6,7.85,66730.13,1.3183,29070.79,17.97,5.17,0
TR-0153,2025-11-29,SKU-IVORY-001,SKU-GRAY-001,1L,4L,0.9,2,1,0.3,day,5,13.17,30609.95,2.8104,62550.04,18.13,18.59,0
TR-0155,2026-03-14,SKU-IVORY-001,SKU-GRAY-001,1L,1L,0.3,3,7,1.0,night,5,11.76,88971.06,0.8897,33782.02,1.95,5.93,0
TR-0156,2026-02-13,SKU-IVORY-001,SKU-GRAY-001,1L,1L,0.9,5,1,0.3,night,4,13.59,44237.8,3.1038,59597.56,3.23,18.68,0
TR-0157,2026-03-16,SKU-IVORY-001,SKU-GRAY-001,1L,1L,0.3,4,0,0.7,night,0,19.99,96150.81,2.1808,40806.89,3.75,8.79,0
TR-0158,2025-11-19,SKU-IVORY-001,SKU-GRAY-001,1L,4L,0.9,3,7,0.3,night,2,10.39,48154.43,3.2692,99573.58,14.82,14.29,0
TR-0160,2026-03-08,SKU-IVORY-001,SKU-GRAY-001,4L,18L,0.9,5,3,0.3,night,6,12.19,55562.41,2.7081,72339.61,17.53,17.86,0
TR-0161,2026-03-30,SKU-IVORY-001,SKU-BLUE-001,4L,4L,0.3,3,3,0.3,night,0,27.0,83906.35,3.515,80245.68,3.22,22.69,0
TR-0162,2026-03-06,SKU-IVORY-001,SKU-BLUE-001,18L,4L,0.6,5,1,1.0,night,4,10.25,58793.57,1.4091,32896.43,12.23,6.45,0
TR-0163,2025-11-16,SKU-IVORY-001,SKU-BLUE-001,4L,18L,0.3,2,0,0.7,day,6,19.68,88511.74,2.3408,38968.36,13.07,12.53,0
TR-0164,2026-04-08,SKU-IVORY-001,SKU-BLUE-001,4L,18L,0.6,5,0,0.3,night,2,25.45,73178.41,4.5564,66456.71,18.64,20.19,0
TR-0165,2026-04-22,SKU-IVORY-001,SKU-BLUE-001,4L,18L,0.3,2,0,1.0,day,2,10.8,88686.29,1.6406,30942.25,15.23,6.42,0
TR-0166,2026-02-12,SKU-IVORY-001,SKU-BLUE-001,4L,1L,0.9,3,3,1.0,day,3,1.91,44613.37,1.2273,21630.35,13.16,8.95,0
TR-0167,2025-11-15,SKU-IVORY-001,SKU-BLUE-001,4L,4L,0.3,5,7,1.0,night,5,5.13,110217.16,1.5674,33468.08,6.33,7.56,0
TR-0169,2026-02-10,SKU-IVORY-001,SKU-BLUE-001,18L,1L,0.9,3,7,1.0,night,1,1.61,54139.09,0.9161,42909.83,17.91,8.77,0
TR-0171,2025-12-18,SKU-IVORY-001,SKU-RED-001,4L,4L,0.3,4,1,1.0,day,3,12.79,89695.49,1.067,29074.52,4.89,5.86,0
TR-0172,2025-11-28,SKU-IVORY-001,SKU-RED-001,1L,18L,0.6,4,3,0.3,day,4,25.98,60319.15,3.944,90064.49,15.69,21.42,0
TR-0173,2026-03-22,SKU-IVORY-001,SKU-RED-001,1L,4L,0.6,5,0,0.7,night,6,13.84,93816.86,2.211,46163.17,17.58,12.94,0
TR-0174,2025-12-14,SKU-IVORY-001,SKU-RED-001,4L,1L,0.6,4,3,0.7,day,6,17.76,61202.29,2.7542,57619.37,16.35,14.01,0
TR-0177,2026-03-28,SKU-IVORY-001,SKU-RED-001,4L,1L,0.6,5,3,0.3,day,5,20.11,65093.54,3.7252,83856.98,17.13,20.25,0
TR-0178,2025-12-24,SKU-IVORY-001,SKU-RED-001,4L,1L,0.9,2,7,1.0,night,2,7.27,53052.01,1.6536,43194.32,13.28,8.5,0
TR-0179,2026-02-23,SKU-IVORY-001,SKU-RED-001,18L,4L,0.6,5,0,0.7,day,0,16.56,66835.57,2.4344,47196.05,13.04,11.63,0
TR-0180,2026-04-15,SKU-IVORY-001,SKU-RED-001,4L,1L,0.6,5,0,0.3,day,2,23.07,58828.41,4.0234,76369.0,13.07,19.91,0
TR-0182,2026-01-19,SKU-IVORY-001,SKU-GREEN-001,1L,4L,0.9,5,3,0.7,day,0,4.95,41563.55,2.6101,55006.01,15.37,11.68,0
TR-0183,2026-01-27,SKU-IVORY-001,SKU-GREEN-001,4L,4L,0.3,3,1,1.0,day,1,9.02,74901.47,1.4867,30523.55,4.12,6.26,0
TR-0185,2025-11-27,SKU-IVORY-001,SKU-GREEN-001,4L,4L,0.6,4,1,0.7,day,3,13.4,55351.06,2.3058,55292.75,2.75,11.03,0
TR-0186,2026-03-31,SKU-IVORY-001,SKU-GREEN-001,1L,1L,0.6,3,3,1.0,day,1,6.7,66886.23,1.5092,25934.64,4.23,7.99,0
TR-0187,2026-02-08,SKU-IVORY-001,SKU-GREEN-001,4L,1L,0.6,5,1,0.7,day,6,10.59,71022.22,2.5812,43398.55,14.37,12.8,0
TR-0188,2026-01-31,SKU-IVORY-001,SKU-GREEN-001,18L,4L,0.3,5,7,0.7,night,5,13.53,98804.98,2.3888,70359.13,18.32,13.25,0
TR-0189,2026-01-14,SKU-IVORY-001,SKU-GREEN-001,1L,1L,0.6,3,7,1.0,night,2,6.52,87002.07,1.7008,36686.61,5.85,5.49,0
TR-0190,2025-11-11,SKU-IVORY-001,SKU-GREEN-001,4L,4L,0.3,5,0,1.0,day,1,7.18,81759.6,1.4463,42231.36,5.88,5.24,0
TR-0192,2025-12-14,SKU-IVORY-001,SKU-BROWN-001,1L,4L,0.6,4,0,0.3,night,6,32.94,85596.04,4.2841,71560.49,16.01,21.97,0
TR-0193,2026-01-22,SKU-IVORY-001,SKU-BROWN-001,18L,4L,0.9,5,7,0.3,night,3,14.48,67861.25,4.6439,120063.09,15.24,21.08,0
TR-0194,2026-01-11,SKU-IVORY-001,SKU-BROWN-001,4L,18L,0.6,5,3,1.0,day,6,12.95,89846.54,2.0435,28602.01,12.95,6.08,0
TR-0195,2025-11-17,SKU-IVORY-001,SKU-BROWN-001,4L,1L,0.6,3,7,0.7,night,0,17.04,73676.39,2.6177,74623.56,13.17,14.87,0
TR-0197,2026-04-16,SKU-IVORY-001,SKU-BROWN-001,1L,18L,0.6,2,3,0.7,day,3,11.25,76068.77,3.06,70296.91,13.94,17.61,0
TR-0198,2025-12-30,SKU-IVORY-001,SKU-BROWN-001,4L,1L,0.3,2,1,0.7,day,1,22.44,95534.59,2.7629,57083.43,13.76,11.23,0
TR-0199,2026-02-17,SKU-IVORY-001,SKU-BROWN-001,4L,4L,0.3,5,0,1.0,day,1,14.29,93606.67,1.8807,31690.63,6.58,4.64,0
TR-0200,2026-04-14,SKU-IVORY-001,SKU-BROWN-001,18L,1L,0.9,2,1,0.7,night,1,9.77,59986.0,3.0516,47504.89,13.46,11.05,0
TR-0201,2025-11-23,SKU-IVORY-001,SKU-DGRAY-001,18L,1L,0.3,5,3,0.7,night,6,22.84,110825.19,2.8313,62319.81,12.43,13.5,0
TR-0204,2025-11-19,SKU-IVORY-001,SKU-DGRAY-001,1L,1L,0.6,3,0,0.3,night,2,22.02,77615.37,4.728,83307.8,4.75,23.41,0
TR-0205,2026-03-18,SKU-IVORY-001,SKU-DGRAY-001,4L,1L,0.3,4,0,1.0,day,2,14.44,94669.77,2.0732,29933.07,15.24,5.91,0
TR-0206,2026-04-14,SKU-IVORY-001,SKU-DGRAY-001,1L,4L,0.9,3,0,0.3,day,1,18.82,47751.04,4.6645,82467.67,13.53,21.67,0
TR-0207,2025-12-15,SKU-IVORY-001,SKU-DGRAY-001,1L,4L,0.9,2,1,0.7,night,0,5.94,56386.76,2.8317,56197.04,17.44,17.89,0
TR-0208,2026-01-08,SKU-IVORY-001,SKU-DGRAY-001,4L,1L,0.3,4,7,0.7,day,3,21.6,93082.78,2.7577,96531.8,14.33,15.35,0
TR-0209,2026-03-26,SKU-IVORY-001,SKU-DGRAY-001,1L,1L,0.3,2,1,1.0,day,3,18.47,99909.36,2.0587,35555.09,4.15,9.57,0
TR-0210,2025-11-10,SKU-IVORY-001,SKU-DGRAY-001,4L,18L,0.9,5,1,0.7,day,0,6.99,49370.97,3.1297,61464.4,13.35,17.09,0
TR-0211,2025-11-14,SKU-IVORY-001,SKU-BLACK-001,1L,18L,0.3,5,0,0.7,night,4,26.42,134527.43,3.8112,60133.83,13.87,19.42,0
TR-0212,2026-01-17,SKU-IVORY-001,SKU-BLACK-001,4L,1L,0.6,5,1,1.0,day,5,15.23,92678.78,2.1361,49157.89,12.98,8.08,0
TR-0215,2026-04-19,SKU-IVORY-001,SKU-BLACK-001,18L,1L,0.6,4,7,1.0,night,6,10.17,100022.77,2.1713,61032.97,15.5,7.8,0
TR-0216,2025-12-10,SKU-IVORY-001,SKU-BLACK-001,1L,4L,0.6,5,0,1.0,night,2,13.16,92971.18,2.2998,36048.22,15.85,11.2,0
TR-0217,2026-04-25,SKU-IVORY-001,SKU-BLACK-001,1L,4L,0.9,2,1,0.7,day,5,14.92,49278.97,3.9235,71600.05,14.31,16.81,0
TR-0218,2025-12-15,SKU-IVORY-001,SKU-BLACK-001,1L,4L,0.6,3,0,0.7,day,0,20.08,97827.04,3.6824,61811.91,16.05,18.08,0
TR-0219,2026-02-11,SKU-IVORY-001,SKU-BLACK-001,1L,4L,0.9,2,3,0.3,day,2,22.45,46345.32,5.2864,125428.81,18.25,30.72,0
TR-0220,2026-01-24,SKU-IVORY-001,SKU-BLACK-001,1L,18L,0.3,3,7,1.0,night,5,11.93,120262.01,2.2047,57527.53,16.34,9.53,0
TR-0221,2026-02-23,SKU-IVORY-001,SKU-METAL-001,18L,1L,0.9,3,3,0.7,night,0,13.04,61897.82,2.9544,56924.55,12.49,15.74,0
TR-0222,2026-03-15,SKU-IVORY-001,SKU-METAL-001,1L,18L,0.9,2,7,1.0,night,6,0.81,49444.79,1.9218,44790.02,14.31,9.63,0
TR-0223,2025-11-07,SKU-IVORY-001,SKU-METAL-001,1L,1L,0.6,2,7,1.0,night,4,10.25,86425.95,1.5776,23993.63,4.13,6.89,0
TR-0224,2025-11-15,SKU-IVORY-001,SKU-METAL-001,4L,18L,0.9,5,3,0.3,day,5,16.72,47436.85,4.118,99838.93,12.38,20.85,0
TR-0227,2025-11-19,SKU-IVORY-001,SKU-METAL-001,1L,18L,0.6,2,3,0.7,night,2,16.9,96243.49,2.6316,62973.39,17.81,13.64,0
TR-0228,2025-12-15,SKU-IVORY-001,SKU-METAL-001,4L,4L,0.9,4,1,1.0,day,0,2.48,46618.39,1.7804,35870.15,8.11,8.24,0
TR-0229,2026-03-27,SKU-IVORY-001,SKU-METAL-001,1L,18L,0.9,2,1,1.0,night,4,12.91,57078.55,1.9809,24008.33,16.02,7.77,0
TR-0230,2025-11-20,SKU-IVORY-001,SKU-METAL-001,1L,18L,0.3,2,3,0.7,day,3,20.78,101610.95,2.8955,64531.31,15.08,14.41,0
TR-0231,2026-02-07,SKU-IVORY-001,SKU-SPECIAL-001,4L,4L,0.3,5,7,0.7,night,5,17.15,86270.65,2.457,68354.97,3.22,10.68,0
TR-0233,2025-11-24,SKU-IVORY-001,SKU-SPECIAL-001,1L,18L,0.6,2,7,1.0,day,0,5.42,73371.92,1.4488,36105.11,17.03,7.19,0
TR-0234,2026-03-22,SKU-IVORY-001,SKU-SPECIAL-001,4L,4L,0.6,4,3,0.3,day,6,25.5,69071.94,3.5936,88202.89,3.64,22.3,0
TR-0235,2026-01-15,SKU-IVORY-001,SKU-SPECIAL-001,18L,4L,0.6,3,0,0.3,day,3,22.97,80016.92,4.0246,73170.23,14.28,22.56,0
TR-0236,2026-03-06,SKU-IVORY-001,SKU-SPECIAL-001,18L,1L,0.9,5,1,0.7,night,4,7.02,50313.3,2.7144,51753.09,15.24,14.72,0
TR-0237,2025-11-16,SKU-IVORY-001,SKU-SPECIAL-001,1L,4L,0.3,2,3,1.0,night,6,14.5,87645.06,1.1699,30125.63,15.87,5.63,0
TR-0239,2026-04-08,SKU-IVORY-001,SKU-SPECIAL-001,1L,18L,0.6,3,1,0.3,day,2,23.99,75130.65,3.7164,78819.14,17.81,20.63,0
TR-0240,2026-04-02,SKU-IVORY-001,SKU-SPECIAL-001,1L,18L,0.3,2,7,1.0,night,3,4.96,84400.61,1.2774,36270.83,18.1,7.76,0
TR-0241,2026-03-31,SKU-LGRAY-001,SKU-WHITE-001,4L,4L,0.6,3,1,1.0,day,1,9.2,61089.35,1.026,16085.9,3.21,5.19,0
TR-0242,2026-02-14,SKU-LGRAY-001,SKU-WHITE-001,1L,4L,0.9,5,0,0.3,night,5,7.15,39364.95,2.1442,52373.0,11.74,17.9,0
TR-0243,2026-04-26,SKU-LGRAY-001,SKU-WHITE-001,1L,4L,0.6,4,0,0.7,night,6,7.92,71815.07,1.1855,39722.31,16.42,9.55,0
TR-0244,2026-01-16,SKU-LGRAY-001,SKU-WHITE-001,18L,4L,0.6,4,7,1.0,day,4,6.55,61693.45,0.4392,30643.19,15.24,1.59,0
TR-0246,2026-02-01,SKU-LGRAY-001,SKU-WHITE-001,4L,1L,0.6,5,0,1.0,day,6,5.94,36615.72,1.1334,23384.67,12.5,6.0,0
TR-0247,2026-01-28,SKU-LGRAY-001,SKU-WHITE-001,1L,18L,0.9,2,3,0.3,night,2,16.16,43815.35,2.2153,63025.59,15.26,16.81,0
TR-0248,2025-12-23,SKU-LGRAY-001,SKU-WHITE-001,1L,4L,0.3,2,7,0.3,day,1,20.81,74182.71,2.9625,75117.04,13.22,20.31,0
TR-0249,2026-04-14,SKU-LGRAY-001,SKU-WHITE-001,1L,18L,0.6,5,3,0.3,night,1,14.67,56607.46,2.1413,65756.87,22.72,15.76,0
TR-0251,2026-04-16,SKU-LGRAY-001,SKU-IVORY-001,1L,1L,0.3,2,7,1.0,night,3,4.22,61787.77,0.0,12720.21,4.88,6.48,0
TR-0252,2026-02-08,SKU-LGRAY-001,SKU-IVORY-001,4L,4L,0.9,3,3,1.0,day,6,1.45,14806.1,0.7483,9304.41,3.94,5.71,0
TR-0253,2025-12-14,SKU-LGRAY-001,SKU-IVORY-001,18L,18L,0.3,4,0,0.7,day,6,10.65,50737.47,0.8799,14376.71,9.05,6.3,0
TR-0254,2026-04-17,SKU-LGRAY-001,SKU-IVORY-001,1L,1L,0.9,4,7,0.7,night,4,5.29,43998.43,0.8478,39107.42,6.77,5.73,0
TR-0256,2026-02-26,SKU-LGRAY-001,SKU-IVORY-001,1L,18L,0.3,2,7,0.7,day,3,10.52,61963.14,1.181,36537.24,15.39,5.11,0
TR-0257,2025-12-11,SKU-LGRAY-001,SKU-IVORY-001,4L,4L,0.3,3,7,1.0,night,3,0.0,75631.4,0.6957,27363.27,5.6,6.24,0
TR-0258,2025-11-04,SKU-LGRAY-001,SKU-IVORY-001,18L,4L,0.9,3,0,1.0,day,1,1.53,31046.05,0.3815,10097.32,16.36,5.83,0
TR-0259,2026-03-31,SKU-LGRAY-001,SKU-IVORY-001,1L,1L,0.3,4,3,0.7,night,1,6.74,95068.62,1.8651,30860.23,1.68,7.91,0
TR-0262,2026-03-02,SKU-LGRAY-001,SKU-LGRAY-001,4L,1L,0.9,2,3,0.7,day,0,2.96,26576.98,0.5996,13978.13,15.46,4.78,0
TR-0263,2026-04-08,SKU-LGRAY-001,SKU-LGRAY-001,1L,1L,0.3,5,1,1.0,day,2,5.79,67423.44,0.3525,0.0,4.0,3.84,0
TR-0264,2026-03-21,SKU-LGRAY-001,SKU-LGRAY-001,4L,1L,0.6,4,1,0.3,day,5,6.81,51070.81,0.7163,14159.59,15.51,9.5,0
TR-0265,2026-03-11,SKU-LGRAY-001,SKU-LGRAY-001,1L,4L,0.6,3,7,0.7,night,2,4.96,52784.17,0.7758,22350.34,14.09,9.08,0
TR-0267,2026-01-27,SKU-LGRAY-001,SKU-LGRAY-001,1L,4L,0.6,4,7,1.0,night,1,4.94,52888.37,0.2594,5598.92,14.77,2.54,0
TR-0268,2025-12-11,SKU-LGRAY-001,SKU-LGRAY-001,1L,18L,0.6,5,1,1.0,night,3,4.35,62453.94,0.0,1880.87,14.4,0.0,0
TR-0269,2026-03-04,SKU-LGRAY-001,SKU-LGRAY-001,18L,1L,0.6,5,0,0.3,night,2,9.63,58355.63,0.8306,21347.85,14.87,5.59,0
TR-0270,2025-12-28,SKU-LGRAY-001,SKU-LGRAY-001,18L,4L,0.6,2,7,1.0,day,6,0.0,42137.88,0.2679,13316.31,16.95,0.0,0
TR-0271,2026-04-06,SKU-LGRAY-001,SKU-GRAY-001,1L,4L,0.3,5,7,0.3,day,0,21.14,71256.48,2.6316,64243.62,12.47,14.19,0
TR-0272,2026-02-05,SKU-LGRAY-001,SKU-GRAY-001,4L,1L,0.6,5,7,0.3,night,3,14.41,52526.12,2.4272,69460.65,16.65,15.54,0
TR-0274,2026-04-08,SKU-LGRAY-001,SKU-GRAY-001,4L,4L,0.6,5,0,0.3,day,2,18.65,46219.27,2.0193,44064.65,3.15,13.73,0
TR-0275,2025-11-28,SKU-LGRAY-001,SKU-GRAY-001,1L,1L,0.3,5,0,0.7,day,4,16.09,67486.01,1.7467,38660.62,5.62,5.98,0
TR-0276,2025-11-28,SKU-LGRAY-001,SKU-GRAY-001,4L,1L,0.9,2,7,0.7,day,4,6.99,36321.44,1.1606,43575.03,12.58,10.19,0
TR-0277,2026-03-11,SKU-LGRAY-001,SKU-GRAY-001,4L,18L,0.9,3,1,0.3,night,2,8.31,35573.76,2.9774,41814.49,12.61,15.64,0
TR-0278,2026-04-27,SKU-LGRAY-001,SKU-GRAY-001,4L,1L,0.6,4,7,0.3,day,0,11.87,55733.36,2.1672,72683.82,13.81,10.51,0
TR-0280,2025-11-30,SKU-LGRAY-001,SKU-GRAY-001,4L,4L,0.9,5,3,0.7,day,6,6.05,44484.48,1.8937,34558.98,6.03,12.27,0
TR-0281,2025-12-12,SKU-LGRAY-001,SKU-BLUE-001,18L,4L,0.3,2,3,0.3,day,4,23.0,72651.99,2.78,69730.11,13.68,15.96,0
TR-0282,2026-04-15,SKU-LGRAY-001,SKU-BLUE-001,4L,1L,0.9,4,0,0.7,night,2,3.4,38681.44,1.2442,38008.92,18.11,11.59,0
TR-0283,2025-12-22,SKU-LGRAY-001,SKU-BLUE-001,4L,4L,0.6,3,3,1.0,day,0,8.11,59829.86,1.3003,11073.82,4.47,4.83,0
TR-0284,2025-12-15,SKU-LGRAY-001,SKU-BLUE-001,4L,1L,0.3,5,3,1.0,night,0,11.84,93614.15,1.3886,28637.18,14.71,4.88,0
TR-0285,2025-12-10,SKU-LGRAY-001,SKU-BLUE-001,18L,4L,0.9,4,7,1.0,night,2,8.78,27106.98,1.0004,33418.8,11.52,5.55,0
TR-0287,2026-04-16,SKU-LGRAY-001,SKU-BLUE-001,1L,4L,0.6,3,1,0.3,night,3,14.88,75042.52,3.231,63072.56,14.93,16.06,0
TR-0288,2026-03-13,SKU-LGRAY-001,SKU-BLUE-001,18L,1L,0.9,5,7,0.3,night,4,14.11,27527.35,3.0163,80417.63,17.48,20.84,0
TR-0289,2026-03-18,SKU-LGRAY-001,SKU-BLUE-001,4L,4L,0.3,3,7,0.3,day,2,20.54,95268.12,3.0029,80537.76,2.13,12.73,0
TR-0291,2026-02-24,SKU-LGRAY-001,SKU-RED-001,4L,4L,0.3,5,0,1.0,day,1,7.21,85597.6,0.8421,15413.37,4.76,5.66,0
TR-0293,2026-03-20,SKU-LGRAY-001,SKU-RED-001,1L,4L,0.6,4,0,1.0,day,4,7.6,55745.54,1.0275,21151.1,16.61,5.84,0
TR-0294,2026-01-28,SKU-LGRAY-001,SKU-RED-001,1L,18L,0.9,3,1,0.3,day,2,11.83,51566.37,3.705,59218.24,14.39,17.33,0
TR-0295,2026-03-21,SKU-LGRAY-001,SKU-RED-001,4L,4L,0.6,2,3,0.3,day,5,19.77,61861.44,3.5473,65217.21,4.49,16.84,0
TR-0296,2026-04-08,SKU-LGRAY-001,SKU-RED-001,1L,1L,0.6,5,3,1.0,night,2,6.78,60221.2,1.0178,23096.3,6.17,6.09,0
TR-0297,2026-01-20,SKU-LGRAY-001,SKU-RED-001,1L,1L,0.9,5,3,0.7,day,1,7.46,33982.76,2.2109,41080.34,5.36,8.92,0
TR-0298,2025-11-28,SKU-LGRAY-001,SKU-RED-001,1L,4L,0.6,3,1,0.7,day,4,12.02,70521.82,1.8263,28866.66,16.01,8.77,0
TR-0299,2026-04-01,SKU-LGRAY-001,SKU-RED-001,1L,1L,0.6,5,1,0.7,night,2,13.78,72787.07,1.9226,47790.88,2.67,11.73,0
TR-0301,2026-01-31,SKU-LGRAY-001,SKU-GREEN-001,1L,4L,0.3,2,3,0.7,day,5,17.93,87936.85,1.8044,42568.4,12.84,10.92,0
TR-0302,2025-11-12,SKU-LGRAY-001,SKU-GREEN-001,1L,4L,0.3,4,3,1.0,day,2,7.03,67028.14,0.7843,27220.22,16.34,6.72,0
TR-0303,2025-12-28,SKU-LGRAY-001,SKU-GREEN-001,4L,1L,0.6,5,7,1.0,day,6,5.2,62820.68,1.2237,29920.43,14.14,4.92,0
TR-0304,2025-12-18,SKU-LGRAY-001,SKU-GREEN-001,1L,4L,0.3,3,7,0.7,day,3,12.56,82759.49,2.1325,53077.42,15.21,10.13,0
TR-0305,2025-11-12,SKU-LGRAY-001,SKU-GREEN-001,1L,4L,0.3,2,1,0.3,day,2,24.98,92049.97,2.9747,60170.13,14.64,16.35,0
TR-0306,2026-04-19,SKU-LGRAY-001,SKU-GREEN-001,18L,18L,0.3,5,7,0.7,day,6,16.55,88201.48,2.2698,57463.65,5.31,7.72,0
TR-0308,2025-12-09,SKU-LGRAY-001,SKU-GREEN-001,4L,1L,0.9,2,0,0.3,night,1,9.05,46539.81,3.0764,43723.26,17.79,15.35,0
TR-0310,2026-01-05,SKU-LGRAY-001,SKU-GREEN-001,4L,1L,0.3,4,7,0.7,day,0,20.91,91317.94,1.9763,52699.45,13.08,10.26,0
TR-0311,2025-12-23,SKU-LGRAY-001,SKU-BROWN-001,4L,1L,0.6,2,1,0.7,night,1,13.6,66479.63,2.2169,51541.54,17.01,12.5,0
TR-0312,2025-12-23,SKU-LGRAY-001,SKU-BROWN-001,4L,4L,0.6,3,3,1.0,night,1,7.86,69600.81,1.749,34037.96,4.65,3.29,0
TR-0313,2026-04-18,SKU-LGRAY-001,SKU-BROWN-001,1L,1L,0.9,3,0,0.3,night,5,15.73,41895.13,3.4407,57247.31,6.88,20.44,0
TR-0315,2026-04-17,SKU-LGRAY-001,SKU-BROWN-001,4L,4L,0.9,2,1,1.0,night,4,3.41,43085.06,0.9085,27175.62,4.88,7.71,0
TR-0317,2026-02-12,SKU-LGRAY-001,SKU-BROWN-001,4L,4L,0.9,2,0,1.0,night,3,4.71,44648.92,1.222,17672.69,5.57,5.89,0
TR-0318,2025-12-20,SKU-LGRAY-001,SKU-BROWN-001,4L,4L,0.3,4,1,0.7,day,5,15.17,86662.22,2.5064,43230.3,3.46,12.47,0
TR-0319,2026-03-18,SKU-LGRAY-001,SKU-BROWN-001,18L,4L,0.9,5,7,1.0,night,2,5.91,59663.99,1.2798,29089.96,12.42,7.85,0
TR-0320,2025-11-08,SKU-LGRAY-001,SKU-BROWN-001,4L,1L,0.6,3,1,0.7,night,5,17.34,91676.7,2.4146,43694.48,15.01,13.48,0
TR-0321,2026-04-22,SKU-LGRAY-001,SKU-DGRAY-001,4L,1L,0.9,3,7,0.7,night,2,10.64,58559.89,3.0431,76290.39,16.18,12.75,0
TR-0322,2025-12-22,SKU-LGRAY-001,SKU-DGRAY-001,1L,1L,0.6,3,1,0.3,day,0,24.72,70031.06,3.9209,72014.47,9.4,23.26,0
TR-0323,2026-03-07,SKU-LGRAY-001,SKU-DGRAY-001,4L,4L,0.9,2,7,0.7,night,5,1.16,65992.59,2.2255,70587.15,0.0,13.63,0
TR-0324,2026-03-11,SKU-LGRAY-001,SKU-DGRAY-001,1L,1L,0.9,3,0,1.0,night,2,1.93,45127.7,1.4753,26447.08,4.52,6.46,0
TR-0326,2026-01-08,SKU-LGRAY-001,SKU-DGRAY-001,4L,4L,0.6,3,7,0.7,day,3,10.43,63944.39,2.8176,73953.25,2.52,14.09,0
TR-0328,2026-02-16,SKU-LGRAY-001,SKU-DGRAY-001,4L,18L,0.9,4,7,0.7,night,0,6.28,43289.93,2.8638,67423.08,18.41,14.65,0
TR-0329,2026-03-02,SKU-LGRAY-001,SKU-DGRAY-001,18L,1L,0.9,4,3,0.7,night,0,3.41,53052.41,2.65,51262.22,17.91,16.07,0
TR-0330,2026-04-05,SKU-LGRAY-001,SKU-DGRAY-001,1L,4L,0.9,3,3,0.7,night,6,8.26,51709.78,1.9624,50431.06,13.79,14.42,0
TR-0331,2026-04-11,SKU-LGRAY-001,SKU-BLACK-001,18L,18L,0.9,4,7,1.0,night,5,7.39,62364.16,2.0238,48355.87,4.32,10.72,0
TR-0332,2026-01-08,SKU-LGRAY-001,SKU-BLACK-001,4L,1L,0.6,4,7,0.7,day,3,17.9,75759.66,2.7824,88349.08,17.89,14.96,0
TR-0333,2025-11-21,SKU-LGRAY-001,SKU-BLACK-001,1L,1L,0.3,2,7,1.0,day,4,16.42,103513.83,1.7155,50749.31,4.91,10.36,0
TR-0334,2026-04-17,SKU-LGRAY-001,SKU-BLACK-001,18L,1L,0.3,3,3,0.7,day,4,27.41,114818.32,3.2991,76452.56,16.13,14.74,0
TR-0335,2026-03-02,SKU-LGRAY-001,SKU-BLACK-001,4L,18L,0.6,5,1,1.0,day,0,7.29,77287.94,1.2255,31576.97,12.38,10.34,0
TR-0336,2026-03-17,SKU-LGRAY-001,SKU-BLACK-001,1L,1L,0.9,3,0,0.7,night,1,10.21,59304.09,3.2238,58896.59,6.55,12.54,0
TR-0338,2026-03-24,SKU-LGRAY-001,SKU-BLACK-001,4L,1L,0.9,5,7,0.3,night,1,22.17,45066.02,5.0039,140624.66,12.67,23.29,0
TR-0340,2026-01-22,SKU-LGRAY-001,SKU-BLACK-001,1L,1L,0.9,2,1,0.3,night,3,17.91,58505.11,4.8438,102906.93,6.36,27.19,0
TR-0342,2026-03-01,SKU-LGRAY-001,SKU-METAL-001,1L,18L,0.6,5,0,0.3,day,6,15.68,67060.41,4.7082,81592.86,16.02,24.55,0
TR-0343,2025-11-25,SKU-LGRAY-001,SKU-METAL-001,4L,18L,0.6,5,3,0.7,day,1,13.25,75564.8,2.2406,56223.15,14.94,16.5,0
TR-0344,2025-12-21,SKU-LGRAY-001,SKU-METAL-001,1L,1L,0.9,3,0,0.3,night,6,13.7,50400.64,3.8894,75300.53,5.07,21.19,0
TR-0345,2025-11-11,SKU-LGRAY-001,SKU-METAL-001,4L,4L,0.9,3,3,0.3,day,1,15.24,30812.76,3.2696,91855.25,7.8,21.4,0
TR-0346,2025-11-16,SKU-LGRAY-001,SKU-METAL-001,1L,1L,0.9,2,1,0.7,day,6,7.68,39857.6,2.1614,55734.5,7.53,11.61,0
TR-0347,2025-11-06,SKU-LGRAY-001,SKU-METAL-001,4L,1L,0.3,4,0,0.7,night,3,14.98,91793.54,2.4041,43933.07,13.3,13.17,0
TR-0349,2025-12-18,SKU-LGRAY-001,SKU-METAL-001,18L,4L,0.6,3,3,1.0,day,3,5.89,59187.36,1.5974,27518.74,12.47,7.84,0
TR-0350,2026-04-06,SKU-LGRAY-001,SKU-METAL-001,1L,4L,0.6,2,0,1.0,day,0,14.72,67474.23,1.4281,29600.68,16.02,8.61,0
TR-0351,2025-11-09,SKU-LGRAY-001,SKU-SPECIAL-001,4L,18L,0.9,5,3,0.3,night,6,13.41,64885.76,3.1355,88568.53,12.44,15.77,0
TR-0352,2025-11-21,SKU-LGRAY-001,SKU-SPECIAL-001,4L,4L,0.6,5,3,1.0,day,4,7.89,64157.38,1.149,25845.91,3.4,11.66,0
TR-0353,2026-03-13,SKU-LGRAY-001,SKU-SPECIAL-001,1L,4L,0.9,5,1,0.3,day,4,5.95,31256.43,2.9424,65159.24,14.92,16.17,0
TR-0355,2026-01-20,SKU-LGRAY-001,SKU-SPECIAL-001,4L,18L,0.6,5,7,1.0,night,1,3.84,73442.6,1.618,32888.69,16.37,6.43,0
TR-0357,2025-11-06,SKU-LGRAY-001,SKU-SPECIAL-001,4L,18L,0.6,3,0,0.3,night,3,17.8,63287.6,3.3738,67269.6,15.39,23.21,0
TR-0358,2025-11-24,SKU-LGRAY-001,SKU-SPECIAL-001,4L,4L,0.3,2,3,0.7,day,0,9.55,77278.05,1.429,52173.59,7.37,14.08,0
TR-0359,2025-11-10,SKU-LGRAY-001,SKU-SPECIAL-001,4L,4L,0.3,2,3,0.7,night,0,10.74,97761.46,1.803,56423.04,3.44,10.24,0
TR-0360,2025-11-03,SKU-LGRAY-001,SKU-SPECIAL-001,4L,4L,0.3,4,0,0.7,day,0,13.81,88440.92,2.3284,48290.95,10.32,12.37,0
TR-0362,2026-02-20,SKU-GRAY-001,SKU-WHITE-001,4L,1L,0.3,5,1,0.7,night,4,17.34,92385.08,2.0541,45684.14,15.02,14.07,0
TR-0363,2026-02-19,SKU-GRAY-001,SKU-WHITE-001,1L,18L,0.3,2,7,0.7,night,3,16.95,100648.22,2.3431,73472.88,13.0,18.88,0
TR-0364,2026-04-07,SKU-GRAY-001,SKU-WHITE-001,18L,18L,0.9,3,7,0.3,day,1,15.42,45160.63,3.1535,114422.21,5.51,21.33,0
TR-0365,2026-04-08,SKU-GRAY-001,SKU-WHITE-001,18L,18L,0.6,2,3,1.0,day,2,6.77,60138.69,1.7887,37053.04,5.6,10.04,0
TR-0366,2026-01-06,SKU-GRAY-001,SKU-WHITE-001,4L,4L,0.3,2,7,1.0,day,1,10.52,92566.34,1.8012,41695.54,4.7,9.82,0
TR-0367,2025-11-03,SKU-GRAY-001,SKU-WHITE-001,1L,4L,0.9,4,0,0.3,night,0,17.44,51984.48,4.0316,65042.87,15.91,20.77,0
TR-0369,2025-12-11,SKU-GRAY-001,SKU-WHITE-001,1L,4L,0.6,4,1,1.0,night,3,9.51,88757.02,0.9243,21160.95,15.19,7.15,0
TR-0370,2026-03-23,SKU-GRAY-001,SKU-WHITE-001,18L,1L,0.6,5,1,0.3,night,0,17.3,85081.04,3.4123,75054.91,12.74,22.19,0
TR-0371,2026-02-18,SKU-GRAY-001,SKU-IVORY-001,18L,18L,0.6,5,1,0.3,day,2,14.83,62487.48,3.2363,58076.49,3.39,13.64,0
TR-0372,2025-12-05,SKU-GRAY-001,SKU-IVORY-001,4L,18L,0.3,3,3,0.3,day,4,27.39,82794.49,3.1381,79685.12,12.75,22.48,0
TR-0373,2026-02-14,SKU-GRAY-001,SKU-IVORY-001,1L,4L,0.9,4,1,0.3,day,5,13.01,51839.58,3.0434,62623.48,12.83,15.9,0
TR-0375,2025-11-09,SKU-GRAY-001,SKU-IVORY-001,4L,18L,0.6,5,1,1.0,day,6,6.89,82101.18,0.7336,20616.55,16.56,4.68,0
TR-0376,2026-01-23,SKU-GRAY-001,SKU-IVORY-001,18L,18L,0.6,5,0,1.0,night,4,6.28,80048.67,0.9742,15881.87,2.21,5.75,0
TR-0378,2026-02-21,SKU-GRAY-001,SKU-IVORY-001,1L,1L,0.6,5,1,0.7,night,5,11.21,65973.56,1.9423,38219.32,6.06,9.28,0
TR-0379,2026-03-09,SKU-GRAY-001,SKU-IVORY-001,1L,4L,0.9,3,7,0.7,night,0,6.19,36266.27,1.7053,57737.42,15.66,13.3,0
TR-0380,2026-01-04,SKU-GRAY-001,SKU-IVORY-001,1L,4L,0.9,3,0,0.3,day,6,11.38,51581.42,3.3202,50376.62,14.21,12.22,0
TR-0382,2026-02-23,SKU-GRAY-001,SKU-LGRAY-001,1L,1L,0.3,3,0,1.0,night,0,11.19,71039.16,0.8846,16449.57,3.18,3.74,0
TR-0383,2025-12-26,SKU-GRAY-001,SKU-LGRAY-001,4L,4L,0.6,5,0,1.0,day,4,5.89,48342.31,0.6182,22291.83,5.29,4.64,0
TR-0384,2025-12-08,SKU-GRAY-001,SKU-LGRAY-001,1L,1L,0.3,2,3,0.7,day,0,16.41,79605.29,1.9432,36294.86,2.65,7.13,0
TR-0385,2026-04-02,SKU-GRAY-001,SKU-LGRAY-001,4L,4L,0.6,4,0,0.3,night,3,13.01,69931.88,1.9628,53574.97,5.41,13.69,0
TR-0386,2026-03-01,SKU-GRAY-001,SKU-LGRAY-001,1L,4L,0.6,4,7,1.0,day,6,4.38,65807.18,1.1877,18474.0,10.93,0.92,0
TR-0387,2026-03-04,SKU-GRAY-001,SKU-LGRAY-001,4L,4L,0.9,4,7,1.0,night,2,3.6,29691.95,0.3999,31490.13,3.24,3.66,0
TR-0388,2026-04-11,SKU-GRAY-001,SKU-LGRAY-001,4L,18L,0.9,3,3,0.3,day,5,13.03,40986.81,1.9504,58341.42,15.73,16.97,0
TR-0390,2025-11-30,SKU-GRAY-001,SKU-LGRAY-001,4L,1L,0.9,2,1,0.3,night,6,13.97,33783.05,2.4645,37749.82,16.05,14.54,0
TR-0391,2025-12-10,SKU-GRAY-001,SKU-GRAY-001,4L,18L,0.9,4,7,0.7,day,2,5.49,28908.77,0.442,18211.29,13.67,5.29,0
TR-0392,2026-04-25,SKU-GRAY-001,SKU-GRAY-001,1L,18L,0.6,2,1,0.7,day,5,4.75,40291.56,0.6614,19228.51,13.99,4.81,0
TR-0393,2025-11-30,SKU-GRAY-001,SKU-GRAY-001,18L,4L,0.9,4,0,0.7,night,6,9.45,24091.21,1.1075,19310.31,14.21,7.91,0
TR-0394,2025-12-15,SKU-GRAY-001,SKU-GRAY-001,1L,4L,0.3,2,7,1.0,day,0,6.77,64134.96,0.6253,2142.97,10.95,3.62,0
TR-0395,2026-01-19,SKU-GRAY-001,SKU-GRAY-001,4L,1L,0.3,3,1,1.0,day,0,0.21,59281.09,0.3962,10636.95,17.78,1.94,0
TR-0396,2026-04-02,SKU-GRAY-001,SKU-GRAY-001,18L,1L,0.3,2,3,0.3,night,3,11.88,71009.73,1.3347,24651.72,11.63,8.11,0
TR-0397,2026-04-21,SKU-GRAY-001,SKU-GRAY-001,1L,1L,0.6,2,0,1.0,day,1,4.35,43156.17,0.5506,12471.9,4.54,1.63,0
TR-0399,2026-04-02,SKU-GRAY-001,SKU-GRAY-001,18L,4L,0.9,5,3,0.7,night,3,6.15,29788.14,0.3744,10159.54,18.31,5.05,0
TR-0403,2026-03-04,SKU-GRAY-001,SKU-BLUE-001,1L,1L,0.9,5,7,1.0,night,2,1.0,36958.53,0.5369,16458.56,7.37,2.9,0
TR-0404,2026-03-05,SKU-GRAY-001,SKU-BLUE-001,1L,4L,0.6,2,7,0.3,night,3,13.97,69340.38,2.1074,47528.24,15.26,9.07,0
TR-0405,2026-03-07,SKU-GRAY-001,SKU-BLUE-001,4L,1L,0.3,3,0,0.3,day,5,14.78,60687.29,1.5431,32008.72,16.13,14.94,0
TR-0406,2026-01-16,SKU-GRAY-001,SKU-BLUE-001,4L,18L,0.6,5,3,0.3,day,4,10.13,59411.02,1.2801,34339.89,18.98,12.64,0
TR-0407,2025-11-14,SKU-GRAY-001,SKU-BLUE-001,1L,4L,0.6,2,3,0.3,day,4,9.23,41489.21,1.4249,40970.19,13.22,12.19,0
TR-0408,2025-12-25,SKU-GRAY-001,SKU-BLUE-001,4L,4L,0.3,5,3,0.7,day,3,9.46,68061.26,1.1525,34161.4,4.34,6.1,0
TR-0409,2026-03-05,SKU-GRAY-001,SKU-BLUE-001,4L,18L,0.3,2,1,1.0,night,3,10.29,71067.86,0.0,3947.43,13.43,2.46,0
TR-0410,2026-02-17,SKU-GRAY-001,SKU-BLUE-001,4L,4L,0.6,3,1,0.7,day,1,3.06,51185.23,1.4729,16612.47,2.87,8.34,0
TR-0411,2026-02-02,SKU-GRAY-001,SKU-RED-001,1L,1L,0.6,4,0,1.0,night,0,6.41,59850.42,0.3961,12313.64,7.11,1.82,0
TR-0412,2026-01-11,SKU-GRAY-001,SKU-RED-001,4L,1L,0.9,2,1,0.7,day,6,4.59,25727.28,1.1317,18494.29,17.03,6.29,0
TR-0413,2025-11-03,SKU-GRAY-001,SKU-RED-001,4L,4L,0.6,4,7,0.7,night,0,8.94,72842.01,1.0975,36244.51,4.63,5.15,0
TR-0414,2025-11-16,SKU-GRAY-001,SKU-RED-001,4L,4L,0.9,2,3,1.0,day,6,3.19,19786.9,0.7394,17891.75,4.81,5.45,0
TR-0415,2026-01-11,SKU-GRAY-001,SKU-RED-001,1L,1L,0.9,2,1,1.0,day,6,1.92,41713.04,1.2275,9781.14,5.11,5.66,0
TR-0418,2026-02-08,SKU-GRAY-001,SKU-RED-001,4L,1L,0.6,2,3,0.7,night,6,5.81,60117.18,1.2508,16268.96,17.48,6.29,0
TR-0419,2026-02-19,SKU-GRAY-001,SKU-RED-001,4L,4L,0.6,4,3,0.7,day,3,9.0,41457.4,1.4389,34396.07,5.15,10.68,0
TR-0420,2025-12-20,SKU-GRAY-001,SKU-RED-001,4L,4L,0.3,4,0,1.0,day,5,7.19,73863.25,0.8409,12124.27,3.67,4.87,0
TR-0421,2026-01-12,SKU-GRAY-001,SKU-GREEN-001,1L,1L,0.9,2,0,1.0,day,0,7.19,32546.83,0.4936,9017.98,5.65,3.17,0
TR-0422,2026-04-18,SKU-GRAY-001,SKU-GREEN-001,4L,4L,0.3,2,1,0.7,night,5,4.03,65634.86,0.6003,23585.91,4.65,9.08,0
TR-0423,2026-04-20,SKU-GRAY-001,SKU-GREEN-001,4L,1L,0.3,2,3,0.3,night,0,9.54,76522.25,2.3084,48886.06,15.33,11.68,0
TR-0425,2026-03-27,SKU-GRAY-001,SKU-GREEN-001,4L,4L,0.3,5,1,1.0,day,4,10.29,65920.14,1.1031,9071.29,7.16,2.52,0
TR-0426,2026-03-12,SKU-GRAY-001,SKU-GREEN-001,4L,4L,0.6,5,7,1.0,day,3,4.44,64558.56,0.4827,17370.47,2.43,4.29,0
TR-0427,2026-01-31,SKU-GRAY-001,SKU-GREEN-001,1L,1L,0.3,2,3,1.0,night,5,9.15,78476.62,0.2089,16574.52,5.25,4.51,0
TR-0429,2026-01-01,SKU-GRAY-001,SKU-GREEN-001,4L,1L,0.9,4,7,1.0,night,3,3.65,34776.13,0.8706,17282.33,14.63,1.99,0
TR-0430,2025-12-25,SKU-GRAY-001,SKU-GREEN-001,18L,4L,0.6,3,1,0.3,day,3,12.55,67718.26,1.8382,27495.15,13.9,9.99,0
TR-0431,2026-04-16,SKU-GRAY-001,SKU-BROWN-001,1L,1L,0.3,4,0,0.7,day,3,14.0,76020.45,1.4053,26437.32,2.71,7.55,0
TR-0432,2025-11-17,SKU-GRAY-001,SKU-BROWN-001,18L,4L,0.9,5,3,0.3,day,0,7.19,37759.57,2.5092,66203.76,15.33,14.94,0
TR-0435,2026-03-14,SKU-GRAY-001,SKU-BROWN-001,4L,1L,0.3,2,1,1.0,night,5,6.7,88691.01,0.6548,15890.66,12.77,6.45,0
TR-0436,2025-12-20,SKU-GRAY-001,SKU-BROWN-001,1L,4L,0.3,4,1,0.7,day,5,13.11,77911.85,1.1033,33476.05,17.22,8.65,0
TR-0437,2025-12-16,SKU-GRAY-001,SKU-BROWN-001,1L,18L,0.3,4,3,0.3,night,1,21.08,92335.34,2.21,61485.23,15.52,14.7,0
TR-0438,2026-03-18,SKU-GRAY-001,SKU-BROWN-001,1L,4L,0.6,2,0,0.3,night,2,13.61,67975.46,2.8478,41556.87,13.41,17.39,0
TR-0439,2026-01-23,SKU-GRAY-001,SKU-BROWN-001,1L,1L,0.6,3,7,0.3,day,4,12.44,59258.28,2.3134,69683.22,6.98,13.34,0
TR-0440,2026-02-08,SKU-GRAY-001,SKU-BROWN-001,1L,4L,0.3,4,3,0.3,night,6,24.33,89593.36,2.4795,60062.47,16.32,12.52,0
TR-0441,2025-12-14,SKU-GRAY-001,SKU-DGRAY-001,4L,1L,0.6,3,1,1.0,day,6,11.36,32170.57,1.067,24105.99,11.8,3.53,0
TR-0442,2026-01-11,SKU-GRAY-001,SKU-DGRAY-001,1L,4L,0.3,3,3,0.7,day,6,17.82,84195.03,2.0654,33985.05,20.6,9.98,0
TR-0443,2025-11-11,SKU-GRAY-001,SKU-DGRAY-001,18L,4L,0.9,2,7,1.0,night,1,0.0,48652.78,0.7032,28617.59,15.15,8.15,0
TR-0444,2025-11-04,SKU-GRAY-001,SKU-DGRAY-001,4L,4L,0.3,3,3,0.7,day,1,13.92,71232.81,1.7824,36446.94,3.86,6.02,0
TR-0445,2026-03-30,SKU-GRAY-001,SKU-DGRAY-001,1L,4L,0.3,5,1,0.7,night,0,14.66,84204.62,1.5379,33013.67,14.1,7.51,0
TR-0446,2026-01-15,SKU-GRAY-001,SKU-DGRAY-001,4L,1L,0.9,3,0,1.0,night,3,4.11,56138.04,0.8486,15927.86,15.74,4.97,0
TR-0447,2026-02-02,SKU-GRAY-001,SKU-DGRAY-001,4L,1L,0.6,3,0,1.0,day,0,8.05,47280.16,0.893,21050.53,14.74,2.27,0
TR-0448,2026-04-29,SKU-GRAY-001,SKU-DGRAY-001,1L,4L,0.3,4,3,0.7,night,2,14.52,84499.53,2.0361,39974.98,13.99,9.63,0
TR-0451,2026-01-28,SKU-GRAY-001,SKU-BLACK-001,4L,4L,0.3,4,1,0.3,day,2,30.55,99686.73,3.6001,68657.77,3.44,20.77,0
TR-0452,2026-04-15,SKU-GRAY-001,SKU-BLACK-001,4L,4L,0.9,5,7,0.7,day,2,11.3,45801.32,2.1714,62968.34,3.86,13.79,0
TR-0454,2026-01-21,SKU-GRAY-001,SKU-BLACK-001,4L,4L,0.6,3,1,1.0,day,2,3.73,71820.28,1.6222,14003.45,7.44,6.82,0
TR-0455,2025-12-02,SKU-GRAY-001,SKU-BLACK-001,18L,4L,0.6,3,7,0.7,day,1,18.77,73692.6,2.3389,65740.94,14.37,10.42,0
TR-0456,2026-01-14,SKU-GRAY-001,SKU-BLACK-001,18L,4L,0.9,3,7,0.7,day,2,8.5,50881.09,2.6716,54857.44,14.28,14.49,0
TR-0457,2025-12-27,SKU-GRAY-001,SKU-BLACK-001,4L,1L,0.3,3,1,0.7,day,5,22.17,77556.23,2.5304,46237.9,17.04,13.85,0
TR-0459,2026-02-23,SKU-GRAY-001,SKU-BLACK-001,18L,1L,0.9,5,7,0.7,night,0,11.74,61403.09,2.0896,72433.33,11.74,14.55,0
TR-0460,2026-04-03,SKU-GRAY-001,SKU-BLACK-001,1L,1L,0.6,4,0,1.0,night,4,10.54,83699.3,1.201,26707.41,2.04,6.12,0
TR-0461,2025-12-06,SKU-GRAY-001,SKU-METAL-001,1L,18L,0.6,5,0,0.7,night,5,5.16,66427.28,2.0642,38104.08,15.96,12.94,0
TR-0462,2026-04-13,SKU-GRAY-001,SKU-METAL-001,18L,4L,0.9,4,7,0.3,night,0,14.16,56172.53,2.5107,88687.74,9.69,18.38,0
TR-0464,2026-03-29,SKU-GRAY-001,SKU-METAL-001,1L,1L,0.9,3,3,0.3,day,6,10.12,43589.25,2.2724,78818.02,4.39,20.53,0
TR-0465,2025-11-20,SKU-GRAY-001,SKU-METAL-001,4L,4L,0.3,2,1,1.0,night,3,11.59,82869.51,0.647,16601.63,3.79,3.79,0
TR-0466,2025-11-25,SKU-GRAY-001,SKU-METAL-001,4L,1L,0.3,2,1,1.0,night,1,5.27,76106.61,1.4362,27450.94,15.93,7.3,0
TR-0468,2026-02-22,SKU-GRAY-001,SKU-METAL-001,18L,4L,0.6,3,3,0.3,day,6,16.86,59389.52,2.5877,83365.73,15.75,18.9,0
TR-0469,2025-11-21,SKU-GRAY-001,SKU-METAL-001,4L,4L,0.3,2,0,0.7,night,4,14.82,88126.31,1.193,38430.47,5.94,11.92,0
TR-0470,2026-01-04,SKU-GRAY-001,SKU-METAL-001,1L,1L,0.3,2,0,1.0,day,6,5.97,73467.21,0.8158,19852.77,7.02,9.22,0
TR-0471,2026-01-11,SKU-GRAY-001,SKU-SPECIAL-001,18L,1L,0.3,3,0,0.3,day,6,12.48,71988.32,1.719,50490.7,15.0,16.09,0
TR-0472,2025-11-26,SKU-GRAY-001,SKU-SPECIAL-001,18L,18L,0.9,5,3,1.0,day,2,0.0,36752.72,0.8948,28066.0,3.99,6.87,0
TR-0473,2025-12-29,SKU-GRAY-001,SKU-SPECIAL-001,4L,4L,0.6,2,7,0.3,day,0,10.03,47350.88,2.2263,81119.64,7.03,17.43,0
TR-0474,2026-02-07,SKU-GRAY-001,SKU-SPECIAL-001,1L,4L,0.6,5,1,1.0,night,5,3.19,59100.25,0.7456,29904.84,16.23,4.01,0
TR-0475,2026-04-23,SKU-GRAY-001,SKU-SPECIAL-001,1L,1L,0.9,5,0,0.7,night,3,1.0,44511.56,1.3247,31973.96,3.13,5.17,0
TR-0476,2025-12-14,SKU-GRAY-001,SKU-SPECIAL-001,1L,18L,0.6,3,7,0.3,day,6,15.41,48145.57,2.2267,74159.06,13.61,15.49,0
TR-0478,2025-11-08,SKU-GRAY-001,SKU-SPECIAL-001,1L,1L,0.3,5,0,0.3,night,5,15.05,73642.52,2.1564,49202.13,5.19,13.34,0
TR-0479,2026-03-14,SKU-GRAY-001,SKU-SPECIAL-001,4L,4L,0.3,4,7,0.7,night,5,5.65,75818.08,1.1057,49143.26,5.54,4.27,0
TR-0481,2026-01-19,SKU-BLUE-001,SKU-WHITE-001,4L,4L,0.3,5,7,0.7,day,0,18.01,74737.21,2.8266,78414.77,3.62,13.45,0
TR-0482,2026-01-12,SKU-BLUE-001,SKU-WHITE-001,1L,1L,0.3,3,3,0.7,day,0,21.4,89813.64,3.0163,55523.48,7.06,14.6,0
TR-0483,2025-11-15,SKU-BLUE-001,SKU-WHITE-001,4L,1L,0.9,4,0,1.0,day,5,7.01,52804.41,1.9266,26991.55,17.85,9.08,0
TR-0484,2026-02-17,SKU-BLUE-001,SKU-WHITE-001,4L,18L,0.6,2,7,1.0,day,1,11.91,63950.95,1.8487,44492.97,15.33,7.54,0
TR-0485,2026-04-22,SKU-BLUE-001,SKU-WHITE-001,1L,4L,0.9,4,1,1.0,night,2,3.9,39692.32,1.6111,35154.73,15.89,4.67,0
TR-0487,2026-02-18,SKU-BLUE-001,SKU-WHITE-001,1L,4L,0.9,4,3,0.7,night,2,11.44,48982.61,2.567,67321.29,15.11,13.44,0
TR-0488,2025-11-05,SKU-BLUE-001,SKU-WHITE-001,4L,4L,0.3,5,1,1.0,night,2,11.52,116066.96,1.0526,38185.88,8.89,5.82,0
TR-0490,2026-01-08,SKU-BLUE-001,SKU-WHITE-001,18L,4L,0.6,3,7,0.3,day,3,25.17,74009.72,4.1525,124510.7,8.87,23.66,0
TR-0491,2026-02-17,SKU-BLUE-001,SKU-IVORY-001,4L,1L,0.3,4,1,0.3,night,1,29.64,91196.36,3.6049,67370.96,18.09,20.64,0
TR-0492,2025-11-06,SKU-BLUE-001,SKU-IVORY-001,1L,18L,0.6,4,0,0.7,night,3,10.91,64381.26,2.7265,32821.79,15.81,11.37,0
TR-0493,2026-03-27,SKU-BLUE-001,SKU-IVORY-001,4L,18L,0.9,4,7,0.3,day,4,10.34,38534.46,4.2626,97905.28,14.71,16.19,0
TR-0494,2025-12-31,SKU-BLUE-001,SKU-IVORY-001,18L,1L,0.3,3,1,0.7,night,2,13.46,111395.19,2.5075,50786.5,14.7,11.67,0
TR-0495,2026-03-20,SKU-BLUE-001,SKU-IVORY-001,4L,4L,0.6,3,3,0.7,night,4,14.13,87269.45,2.2952,51150.05,6.6,10.13,0
TR-0497,2026-02-09,SKU-BLUE-001,SKU-IVORY-001,18L,18L,0.6,2,1,0.7,day,0,14.99,60121.3,2.4782,43076.35,6.1,9.94,0
TR-0498,2025-11-09,SKU-BLUE-001,SKU-IVORY-001,1L,1L,0.6,5,7,0.7,night,6,17.83,82172.44,1.9653,59042.81,3.14,12.53,0
TR-0499,2026-04-04,SKU-BLUE-001,SKU-IVORY-001,4L,4L,0.6,5,0,0.3,day,5,18.15,71911.44,3.9691,59544.61,3.8,18.55,0
TR-0501,2025-12-21,SKU-BLUE-001,SKU-LGRAY-001,1L,1L,0.6,5,1,0.3,day,6,22.64,49001.76,2.6131,53671.7,6.31,16.28,0
TR-0503,2026-02-25,SKU-BLUE-001,SKU-LGRAY-001,18L,4L,0.3,3,1,0.7,night,2,15.89,88896.35,2.0454,31383.18,15.8,14.14,0
TR-0504,2026-04-23,SKU-BLUE-001,SKU-LGRAY-001,1L,1L,0.3,2,3,0.7,day,3,11.13,73304.52,2.2928,34315.19,4.72,10.57,0
TR-0506,2026-01-30,SKU-BLUE-001,SKU-LGRAY-001,18L,18L,0.9,2,0,0.7,night,4,7.01,32461.18,2.5309,38339.93,2.55,9.54,0
TR-0507,2026-01-06,SKU-BLUE-001,SKU-LGRAY-001,1L,4L,0.6,5,1,0.3,night,1,18.02,69926.85,3.3395,51863.45,17.33,16.18,0
TR-0508,2026-01-11,SKU-BLUE-001,SKU-LGRAY-001,4L,18L,0.6,4,3,1.0,night,6,5.18,69613.51,0.7724,24987.01,17.42,5.21,0
TR-0509,2026-04-18,SKU-BLUE-001,SKU-LGRAY-001,4L,4L,0.3,3,0,0.3,day,5,27.35,79259.54,2.7709,53667.36,9.58,16.36,0
TR-0510,2025-11-11,SKU-BLUE-001,SKU-LGRAY-001,4L,18L,0.9,5,7,0.7,day,1,11.39,43328.7,2.0532,44140.99,15.85,9.57,0
TR-0512,2026-04-24,SKU-BLUE-001,SKU-GRAY-001,18L,1L,0.6,2,3,0.3,day,4,17.81,45662.31,1.4818,42786.91,17.58,10.25,0
TR-0513,2025-11-02,SKU-BLUE-001,SKU-GRAY-001,1L,1L,0.9,5,3,1.0,day,6,3.35,29220.27,0.4319,15421.36,5.72,4.26,0
TR-0514,2026-04-04,SKU-BLUE-001,SKU-GRAY-001,1L,1L,0.3,3,7,0.3,day,5,18.23,68407.2,1.5185,45661.51,5.05,8.09,0
TR-0515,2025-12-01,SKU-BLUE-001,SKU-GRAY-001,1L,18L,0.9,4,1,0.7,day,0,7.23,16983.0,1.1607,15952.31,12.45,7.38,0
TR-0516,2026-02-17,SKU-BLUE-001,SKU-GRAY-001,1L,4L,0.6,3,7,1.0,night,1,7.68,69808.89,0.5647,20780.67,13.1,1.47,0
TR-0517,2026-03-07,SKU-BLUE-001,SKU-GRAY-001,4L,4L,0.3,4,7,0.7,day,5,13.77,69688.47,1.2461,27438.93,8.15,4.8,0
TR-0518,2026-03-14,SKU-BLUE-001,SKU-GRAY-001,4L,4L,0.9,2,0,1.0,day,5,0.03,21143.26,0.7455,10854.84,5.72,2.27,0
TR-0519,2026-03-30,SKU-BLUE-001,SKU-GRAY-001,1L,4L,0.3,5,1,0.3,night,0,20.15,75316.44,1.5102,34719.47,14.45,7.68,0
TR-0522,2025-12-19,SKU-BLUE-001,SKU-BLUE-001,1L,1L,0.3,2,1,0.7,day,4,6.51,50072.48,0.3227,10797.37,5.61,7.18,0
TR-0523,2026-02-27,SKU-BLUE-001,SKU-BLUE-001,1L,4L,0.3,3,1,1.0,night,4,8.1,75754.73,0.093,7369.02,15.78,5.68,0
TR-0524,2026-02-09,SKU-BLUE-001,SKU-BLUE-001,1L,1L,0.9,5,7,0.7,night,0,7.15,21697.39,0.6596,23004.28,8.99,3.88,0
TR-0526,2026-02-23,SKU-BLUE-001,SKU-BLUE-001,4L,1L,0.6,3,7,0.7,night,0,6.54,57875.17,0.5523,25339.69,11.92,3.3,0
TR-0527,2026-04-18,SKU-BLUE-001,SKU-BLUE-001,4L,18L,0.9,5,7,1.0,night,5,3.93,40743.82,0.0533,3884.3,14.33,6.46,0
TR-0528,2026-04-20,SKU-BLUE-001,SKU-BLUE-001,4L,1L,0.3,5,0,0.7,night,0,7.72,70463.98,0.7167,17234.93,16.38,4.32,0
TR-0529,2025-12-11,SKU-BLUE-001,SKU-BLUE-001,1L,18L,0.9,2,0,0.7,night,3,5.82,25956.81,0.5685,16353.48,18.5,5.46,0
TR-0530,2025-11-12,SKU-BLUE-001,SKU-BLUE-001,4L,4L,0.3,2,0,0.7,night,2,13.3,82779.6,0.617,12047.7,1.95,3.09,0
TR-0531,2025-11-27,SKU-BLUE-001,SKU-RED-001,18L,1L,0.3,3,0,0.3,night,3,16.56,64274.6,1.558,29867.09,14.9,8.99,0
TR-0532,2026-04-15,SKU-BLUE-001,SKU-RED-001,1L,18L,0.3,3,7,0.7,day,2,9.82,58450.01,1.2088,35304.18,16.66,7.29,0
TR-0533,2026-02-15,SKU-BLUE-001,SKU-RED-001,1L,4L,0.3,5,1,0.3,night,6,12.55,58013.71,1.5804,31167.7,15.52,8.08,0
TR-0534,2025-11-08,SKU-BLUE-001,SKU-RED-001,4L,4L,0.9,2,0,0.7,night,5,0.62,29249.06,1.0307,21783.94,9.4,7.34,0
TR-0536,2025-12-08,SKU-BLUE-001,SKU-RED-001,4L,4L,0.3,5,3,1.0,night,0,6.5,81713.33,0.7082,1719.05,2.55,5.63,0
TR-0537,2025-12-03,SKU-BLUE-001,SKU-RED-001,4L,4L,0.3,2,3,1.0,night,2,5.6,87198.91,0.6133,8954.05,3.76,2.78,0
TR-0539,2026-01-26,SKU-BLUE-001,SKU-RED-001,18L,18L,0.9,3,3,0.7,night,0,2.08,32627.93,0.8373,12868.91,2.65,8.57,0
TR-0540,2025-11-27,SKU-BLUE-001,SKU-RED-001,1L,4L,0.6,5,0,0.3,night,3,11.97,70349.07,1.6694,24578.45,12.85,10.22,0
TR-0542,2025-12-12,SKU-BLUE-001,SKU-GREEN-001,1L,1L,0.9,5,1,1.0,day,4,1.27,34575.23,0.4357,3459.59,0.79,1.56,0
TR-0543,2025-12-01,SKU-BLUE-001,SKU-GREEN-001,4L,4L,0.3,4,3,0.3,day,0,15.09,55295.96,1.2776,30154.92,6.09,8.99,0
TR-0544,2026-03-31,SKU-BLUE-001,SKU-GREEN-001,4L,18L,0.6,4,1,0.3,night,1,13.68,53954.19,1.1374,23842.52,13.29,9.0,0
TR-0545,2026-02-24,SKU-BLUE-001,SKU-GREEN-001,18L,4L,0.6,3,1,1.0,night,1,3.93,59403.04,0.7897,1242.83,17.37,4.69,0
TR-0546,2026-04-09,SKU-BLUE-001,SKU-GREEN-001,4L,1L,0.6,4,0,1.0,night,3,3.22,60098.27,0.0492,823.27,11.79,1.64,0
TR-0548,2026-03-17,SKU-BLUE-001,SKU-GREEN-001,1L,1L,0.3,3,7,0.3,night,1,12.46,70122.92,1.0504,35197.76,3.09,9.6,0
TR-0549,2026-03-16,SKU-BLUE-001,SKU-GREEN-001,1L,1L,0.3,2,1,0.7,day,0,10.51,71166.78,1.3098,22916.98,4.7,4.97,0
TR-0550,2026-01-23,SKU-BLUE-001,SKU-GREEN-001,1L,4L,0.6,5,0,0.7,day,4,4.03,34356.39,1.0966,16305.2,15.98,6.53,0
TR-0551,2026-04-02,SKU-BLUE-001,SKU-BROWN-001,4L,4L,0.9,5,0,0.7,day,3,3.87,35376.08,1.149,28170.08,2.04,4.41,0
TR-0552,2025-11-05,SKU-BLUE-001,SKU-BROWN-001,1L,18L,0.9,2,1,1.0,day,2,2.09,43426.46,0.8545,18635.59,16.51,9.42,0
TR-0553,2026-02-04,SKU-BLUE-001,SKU-BROWN-001,4L,1L,0.3,5,7,0.3,day,2,20.09,58751.09,1.4597,43144.41,15.35,12.71,0
TR-0555,2026-02-10,SKU-BLUE-001,SKU-BROWN-001,4L,18L,0.9,4,7,0.3,night,1,13.97,23893.33,1.1314,46877.41,14.58,10.56,0
TR-0556,2026-04-19,SKU-BLUE-001,SKU-BROWN-001,18L,1L,0.6,4,0,1.0,day,6,4.56,33365.03,0.7349,12545.28,14.04,2.57,0
TR-0557,2026-04-28,SKU-BLUE-001,SKU-BROWN-001,4L,4L,0.9,2,0,1.0,day,1,7.43,29735.06,0.692,7050.47,6.91,4.06,0
TR-0558,2026-04-03,SKU-BLUE-001,SKU-BROWN-001,1L,1L,0.9,2,0,0.7,night,4,8.46,38924.64,1.179,20285.63,4.12,12.12,0
TR-0560,2026-04-13,SKU-BLUE-001,SKU-BROWN-001,1L,18L,0.9,5,1,1.0,day,0,1.04,29344.55,0.2873,8375.11,15.96,4.82,0
TR-0561,2025-11-17,SKU-BLUE-001,SKU-DGRAY-001,1L,18L,0.3,4,1,1.0,day,0,11.56,64821.15,0.7129,15163.58,12.96,3.99,0
TR-0562,2026-02-18,SKU-BLUE-001,SKU-DGRAY-001,4L,18L,0.3,4,7,0.7,night,2,14.8,71768.75,1.3401,43496.21,18.08,9.26,0
TR-0564,2025-11-20,SKU-BLUE-001,SKU-DGRAY-001,18L,1L,0.6,4,0,1.0,day,3,8.36,67228.82,0.8406,15326.52,18.52,3.28,0
TR-0565,2026-01-03,SKU-BLUE-001,SKU-DGRAY-001,1L,1L,0.6,2,3,1.0,day,5,10.08,43162.97,0.412,14853.23,3.14,2.94,0
TR-0567,2026-03-24,SKU-BLUE-001,SKU-DGRAY-001,1L,18L,0.6,2,7,0.3,day,1,11.15,43084.58,2.2722,63387.84,17.33,14.92,0
TR-0568,2026-04-22,SKU-BLUE-001,SKU-DGRAY-001,4L,4L,0.6,3,0,0.3,day,2,13.43,54386.55,1.8992,38547.23,2.45,11.94,0
TR-0569,2026-01-05,SKU-BLUE-001,SKU-DGRAY-001,1L,4L,0.9,5,1,0.3,day,0,9.88,32165.72,2.3872,41078.22,18.24,12.36,0
TR-0570,2026-01-19,SKU-BLUE-001,SKU-DGRAY-001,4L,4L,0.3,3,7,0.7,night,0,10.15,69778.28,1.2813,52131.41,5.91,9.56,0
TR-0571,2026-03-24,SKU-BLUE-001,SKU-BLACK-001,18L,4L,0.3,3,1,0.3,night,1,26.35,90631.08,2.7655,67050.63,13.62,13.94,0
TR-0572,2026-03-25,SKU-BLUE-001,SKU-BLACK-001,18L,4L,0.6,4,1,0.3,night,2,23.5,52407.58,3.0972,54061.62,13.02,15.25,0
TR-0575,2025-12-21,SKU-BLUE-001,SKU-BLACK-001,1L,18L,0.3,2,1,0.7,day,6,14.87,74203.62,2.0383,42231.05,14.15,12.08,0
TR-0576,2026-03-15,SKU-BLUE-001,SKU-BLACK-001,18L,18L,0.6,2,0,0.3,day,6,19.35,55613.54,3.2812,54067.04,0.55,14.38,0
TR-0577,2026-01-02,SKU-BLUE-001,SKU-BLACK-001,18L,4L,0.9,3,3,0.3,night,4,12.62,46138.61,3.2332,77972.42,12.35,17.46,0
TR-0578,2026-03-06,SKU-BLUE-001,SKU-BLACK-001,1L,1L,0.6,2,1,1.0,night,4,6.88,60995.46,1.0997,15267.58,3.28,6.79,0
TR-0579,2026-02-04,SKU-BLUE-001,SKU-BLACK-001,4L,4L,0.6,5,3,1.0,night,2,3.41,67168.38,0.9548,19046.67,6.73,5.05,0
TR-0580,2025-12-31,SKU-BLUE-001,SKU-BLACK-001,1L,1L,0.6,3,3,0.7,day,2,12.81,54201.58,2.0554,46701.54,3.07,10.07,0
TR-0581,2026-04-09,SKU-BLUE-001,SKU-METAL-001,1L,4L,0.6,5,3,0.7,night,3,8.09,52090.88,1.2045,41035.0,18.83,12.13,0
TR-0582,2026-01-15,SKU-BLUE-001,SKU-METAL-001,18L,4L,0.9,2,3,0.3,day,3,10.66,26689.6,1.6829,65948.32,14.31,14.6,0
TR-0583,2026-04-24,SKU-BLUE-001,SKU-METAL-001,18L,1L,0.9,3,3,0.3,night,4,8.03,57953.68,1.7456,67265.07,16.47,12.92,0
TR-0585,2025-11-22,SKU-BLUE-001,SKU-METAL-001,1L,1L,0.9,5,1,0.7,night,5,5.91,49096.95,1.5877,33789.46,3.88,13.23,0
TR-0586,2026-03-08,SKU-BLUE-001,SKU-METAL-001,18L,18L,0.6,3,7,0.7,night,6,8.56,54695.6,1.4997,42599.05,4.53,9.94,0
TR-0587,2025-12-06,SKU-BLUE-001,SKU-METAL-001,1L,18L,0.6,5,7,0.3,night,5,15.6,50905.3,1.8023,80861.86,17.77,15.27,0
TR-0588,2026-01-17,SKU-BLUE-001,SKU-METAL-001,1L,1L,0.9,3,0,1.0,night,5,5.09,45345.8,0.4834,18959.03,5.45,7.4,0
TR-0589,2026-03-15,SKU-BLUE-001,SKU-METAL-001,1L,1L,0.9,2,1,0.7,night,6,0.0,44374.54,1.3465,44325.6,4.91,8.17,0
TR-0593,2026-01-01,SKU-BLUE-001,SKU-SPECIAL-001,18L,1L,0.9,4,0,1.0,day,3,4.99,30302.82,0.2479,12887.77,12.72,7.58,0
TR-0594,2026-03-10,SKU-BLUE-001,SKU-SPECIAL-001,4L,1L,0.6,3,3,0.3,day,1,8.76,40448.97,0.6307,53927.87,12.57,16.33,0
TR-0595,2025-12-20,SKU-BLUE-001,SKU-SPECIAL-001,1L,1L,0.3,3,3,1.0,night,5,3.68,63314.34,0.333,19622.94,6.05,4.78,0
TR-0596,2026-01-11,SKU-BLUE-001,SKU-SPECIAL-001,18L,1L,0.3,2,1,0.7,day,6,5.48,72004.08,0.9387,28559.77,14.49,7.92,0
TR-0597,2026-01-31,SKU-BLUE-001,SKU-SPECIAL-001,1L,4L,0.9,3,7,1.0,day,5,5.23,21966.64,0.0311,16642.7,16.59,3.92,0
TR-0598,2026-01-18,SKU-BLUE-001,SKU-SPECIAL-001,4L,4L,0.3,5,1,0.3,night,6,14.88,70895.01,1.1072,44757.9,8.69,14.42,0
TR-0599,2026-04-24,SKU-BLUE-001,SKU-SPECIAL-001,4L,1L,0.3,3,1,0.3,night,4,7.7,64047.23,1.478,45848.2,11.69,10.79,0
TR-0600,2026-02-10,SKU-BLUE-001,SKU-SPECIAL-001,18L,1L,0.3,2,3,0.7,day,1,12.75,65518.02,0.7156,34710.89,15.55,11.84,0
TR-0602,2025-11-25,SKU-RED-001,SKU-WHITE-001,4L,18L,0.9,5,1,0.7,day,1,7.02,43328.02,3.5433,49656.44,13.2,15.6,0
TR-0603,2026-04-05,SKU-RED-001,SKU-WHITE-001,18L,4L,0.9,3,0,0.3,day,6,12.73,45068.67,5.1878,76485.77,15.13,21.42,0
TR-0604,2025-11-16,SKU-RED-001,SKU-WHITE-001,1L,4L,0.3,3,7,0.3,day,6,35.34,108241.96,4.7066,138431.15,15.77,23.45,0
TR-0605,2026-01-21,SKU-RED-001,SKU-WHITE-001,4L,4L,0.9,5,3,0.3,day,2,19.03,50284.88,5.1031,99985.14,7.46,22.56,0
TR-0607,2025-12-23,SKU-RED-001,SKU-WHITE-001,1L,1L,0.9,3,1,1.0,day,1,3.35,52525.81,1.8908,35339.73,2.58,10.05,0
TR-0608,2026-01-17,SKU-RED-001,SKU-WHITE-001,1L,4L,0.9,3,3,0.7,day,5,13.83,43310.88,3.2452,64537.94,12.57,16.68,0
TR-0609,2026-02-19,SKU-RED-001,SKU-WHITE-001,4L,18L,0.6,2,7,0.7,day,3,17.07,70892.61,2.9127,71728.8,14.77,13.87,0
TR-0610,2026-02-27,SKU-RED-001,SKU-WHITE-001,1L,1L,0.9,5,0,0.7,day,4,10.7,50432.94,2.9962,49980.08,7.09,12.93,0
TR-0612,2026-03-25,SKU-RED-001,SKU-IVORY-001,1L,4L,0.6,4,7,1.0,night,2,7.02,91378.85,1.262,33088.65,15.03,8.13,0
TR-0613,2026-02-01,SKU-RED-001,SKU-IVORY-001,4L,4L,0.9,3,3,1.0,night,6,7.23,53300.77,1.8742,30775.37,4.38,6.59,0
TR-0615,2026-02-06,SKU-RED-001,SKU-IVORY-001,4L,4L,0.9,2,0,1.0,night,4,6.57,56472.97,1.9623,21959.62,4.93,7.38,0
TR-0616,2025-12-14,SKU-RED-001,SKU-IVORY-001,18L,1L,0.3,5,7,1.0,night,6,11.08,97451.93,1.8118,36894.8,15.41,8.8,0
TR-0617,2025-11-29,SKU-RED-001,SKU-IVORY-001,4L,18L,0.3,3,0,1.0,day,5,11.99,108516.58,1.415,22559.21,10.88,9.21,0
TR-0618,2025-11-28,SKU-RED-001,SKU-IVORY-001,18L,1L,0.6,2,7,0.3,night,4,23.94,80575.25,4.4141,110306.12,15.02,20.62,0
TR-0619,2026-01-08,SKU-RED-001,SKU-IVORY-001,4L,1L,0.9,2,0,0.3,day,3,12.93,52311.39,4.0143,74666.09,11.65,21.2,0
TR-0620,2026-04-04,SKU-RED-001,SKU-IVORY-001,4L,1L,0.6,4,1,0.7,night,5,14.06,75268.18,2.8012,49571.45,16.79,14.6,0
TR-0622,2026-03-12,SKU-RED-001,SKU-LGRAY-001,4L,1L,0.9,4,0,1.0,night,3,10.47,47917.96,0.7902,11363.44,15.24,8.69,0
TR-0623,2026-04-06,SKU-RED-001,SKU-LGRAY-001,4L,1L,0.6,2,7,0.7,day,0,11.48,73892.96,1.801,46973.95,14.89,10.7,0
TR-0624,2026-03-08,SKU-RED-001,SKU-LGRAY-001,4L,1L,0.9,5,1,0.7,day,6,4.89,42804.1,2.3532,40009.31,17.91,10.13,0
TR-0626,2026-04-12,SKU-RED-001,SKU-LGRAY-001,4L,1L,0.9,4,1,1.0,day,6,3.12,39947.71,0.7606,18639.52,12.89,8.34,0
TR-0627,2026-03-24,SKU-RED-001,SKU-LGRAY-001,18L,4L,0.3,3,3,0.3,night,1,28.16,96866.71,2.7054,72059.01,14.97,16.61,0
TR-0628,2026-02-03,SKU-RED-001,SKU-LGRAY-001,1L,1L,0.6,2,3,0.3,day,1,25.1,60669.12,3.669,59477.31,3.47,14.38,0
TR-0629,2026-03-14,SKU-RED-001,SKU-LGRAY-001,4L,4L,0.3,5,0,1.0,night,5,7.62,96349.33,1.4418,29223.99,4.52,5.38,0
TR-0630,2026-01-12,SKU-RED-001,SKU-LGRAY-001,1L,4L,0.9,2,3,0.7,day,0,7.76,32500.78,1.9801,54730.63,15.36,12.82,0
TR-0631,2026-02-05,SKU-RED-001,SKU-GRAY-001,1L,18L,0.3,3,1,1.0,day,3,11.56,78818.86,0.3812,9808.27,13.88,7.9,0
TR-0632,2025-12-11,SKU-RED-001,SKU-GRAY-001,18L,4L,0.6,5,7,0.7,night,3,6.29,58519.16,1.7833,38816.96,16.33,11.41,0
TR-0633,2026-02-09,SKU-RED-001,SKU-GRAY-001,1L,1L,0.9,2,3,0.7,day,0,3.22,18438.61,1.4005,25259.48,5.9,11.2,0
TR-0634,2025-12-21,SKU-RED-001,SKU-GRAY-001,4L,1L,0.9,2,1,0.7,night,6,5.31,47744.76,1.4275,21450.62,10.25,8.49,0
TR-0635,2025-12-01,SKU-RED-001,SKU-GRAY-001,18L,4L,0.9,5,1,1.0,night,0,3.53,35299.6,0.914,16337.45,13.99,3.7,0
TR-0636,2026-02-05,SKU-RED-001,SKU-GRAY-001,4L,18L,0.9,2,7,1.0,night,3,2.79,37990.93,0.8723,27153.51,17.01,5.55,0
TR-0637,2026-04-21,SKU-RED-001,SKU-GRAY-001,18L,1L,0.9,5,3,1.0,day,1,4.0,23949.49,0.8028,12833.28,12.62,5.45,0
TR-0639,2026-03-18,SKU-RED-001,SKU-GRAY-001,4L,4L,0.3,3,0,0.3,day,2,22.4,69911.33,2.168,35382.09,2.41,10.78,0
TR-0641,2026-03-13,SKU-RED-001,SKU-BLUE-001,18L,1L,0.9,5,1,1.0,night,4,1.53,43994.97,0.4955,4645.31,13.67,3.27,0
TR-0644,2026-01-08,SKU-RED-001,SKU-BLUE-001,18L,4L,0.3,4,1,0.7,day,3,7.52,48656.15,1.4433,26193.58,15.02,7.89,0
TR-0645,2026-03-17,SKU-RED-001,SKU-BLUE-001,1L,4L,0.3,4,0,0.7,night,1,9.96,75043.97,0.681,14031.07,19.55,9.52,0
TR-0646,2025-12-27,SKU-RED-001,SKU-BLUE-001,1L,1L,0.3,3,3,1.0,night,5,7.81,67286.05,0.413,14520.52,4.88,4.51,0
TR-0647,2025-11-13,SKU-RED-001,SKU-BLUE-001,1L,18L,0.6,3,3,1.0,night,3,2.59,64442.26,0.5415,12282.43,15.58,4.46,0
TR-0648,2026-02-05,SKU-RED-001,SKU-BLUE-001,4L,1L,0.9,4,1,1.0,night,3,2.25,50835.5,0.4737,7304.53,13.39,3.58,0
TR-0649,2026-02-18,SKU-RED-001,SKU-BLUE-001,4L,4L,0.3,4,0,0.7,night,2,10.41,71021.67,0.8203,7221.65,5.06,7.19,0
TR-0650,2026-03-28,SKU-RED-001,SKU-BLUE-001,1L,4L,0.9,5,0,0.7,day,5,1.25,48541.28,0.9019,17566.79,14.34,4.37,0
TR-0652,2025-11-20,SKU-RED-001,SKU-RED-001,1L,1L,0.6,2,7,0.7,night,3,10.1,45418.42,1.085,33447.7,6.92,2.2,0
TR-0654,2026-02-27,SKU-RED-001,SKU-RED-001,18L,18L,0.3,4,0,1.0,night,4,3.47,85806.64,0.4204,12115.54,5.73,4.92,0
TR-0655,2025-11-26,SKU-RED-001,SKU-RED-001,4L,1L,0.9,3,7,0.3,night,2,11.73,34492.36,1.4384,34691.78,13.66,10.15,0
TR-0656,2025-12-17,SKU-RED-001,SKU-RED-001,4L,1L,0.6,5,1,0.3,night,2,9.89,61107.09,0.785,23220.31,16.26,9.85,0
TR-0657,2025-12-05,SKU-RED-001,SKU-RED-001,1L,4L,0.3,3,1,0.7,night,4,10.95,56899.16,0.7126,19054.42,17.32,7.99,0
TR-0658,2026-02-11,SKU-RED-001,SKU-RED-001,4L,18L,0.6,3,0,0.3,day,2,11.83,57105.86,1.139,25270.07,18.56,10.01,0
TR-0659,2026-02-18,SKU-RED-001,SKU-RED-001,18L,4L,0.6,5,3,0.7,night,2,9.06,42191.22,0.3734,19985.7,15.63,7.1,0
TR-0660,2025-11-30,SKU-RED-001,SKU-RED-001,18L,18L,0.3,5,1,0.7,day,6,7.33,70493.47,1.5527,9489.23,2.62,4.06,0
TR-0661,2025-12-29,SKU-RED-001,SKU-GREEN-001,1L,4L,0.6,3,1,0.7,day,0,6.27,55466.62,1.0066,16685.1,14.02,8.96,0
TR-0663,2025-11-11,SKU-RED-001,SKU-GREEN-001,1L,4L,0.6,3,3,0.7,night,1,8.41,62607.09,1.5799,19578.73,13.88,7.59,0
TR-0664,2025-11-25,SKU-RED-001,SKU-GREEN-001,4L,4L,0.3,4,3,1.0,night,1,5.34,68469.99,0.3847,5243.69,4.57,6.21,0
TR-0665,2025-11-23,SKU-RED-001,SKU-GREEN-001,18L,1L,0.9,2,0,1.0,day,6,3.9,47331.68,0.9356,14686.66,13.76,2.45,0
TR-0666,2026-03-02,SKU-RED-001,SKU-GREEN-001,18L,1L,0.9,3,0,0.3,day,0,3.47,42289.43,1.1111,30275.91,16.46,7.79,0
TR-0667,2026-01-28,SKU-RED-001,SKU-GREEN-001,18L,4L,0.9,2,7,0.3,night,2,1.53,34887.92,1.4285,46822.46,12.49,8.1,0
TR-0668,2025-12-04,SKU-RED-001,SKU-GREEN-001,1L,18L,0.3,3,7,0.7,day,3,12.19,53216.4,1.257,33395.45,13.71,7.23,0
TR-0670,2025-12-31,SKU-RED-001,SKU-GREEN-001,1L,4L,0.6,3,3,0.3,day,2,13.44,56322.16,1.7194,32510.47,11.4,5.94,0
TR-0671,2026-01-23,SKU-RED-001,SKU-BROWN-001,1L,4L,0.9,4,1,0.7,night,4,4.36,42570.84,0.3981,22699.73,15.99,12.09,0
TR-0673,2026-03-29,SKU-RED-001,SKU-BROWN-001,4L,18L,0.6,3,7,0.3,night,6,7.0,59066.12,1.5354,55969.63,16.58,14.66,0
TR-0674,2025-12-19,SKU-RED-001,SKU-BROWN-001,4L,18L,0.3,4,0,0.7,day,4,13.82,61621.1,0.7313,13512.22,16.31,8.65,0
TR-0675,2026-02-25,SKU-RED-001,SKU-BROWN-001,18L,18L,0.3,3,0,1.0,day,2,5.08,69885.46,0.0684,11910.23,4.63,3.53,0
TR-0676,2026-01-03,SKU-RED-001,SKU-BROWN-001,4L,1L,0.9,2,0,0.3,night,5,8.35,45231.28,1.8188,29116.78,17.87,8.7,0
TR-0677,2026-01-18,SKU-RED-001,SKU-BROWN-001,1L,1L,0.3,4,0,0.3,day,6,17.19,48415.45,1.3886,33325.64,7.77,14.43,0
TR-0678,2025-11-07,SKU-RED-001,SKU-BROWN-001,1L,1L,0.6,4,1,1.0,night,4,2.3,62440.75,0.3177,4792.3,6.42,3.92,0
TR-0680,2026-01-17,SKU-RED-001,SKU-BROWN-001,4L,1L,0.3,4,7,1.0,night,5,10.51,72372.35,0.4039,13737.78,19.65,4.06,0
TR-0681,2025-12-09,SKU-RED-001,SKU-DGRAY-001,4L,1L,0.3,5,7,1.0,night,1,6.82,65709.88,0.8527,17716.94,16.09,5.79,0
TR-0683,2026-03-21,SKU-RED-001,SKU-DGRAY-001,4L,4L,0.9,3,7,0.3,night,5,3.46,40754.87,1.5643,53453.36,6.62,13.09,0
TR-0684,2025-12-23,SKU-RED-001,SKU-DGRAY-001,18L,1L,0.9,5,1,0.3,day,1,10.99,41718.82,1.3372,35515.33,16.42,13.81,0
TR-0686,2025-11-14,SKU-RED-001,SKU-DGRAY-001,4L,4L,0.3,5,1,0.3,day,4,16.35,76388.46,1.9412,39535.46,5.44,11.05,0
TR-0687,2025-12-17,SKU-RED-001,SKU-DGRAY-001,4L,1L,0.9,4,7,0.7,night,2,1.41,42512.32,1.1321,37424.64,17.67,8.76,0
TR-0688,2026-04-04,SKU-RED-001,SKU-DGRAY-001,4L,4L,0.3,5,7,1.0,night,5,0.92,85532.08,0.4677,16829.1,4.47,2.37,0
TR-0689,2025-12-11,SKU-RED-001,SKU-DGRAY-001,1L,1L,0.6,3,1,0.7,day,3,8.56,50142.37,0.7361,27317.04,7.01,4.61,0
TR-0690,2026-02-28,SKU-RED-001,SKU-DGRAY-001,4L,4L,0.6,5,1,0.3,night,5,11.68,60461.54,1.836,35395.08,1.91,9.76,0
TR-0691,2025-11-08,SKU-RED-001,SKU-BLACK-001,1L,1L,0.3,2,1,1.0,day,5,8.51,67186.04,0.8635,16439.67,6.55,6.32,0
TR-0692,2026-03-26,SKU-RED-001,SKU-BLACK-001,4L,4L,0.6,2,0,0.7,day,3,11.39,54452.3,1.9416,33373.24,3.94,11.29,0
TR-0693,2026-02-09,SKU-RED-001,SKU-BLACK-001,4L,18L,0.9,2,3,0.7,day,0,2.17,53108.25,1.8293,41545.86,11.01,11.08,0
TR-0694,2025-11-10,SKU-RED-001,SKU-BLACK-001,1L,1L,0.6,2,0,1.0,day,0,10.37,50748.64,0.5768,13172.29,7.73,10.37,0
TR-0696,2026-01-01,SKU-RED-001,SKU-BLACK-001,1L,4L,0.3,3,7,0.3,day,3,26.89,57836.45,2.5193,90262.06,15.17,15.66,0
TR-0697,2025-11-25,SKU-RED-001,SKU-BLACK-001,4L,1L,0.6,3,0,0.7,night,1,10.33,65099.39,1.4267,35129.73,20.52,10.02,0
TR-0698,2026-02-22,SKU-RED-001,SKU-BLACK-001,4L,1L,0.3,5,0,0.7,night,6,9.89,93347.27,1.6716,39349.16,12.42,13.37,0
TR-0700,2025-11-27,SKU-RED-001,SKU-BLACK-001,1L,1L,0.6,2,1,0.7,night,3,9.67,57566.74,1.823,32240.72,5.4,9.63,0
TR-0701,2025-12-17,SKU-RED-001,SKU-METAL-001,4L,18L,0.6,5,1,0.7,night,2,9.77,50470.67,0.7835,33556.25,14.95,8.47,0
TR-0702,2026-02-25,SKU-RED-001,SKU-METAL-001,1L,1L,0.6,3,1,0.7,day,2,12.41,61142.34,1.1184,31092.01,6.36,4.08,0
TR-0704,2026-03-15,SKU-RED-001,SKU-METAL-001,1L,18L,0.3,2,0,0.7,night,6,12.11,79197.17,1.5888,28442.49,12.54,9.74,0
TR-0705,2025-12-12,SKU-RED-001,SKU-METAL-001,18L,4L,0.9,5,0,1.0,day,4,6.69,26536.94,0.3426,20286.93,19.71,5.0,0
TR-0706,2026-01-21,SKU-RED-001,SKU-METAL-001,1L,18L,0.3,5,3,0.3,night,2,14.79,92255.66,1.3769,65265.75,16.77,12.63,0
TR-0708,2026-02-03,SKU-RED-001,SKU-METAL-001,18L,1L,0.6,2,7,1.0,night,1,1.74,58830.53,0.2413,28601.55,16.79,5.11,0
TR-0709,2025-12-16,SKU-RED-001,SKU-METAL-001,4L,1L,0.9,3,7,0.7,night,1,7.41,30538.13,1.0037,39549.94,11.69,6.32,0
TR-0710,2025-11-26,SKU-RED-001,SKU-METAL-001,18L,18L,0.3,2,0,1.0,night,2,9.49,65991.36,0.2559,21847.44,3.42,3.64,0
TR-0711,2025-11-09,SKU-RED-001,SKU-SPECIAL-001,4L,18L,0.3,3,7,1.0,night,6,9.97,80217.86,0.4348,33447.32,15.61,3.37,0
TR-0712,2026-04-15,SKU-RED-001,SKU-SPECIAL-001,4L,4L,0.3,4,1,1.0,night,2,5.03,67046.53,1.1259,25948.81,7.52,3.91,0
TR-0713,2025-11-02,SKU-RED-001,SKU-SPECIAL-001,18L,4L,0.3,2,1,0.7,night,6,5.79,79086.83,0.8999,43539.96,16.29,9.44,0
TR-0714,2026-04-14,SKU-RED-001,SKU-SPECIAL-001,1L,1L,0.9,5,1,1.0,night,1,4.59,44527.31,0.3149,18224.41,4.15,5.87,0
TR-0717,2026-02-05,SKU-RED-001,SKU-SPECIAL-001,4L,4L,0.6,2,1,1.0,day,3,1.59,54761.8,0.7212,13635.09,4.22,4.98,0
TR-0718,2026-01-12,SKU-RED-001,SKU-SPECIAL-001,1L,1L,0.3,5,3,0.3,night,0,19.49,65226.89,1.6087,64190.91,4.03,14.2,0
TR-0719,2026-02-16,SKU-RED-001,SKU-SPECIAL-001,1L,1L,0.6,3,1,0.7,day,0,10.87,37029.11,0.4773,28481.1,6.36,10.89,0
TR-0720,2026-01-28,SKU-RED-001,SKU-SPECIAL-001,4L,4L,0.9,2,1,1.0,night,2,4.52,38267.55,0.532,17205.61,3.85,5.44,0
TR-0721,2026-02-02,SKU-GREEN-001,SKU-WHITE-001,1L,1L,0.6,3,1,0.3,day,0,24.37,79088.95,4.3195,91232.35,3.42,22.57,0
TR-0722,2026-03-07,SKU-GREEN-001,SKU-WHITE-001,4L,18L,0.3,4,1,0.3,night,5,34.36,113251.74,4.0153,84983.12,15.69,24.27,0
TR-0724,2025-12-13,SKU-GREEN-001,SKU-WHITE-001,18L,18L,0.6,5,3,1.0,night,5,7.81,85872.03,1.3038,37183.52,5.59,9.78,0
TR-0725,2025-12-26,SKU-GREEN-001,SKU-WHITE-001,4L,1L,0.6,2,0,0.7,day,4,15.32,65576.86,2.6913,47007.39,15.08,15.44,0
TR-0726,2026-01-12,SKU-GREEN-001,SKU-WHITE-001,4L,4L,0.3,4,0,1.0,night,0,10.67,112462.17,1.4162,23934.02,7.22,9.12,0
TR-0728,2025-11-02,SKU-GREEN-001,SKU-WHITE-001,18L,1L,0.6,2,0,0.7,day,6,16.97,76154.69,2.3451,51344.9,14.48,18.01,0
TR-0729,2026-02-11,SKU-GREEN-001,SKU-WHITE-001,1L,4L,0.6,2,7,0.7,night,2,11.46,95824.17,2.4921,78923.59,15.86,14.34,0
TR-0730,2025-12-28,SKU-GREEN-001,SKU-WHITE-001,1L,1L,0.3,4,7,0.3,day,6,37.1,101615.83,3.8896,127766.81,4.81,23.05,0
TR-0731,2026-04-26,SKU-GREEN-001,SKU-IVORY-001,18L,1L,0.3,2,0,0.7,day,6,18.09,90821.21,2.0969,49602.17,13.56,8.28,0
TR-0732,2026-03-30,SKU-GREEN-001,SKU-IVORY-001,4L,1L,0.3,5,7,1.0,day,0,8.36,79604.0,1.4081,36934.4,14.34,10.58,0
TR-0733,2026-03-04,SKU-GREEN-001,SKU-IVORY-001,1L,1L,0.6,2,3,1.0,day,2,5.29,67482.25,1.4763,22891.49,5.69,7.08,0
TR-0734,2025-11-04,SKU-GREEN-001,SKU-IVORY-001,4L,4L,0.6,3,7,0.3,night,1,22.81,61008.4,3.6375,109417.48,5.11,18.07,0
TR-0735,2026-02-25,SKU-GREEN-001,SKU-IVORY-001,4L,18L,0.3,3,1,0.7,night,2,24.44,88247.84,2.3359,43790.38,15.61,14.09,0
TR-0736,2025-12-13,SKU-GREEN-001,SKU-IVORY-001,4L,18L,0.9,2,1,0.7,day,5,9.17,48449.92,2.2608,41652.52,17.9,13.13,0
TR-0737,2026-02-24,SKU-GREEN-001,SKU-IVORY-001,1L,1L,0.9,2,3,0.7,day,1,11.31,41759.11,2.3751,56871.27,4.87,13.5,0
TR-0738,2026-04-16,SKU-GREEN-001,SKU-IVORY-001,1L,18L,0.3,4,1,0.7,day,3,15.42,80277.24,2.3928,41938.98,13.79,9.98,0
TR-0741,2026-04-26,SKU-GREEN-001,SKU-LGRAY-001,1L,1L,0.3,3,1,0.7,night,6,16.26,86717.93,2.003,36910.65,5.69,11.91,0
TR-0742,2025-11-20,SKU-GREEN-001,SKU-LGRAY-001,1L,4L,0.3,4,7,1.0,day,3,6.86,93031.89,1.4719,30228.78,9.44,3.5,0
TR-0743,2025-12-29,SKU-GREEN-001,SKU-LGRAY-001,4L,1L,0.3,2,0,0.7,night,0,11.29,99998.38,1.9452,35989.72,13.1,10.66,0
TR-0744,2025-11-04,SKU-GREEN-001,SKU-LGRAY-001,18L,1L,0.6,5,0,0.7,day,1,13.82,65961.5,2.9043,37717.28,14.69,10.89,0
TR-0745,2026-03-28,SKU-GREEN-001,SKU-LGRAY-001,4L,18L,0.6,3,0,0.3,night,5,13.8,79019.6,2.7646,42871.03,16.76,15.21,0
TR-0746,2026-03-15,SKU-GREEN-001,SKU-LGRAY-001,1L,18L,0.6,4,7,1.0,night,6,9.11,74221.31,1.4877,28596.4,13.87,2.38,0
TR-0747,2025-12-02,SKU-GREEN-001,SKU-LGRAY-001,4L,4L,0.6,4,0,0.3,night,1,20.33,66285.54,2.7487,51554.73,4.37,18.98,0
TR-0750,2026-01-30,SKU-GREEN-001,SKU-LGRAY-001,1L,4L,0.6,5,7,0.3,night,4,22.36,74347.05,3.3644,79127.54,17.57,13.96,0
TR-0751,2025-12-06,SKU-GREEN-001,SKU-GRAY-001,4L,1L,0.3,5,1,0.7,night,5,14.25,70322.4,0.848,24480.47,12.09,9.87,0
TR-0753,2026-02-16,SKU-GREEN-001,SKU-GRAY-001,1L,1L,0.6,3,3,0.3,night,0,18.34,66334.68,2.0778,41379.37,1.7,11.79,0
TR-0755,2026-03-11,SKU-GREEN-001,SKU-GRAY-001,4L,1L,0.3,3,7,0.3,day,2,20.55,73538.91,2.1087,43671.26,14.1,6.39,0
TR-0756,2026-03-05,SKU-GREEN-001,SKU-GRAY-001,4L,1L,0.3,2,1,1.0,day,3,4.0,68622.03,0.6806,11627.91,13.01,3.93,0
TR-0757,2025-12-02,SKU-GREEN-001,SKU-GRAY-001,1L,4L,0.3,3,3,1.0,night,1,8.88,66915.67,0.8159,8530.36,16.47,7.39,0
TR-0758,2026-04-18,SKU-GREEN-001,SKU-GRAY-001,1L,4L,0.9,3,7,0.7,night,5,5.12,32144.89,0.9681,32801.3,14.69,8.95,0
TR-0759,2025-11-28,SKU-GREEN-001,SKU-GRAY-001,4L,18L,0.3,2,3,0.7,day,4,10.51,63452.11,1.5283,24011.79,17.18,5.27,0
TR-0760,2025-11-11,SKU-GREEN-001,SKU-GRAY-001,18L,1L,0.3,5,7,0.7,day,1,13.72,73039.23,0.8408,30037.76,13.18,9.55,0
TR-0762,2026-02-05,SKU-GREEN-001,SKU-BLUE-001,18L,4L,0.3,4,1,1.0,night,3,1.45,56015.13,0.1141,5147.79,15.45,3.4,0
TR-0763,2025-12-11,SKU-GREEN-001,SKU-BLUE-001,1L,4L,0.6,5,3,0.3,day,3,14.78,43922.74,0.8074,33622.13,19.46,8.05,0
TR-0764,2025-11-16,SKU-GREEN-001,SKU-BLUE-001,4L,1L,0.9,2,7,0.7,day,6,6.54,27533.19,0.4229,19806.39,17.61,5.42,0
TR-0765,2025-12-22,SKU-GREEN-001,SKU-BLUE-001,1L,4L,0.9,4,1,0.3,day,0,3.23,30843.91,0.9768,26228.19,20.01,9.57,0
TR-0766,2025-11-25,SKU-GREEN-001,SKU-BLUE-001,1L,18L,0.3,4,7,1.0,day,1,2.35,72461.95,0.2729,18855.43,13.72,2.97,0
TR-0767,2025-12-24,SKU-GREEN-001,SKU-BLUE-001,4L,4L,0.6,4,1,0.3,night,2,7.28,54662.53,1.1521,25896.43,5.34,7.15,0
TR-0768,2025-12-01,SKU-GREEN-001,SKU-BLUE-001,4L,1L,0.9,4,0,0.3,night,0,8.62,33631.46,0.9923,20214.85,18.63,5.01,0
TR-0769,2025-11-20,SKU-GREEN-001,SKU-BLUE-001,4L,1L,0.9,4,7,1.0,day,3,0.0,13679.17,0.0495,9478.24,17.9,2.92,0
TR-0772,2025-12-28,SKU-GREEN-001,SKU-RED-001,4L,4L,0.6,3,0,0.3,day,6,12.19,32192.38,1.3031,17368.15,3.64,6.92,0
TR-0773,2026-03-22,SKU-GREEN-001,SKU-RED-001,4L,1L,0.6,3,7,1.0,night,6,2.72,63014.62,0.8002,14216.94,16.53,2.54,0
TR-0774,2026-01-27,SKU-GREEN-001,SKU-RED-001,4L,1L,0.3,2,0,0.3,night,1,15.08,75917.99,1.0555,15931.71,15.35,9.88,0
TR-0775,2026-01-03,SKU-GREEN-001,SKU-RED-001,18L,1L,0.3,5,1,0.7,day,5,8.06,85458.95,0.2356,24391.17,16.38,7.77,0
TR-0777,2026-04-17,SKU-GREEN-001,SKU-RED-001,1L,18L,0.6,2,0,0.7,night,4,6.09,53850.82,1.1089,10097.54,18.56,10.44,0
TR-0778,2025-12-30,SKU-GREEN-001,SKU-RED-001,1L,4L,0.3,4,1,0.3,day,1,13.79,59824.64,1.4723,21646.08,14.48,9.9,0
TR-0779,2026-01-11,SKU-GREEN-001,SKU-RED-001,4L,1L,0.3,2,3,1.0,night,6,0.0,71334.49,0.5799,12194.64,15.35,4.83,0
TR-0780,2026-02-19,SKU-GREEN-001,SKU-RED-001,4L,4L,0.3,4,0,1.0,night,3,11.31,77093.02,0.1473,4507.53,5.08,1.78,0
TR-0782,2026-03-26,SKU-GREEN-001,SKU-GREEN-001,4L,1L,0.6,5,1,0.3,day,3,9.03,40519.05,2.1878,31194.43,15.22,7.14,0
TR-0784,2026-02-21,SKU-GREEN-001,SKU-GREEN-001,1L,1L,0.6,5,1,0.7,day,5,5.23,53083.54,0.471,14144.07,7.06,4.98,0
TR-0785,2026-01-06,SKU-GREEN-001,SKU-GREEN-001,4L,1L,0.6,3,1,1.0,day,1,6.11,48754.45,0.4453,14171.04,17.95,3.93,0
TR-0786,2026-02-21,SKU-GREEN-001,SKU-GREEN-001,4L,1L,0.9,3,0,1.0,night,5,2.93,43244.27,0.0,7860.57,14.41,3.05,0
TR-0787,2025-12-31,SKU-GREEN-001,SKU-GREEN-001,1L,1L,0.6,2,0,0.3,day,2,8.57,48659.17,0.8208,26281.66,2.43,5.62,0
TR-0788,2025-12-07,SKU-GREEN-001,SKU-GREEN-001,1L,4L,0.6,4,7,1.0,night,6,0.0,48341.82,0.2771,14947.68,19.44,4.48,0
TR-0789,2026-04-01,SKU-GREEN-001,SKU-GREEN-001,1L,4L,0.6,4,1,0.7,day,2,5.36,45916.64,0.2671,12741.14,19.85,4.2,0
TR-0790,2025-12-28,SKU-GREEN-001,SKU-GREEN-001,4L,18L,0.9,5,0,1.0,day,6,0.0,23071.96,0.3666,3427.31,15.89,5.66,0
TR-0792,2025-11-20,SKU-GREEN-001,SKU-BROWN-001,18L,4L,0.9,3,7,0.7,day,3,0.37,40613.74,1.3839,30992.59,15.34,5.68,0
TR-0793,2026-03-30,SKU-GREEN-001,SKU-BROWN-001,4L,4L,0.6,4,3,0.3,day,0,9.88,55966.02,2.0413,46872.3,5.98,11.2,0
TR-0794,2025-12-17,SKU-GREEN-001,SKU-BROWN-001,18L,1L,0.3,5,3,1.0,night,2,6.17,85587.1,0.7077,13275.29,12.77,0.0,0
TR-0795,2025-12-04,SKU-GREEN-001,SKU-BROWN-001,4L,4L,0.6,5,3,0.3,night,3,12.14,56007.65,2.0218,40135.71,5.82,10.48,0
TR-0796,2026-04-05,SKU-GREEN-001,SKU-BROWN-001,4L,18L,0.3,2,3,0.7,night,6,7.56,64895.17,1.3186,21758.13,14.0,4.61,0
TR-0798,2025-11-25,SKU-GREEN-001,SKU-BROWN-001,1L,4L,0.3,5,3,0.7,night,1,10.13,86403.8,1.5509,30624.13,14.42,1.71,0
TR-0799,2025-12-24,SKU-GREEN-001,SKU-BROWN-001,4L,1L,0.9,4,0,0.7,night,2,6.71,32967.9,1.1379,25953.88,17.3,11.84,0
TR-0800,2026-01-06,SKU-GREEN-001,SKU-BROWN-001,18L,4L,0.3,4,1,0.3,day,1,13.77,72474.02,2.1137,36097.02,19.08,13.14,0
TR-0801,2026-03-18,SKU-GREEN-001,SKU-DGRAY-001,4L,1L,0.3,4,1,0.7,night,2,11.77,84680.24,1.111,21188.75,17.42,10.39,0
TR-0802,2025-12-01,SKU-GREEN-001,SKU-DGRAY-001,4L,4L,0.6,2,1,0.7,day,0,14.44,52896.0,1.1173,25438.7,6.04,8.93,0
TR-0803,2026-01-25,SKU-GREEN-001,SKU-DGRAY-001,1L,4L,0.9,2,3,0.3,night,6,13.36,35556.93,2.064,53714.29,11.44,11.84,0
TR-0805,2026-03-08,SKU-GREEN-001,SKU-DGRAY-001,1L,1L,0.3,3,0,0.7,day,6,8.06,70240.07,1.2482,25601.76,3.95,5.85,0
TR-0806,2026-04-11,SKU-GREEN-001,SKU-DGRAY-001,4L,4L,0.6,3,3,0.3,night,5,12.64,53674.63,1.7948,44053.7,3.39,12.75,0
TR-0808,2026-04-30,SKU-GREEN-001,SKU-DGRAY-001,1L,18L,0.6,5,1,0.3,night,3,14.12,65928.89,1.8422,46225.95,13.37,12.53,0
TR-0809,2026-04-22,SKU-GREEN-001,SKU-DGRAY-001,1L,1L,0.6,5,7,0.7,day,2,8.58,45192.89,1.7983,47329.05,4.26,10.32,0
TR-0810,2026-03-27,SKU-GREEN-001,SKU-DGRAY-001,18L,4L,0.9,2,3,0.3,day,4,10.16,25293.83,2.4495,48786.49,14.07,14.82,0
TR-0811,2026-03-22,SKU-GREEN-001,SKU-BLACK-001,1L,1L,0.3,4,1,0.3,night,6,26.46,99408.22,2.4546,58991.2,4.32,18.82,0
TR-0814,2026-04-04,SKU-GREEN-001,SKU-BLACK-001,18L,1L,0.9,5,1,1.0,night,5,5.24,46642.23,0.8657,17327.65,14.11,6.63,0
TR-0815,2026-04-17,SKU-GREEN-001,SKU-BLACK-001,4L,1L,0.6,2,1,0.7,night,4,5.46,64517.66,1.9135,40451.73,17.33,11.45,0
TR-0816,2026-02-09,SKU-GREEN-001,SKU-BLACK-001,18L,4L,0.9,2,7,0.3,day,0,10.8,33760.37,3.3617,91416.68,13.88,16.19,0
TR-0817,2026-04-11,SKU-GREEN-001,SKU-BLACK-001,18L,1L,0.3,3,7,1.0,day,5,11.75,86718.65,0.8093,35003.43,16.81,3.54,0
TR-0818,2025-11-16,SKU-GREEN-001,SKU-BLACK-001,4L,1L,0.6,4,1,0.3,night,6,17.29,74748.36,2.9087,55509.36,15.65,20.09,0
TR-0819,2026-03-06,SKU-GREEN-001,SKU-BLACK-001,4L,1L,0.9,3,3,0.7,night,4,2.07,50213.94,1.9544,44240.4,17.45,13.1,0
TR-0820,2026-02-05,SKU-GREEN-001,SKU-BLACK-001,1L,1L,0.9,2,1,0.3,night,3,13.55,53955.99,2.8489,59982.85,3.29,15.86,0
TR-0822,2026-03-25,SKU-GREEN-001,SKU-METAL-001,4L,1L,0.9,3,3,1.0,night,2,1.09,32239.52,1.0754,23415.52,19.58,5.69,0
TR-0823,2025-12-13,SKU-GREEN-001,SKU-METAL-001,4L,18L,0.3,4,7,0.3,day,5,7.83,79631.54,1.7764,81852.69,15.28,16.79,0
TR-0824,2026-02-26,SKU-GREEN-001,SKU-METAL-001,1L,1L,0.6,3,0,0.7,day,3,7.91,52706.95,1.3496,32897.78,6.79,9.04,0
TR-0825,2026-01-18,SKU-GREEN-001,SKU-METAL-001,1L,4L,0.6,3,0,1.0,day,6,6.35,54884.72,0.9878,20505.14,16.7,7.54,0
TR-0826,2026-04-15,SKU-GREEN-001,SKU-METAL-001,4L,1L,0.9,4,7,0.3,day,2,10.76,37456.49,2.4357,78996.94,14.17,15.21,0
TR-0827,2026-03-02,SKU-GREEN-001,SKU-METAL-001,18L,1L,0.3,3,7,0.7,night,0,9.27,84872.39,1.3784,55444.68,13.58,11.53,0
TR-0828,2026-03-02,SKU-GREEN-001,SKU-METAL-001,1L,18L,0.6,2,1,0.3,night,0,11.49,49337.48,1.6308,45358.56,15.74,13.0,0
TR-0830,2025-12-16,SKU-GREEN-001,SKU-METAL-001,18L,18L,0.3,5,3,1.0,day,1,8.82,73572.18,0.8004,22968.04,4.89,10.31,0
TR-0832,2026-04-05,SKU-GREEN-001,SKU-SPECIAL-001,4L,4L,0.6,2,0,0.7,day,6,2.7,43626.56,0.52,22291.13,5.49,8.29,0
TR-0833,2025-12-01,SKU-GREEN-001,SKU-SPECIAL-001,1L,4L,0.3,4,0,1.0,night,0,6.76,67893.48,0.3639,15338.0,17.02,1.81,0
TR-0834,2026-01-21,SKU-GREEN-001,SKU-SPECIAL-001,18L,1L,0.9,4,0,1.0,night,2,0.0,39352.08,0.474,19402.73,15.08,3.99,0
TR-0836,2026-02-27,SKU-GREEN-001,SKU-SPECIAL-001,1L,18L,0.3,2,1,0.7,day,4,8.95,61570.39,0.9846,20867.22,17.8,10.53,0
TR-0837,2026-01-03,SKU-GREEN-001,SKU-SPECIAL-001,1L,4L,0.3,3,3,0.3,night,5,12.69,73426.05,1.3017,50457.49,15.19,15.36,0
TR-0838,2025-12-22,SKU-GREEN-001,SKU-SPECIAL-001,1L,1L,0.9,5,3,0.3,night,0,4.85,35863.77,0.7386,57222.14,6.46,11.4,0
TR-0839,2025-12-14,SKU-GREEN-001,SKU-SPECIAL-001,1L,18L,0.6,3,1,1.0,night,6,0.47,53313.76,0.204,24419.51,14.26,2.87,0
TR-0840,2026-01-08,SKU-GREEN-001,SKU-SPECIAL-001,1L,4L,0.6,3,7,0.7,day,3,9.49,38827.7,0.45,39964.22,13.27,9.32,0
TR-0842,2026-01-31,SKU-BROWN-001,SKU-WHITE-001,1L,4L,0.3,2,7,1.0,night,5,9.6,117598.12,1.5026,48145.16,15.13,12.8,1
TR-0843,2026-04-03,SKU-BROWN-001,SKU-WHITE-001,1L,4L,0.6,2,1,1.0,day,4,5.53,85159.97,1.7534,40395.85,17.36,10.03,1
TR-0844,2026-01-16,SKU-BROWN-001,SKU-WHITE-001,18L,18L,0.9,3,1,0.3,night,4,18.72,71306.81,5.3464,98177.74,6.16,27.83,1
TR-0846,2026-02-04,SKU-BROWN-001,SKU-WHITE-001,1L,1L,0.3,5,7,1.0,day,2,17.25,109325.01,1.4304,48547.38,5.07,8.71,1
TR-0847,2025-12-03,SKU-BROWN-001,SKU-WHITE-001,1L,18L,0.6,4,3,1.0,night,2,7.04,82200.18,2.2064,38128.39,15.46,9.51,1
TR-0848,2026-04-05,SKU-BROWN-001,SKU-WHITE-001,1L,1L,0.6,4,0,1.0,night,6,13.79,92348.49,1.9877,29917.97,5.52,11.68,1
TR-0849,2026-01-26,SKU-BROWN-001,SKU-WHITE-001,1L,1L,0.3,4,3,0.7,night,0,30.91,114465.47,3.3047,75650.3,3.44,13.35,1
TR-0851,2026-02-11,SKU-BROWN-001,SKU-IVORY-001,4L,1L,0.6,4,0,1.0,night,2,3.77,79154.07,1.0379,28687.13,15.96,8.23,1
TR-0852,2025-12-16,SKU-BROWN-001,SKU-IVORY-001,18L,4L,0.6,2,1,0.3,night,1,29.21,82326.39,4.7604,83028.99,11.95,20.43,1
TR-0853,2026-02-20,SKU-BROWN-001,SKU-IVORY-001,1L,1L,0.3,5,7,0.7,day,4,24.5,95893.88,3.0722,73739.69,3.94,18.24,1
TR-0854,2026-03-19,SKU-BROWN-001,SKU-IVORY-001,1L,1L,0.6,2,7,0.7,night,3,13.1,81436.57,2.864,73548.55,4.89,13.19,1
TR-0855,2025-11-22,SKU-BROWN-001,SKU-IVORY-001,4L,1L,0.3,5,7,0.7,night,5,25.51,110954.04,3.3603,77279.55,16.65,11.9,1
TR-0856,2026-03-15,SKU-BROWN-001,SKU-IVORY-001,4L,1L,0.6,4,0,0.3,day,6,18.55,88125.94,4.7264,88666.86,14.99,21.0,1
TR-0858,2025-11-13,SKU-BROWN-001,SKU-IVORY-001,1L,4L,0.6,4,1,0.7,day,3,10.54,69217.03,2.5846,47731.33,14.68,14.91,1
TR-0860,2026-03-31,SKU-BROWN-001,SKU-IVORY-001,4L,4L,0.9,5,7,1.0,day,1,4.55,50022.77,1.4455,48588.91,6.43,6.54,1
TR-0861,2026-03-17,SKU-BROWN-001,SKU-LGRAY-001,4L,4L,0.6,5,0,1.0,day,1,5.31,63524.36,1.529,19282.92,6.91,7.02,1
TR-0862,2026-01-14,SKU-BROWN-001,SKU-LGRAY-001,4L,4L,0.6,2,1,1.0,day,2,5.17,54865.03,1.6188,21379.96,5.01,5.57,1
TR-0863,2026-03-06,SKU-BROWN-001,SKU-LGRAY-001,18L,1L,0.9,3,7,1.0,day,4,7.01,54791.62,1.3407,39448.42,15.51,8.26,1
TR-0864,2026-02-11,SKU-BROWN-001,SKU-LGRAY-001,4L,1L,0.3,5,3,0.7,night,2,15.45,97741.42,1.9882,46686.39,13.45,10.82,1
TR-0865,2026-03-17,SKU-BROWN-001,SKU-LGRAY-001,1L,18L,0.6,5,3,0.7,day,1,15.53,64241.75,2.7393,50641.34,13.87,14.53,1
TR-0867,2026-02-13,SKU-BROWN-001,SKU-LGRAY-001,18L,1L,0.3,3,7,1.0,day,4,11.17,77438.12,1.0449,37120.6,13.16,8.73,1
TR-0868,2025-12-20,SKU-BROWN-001,SKU-LGRAY-001,18L,1L,0.6,3,1,0.7,day,5,12.76,70893.67,2.2542,49096.38,13.54,12.96,1
TR-0869,2026-04-04,SKU-BROWN-001,SKU-LGRAY-001,4L,1L,0.3,5,0,1.0,night,5,15.12,102533.08,1.8398,16120.78,18.01,8.61,1
TR-0871,2026-02-21,SKU-BROWN-001,SKU-GRAY-001,4L,4L,0.6,5,0,0.7,night,5,9.33,59179.23,1.2837,22145.57,5.8,9.89,0
TR-0872,2026-01-07,SKU-BROWN-001,SKU-GRAY-001,4L,4L,0.3,3,3,0.7,night,2,14.85,79326.63,1.5657,37624.1,3.52,11.8,0
TR-0873,2026-02-26,SKU-BROWN-001,SKU-GRAY-001,18L,4L,0.3,4,3,0.7,night,3,11.85,85240.59,1.7804,39502.82,16.07,9.34,0
TR-0874,2026-03-14,SKU-BROWN-001,SKU-GRAY-001,1L,1L,0.6,4,3,0.7,day,5,7.75,53048.91,1.1033,32962.28,7.04,12.08,0
TR-0875,2025-12-03,SKU-BROWN-001,SKU-GRAY-001,1L,1L,0.6,4,1,0.3,day,2,14.37,63391.26,2.4416,46104.75,0.96,14.08,0
TR-0877,2026-03-04,SKU-BROWN-001,SKU-GRAY-001,18L,1L,0.3,4,1,0.7,day,2,13.83,76872.25,1.0188,34225.87,13.9,7.58,0
TR-0878,2026-02-26,SKU-BROWN-001,SKU-GRAY-001,4L,4L,0.3,3,1,0.7,day,3,12.34,72970.45,1.6382,31598.26,2.66,8.29,0
TR-0879,2026-03-18,SKU-BROWN-001,SKU-GRAY-001,18L,18L,0.3,5,1,0.3,night,2,21.68,100106.09,2.1894,44483.12,5.43,17.45,0
TR-0881,2026-01-02,SKU-BROWN-001,SKU-BLUE-001,4L,4L,0.6,2,0,0.7,day,4,8.68,54993.66,1.2195,24747.94,3.66,7.33,0
TR-0882,2026-03-05,SKU-BROWN-001,SKU-BLUE-001,1L,1L,0.6,2,7,1.0,day,3,1.07,51268.35,0.0,16204.72,4.98,6.45,0
TR-0883,2026-01-09,SKU-BROWN-001,SKU-BLUE-001,4L,1L,0.9,5,3,1.0,night,4,2.79,32115.27,1.0195,22010.66,12.2,4.35,0
TR-0884,2025-11-29,SKU-BROWN-001,SKU-BLUE-001,18L,18L,0.6,2,3,1.0,night,5,2.8,58743.88,0.1924,15955.05,8.3,6.63,0
TR-0885,2026-01-27,SKU-BROWN-001,SKU-BLUE-001,4L,4L,0.3,3,0,0.3,day,1,16.26,68131.01,1.4228,39195.74,3.17,7.9,0
TR-0888,2025-11-02,SKU-BROWN-001,SKU-BLUE-001,4L,4L,0.6,4,1,0.7,night,6,12.84,61227.14,1.5804,25144.97,4.46,9.56,0
TR-0889,2026-01-22,SKU-BROWN-001,SKU-BLUE-001,4L,1L,0.9,3,1,1.0,night,3,4.0,38946.0,0.906,11958.88,11.83,4.81,0
TR-0890,2026-03-01,SKU-BROWN-001,SKU-BLUE-001,18L,18L,0.9,5,7,0.3,night,6,12.55,41172.18,1.7971,54367.18,3.63,14.18,0
TR-0892,2026-01-23,SKU-BROWN-001,SKU-RED-001,4L,4L,0.6,4,0,0.3,day,4,14.58,46320.35,0.6786,25174.19,2.79,13.64,0
TR-0894,2026-03-05,SKU-BROWN-001,SKU-RED-001,4L,18L,0.3,4,0,1.0,night,3,13.12,78113.93,0.3289,10853.94,13.42,3.61,0
TR-0895,2026-01-25,SKU-BROWN-001,SKU-RED-001,4L,4L,0.9,2,0,1.0,day,6,4.51,47213.01,0.8753,1970.85,0.15,0.0,0
TR-0896,2025-11-19,SKU-BROWN-001,SKU-RED-001,4L,4L,0.6,5,7,1.0,day,2,3.46,43335.19,0.301,15893.52,1.97,3.47,0
TR-0897,2026-02-19,SKU-BROWN-001,SKU-RED-001,18L,4L,0.6,2,7,0.3,day,3,11.88,47384.14,1.6427,53262.14,14.19,9.42,0
TR-0898,2026-02-26,SKU-BROWN-001,SKU-RED-001,4L,1L,0.9,4,1,0.3,day,3,8.11,42511.18,1.4968,36309.93,16.95,8.12,0
TR-0899,2026-03-19,SKU-BROWN-001,SKU-RED-001,1L,1L,0.6,3,1,0.3,night,3,16.16,56773.7,2.1002,46389.51,5.07,10.53,0
TR-0900,2026-02-21,SKU-BROWN-001,SKU-RED-001,1L,18L,0.3,5,1,0.7,day,5,6.8,65754.33,1.1923,22823.45,15.35,6.19,0
TR-0901,2025-12-15,SKU-BROWN-001,SKU-GREEN-001,4L,4L,0.9,2,1,0.3,day,0,13.17,17089.6,2.524,35025.47,3.82,12.8,0
TR-0904,2026-01-03,SKU-BROWN-001,SKU-GREEN-001,1L,1L,0.9,3,1,1.0,night,5,3.2,43827.42,0.0704,12052.6,3.98,2.77,0
TR-0905,2026-02-15,SKU-BROWN-001,SKU-GREEN-001,18L,4L,0.3,3,1,0.7,day,6,11.09,69514.68,1.4124,22990.73,12.32,10.44,0
TR-0906,2026-04-09,SKU-BROWN-001,SKU-GREEN-001,1L,4L,0.6,2,7,0.3,day,3,13.66,42660.56,2.0429,54114.72,13.84,11.91,0
TR-0907,2025-11-04,SKU-BROWN-001,SKU-GREEN-001,1L,1L,0.6,2,0,0.7,night,1,14.07,53775.64,1.0831,21372.98,2.73,5.98,0
TR-0908,2026-01-19,SKU-BROWN-001,SKU-GREEN-001,4L,18L,0.6,3,3,1.0,night,0,8.98,65623.43,0.839,13884.82,16.27,2.13,0
TR-0909,2025-12-03,SKU-BROWN-001,SKU-GREEN-001,1L,1L,0.3,3,0,1.0,day,2,5.74,62650.86,0.4896,8813.33,4.99,7.64,0
TR-0910,2026-01-17,SKU-BROWN-001,SKU-GREEN-001,1L,18L,0.9,4,1,0.7,night,5,4.27,37309.28,0.537,26175.46,14.95,4.11,0
TR-0911,2026-04-11,SKU-BROWN-001,SKU-BROWN-001,1L,1L,0.3,2,1,1.0,day,5,5.93,59021.39,0.4278,5472.64,1.08,3.68,0
TR-0912,2025-12-19,SKU-BROWN-001,SKU-BROWN-001,4L,18L,0.9,5,7,0.3,night,4,3.87,39280.33,1.2638,29981.72,15.53,4.29,0
TR-0913,2026-01-26,SKU-BROWN-001,SKU-BROWN-001,18L,1L,0.6,5,7,1.0,day,0,2.25,42131.89,0.387,8496.31,13.1,5.35,0
TR-0914,2026-03-20,SKU-BROWN-001,SKU-BROWN-001,1L,1L,0.6,2,0,1.0,night,4,5.54,42041.45,0.5118,11294.34,9.84,1.27,0
TR-0915,2026-03-10,SKU-BROWN-001,SKU-BROWN-001,1L,18L,0.9,3,1,1.0,day,1,2.72,29668.33,0.0339,5356.16,15.48,0.67,0
TR-0917,2025-12-09,SKU-BROWN-001,SKU-BROWN-001,4L,18L,0.6,3,3,0.3,night,1,8.04,68428.71,0.9889,37576.61,13.94,9.02,0
TR-0919,2026-01-02,SKU-BROWN-001,SKU-BROWN-001,1L,1L,0.6,5,1,0.3,night,4,16.87,48978.47,1.7252,29273.48,7.34,11.1,0
TR-0920,2026-04-22,SKU-BROWN-001,SKU-BROWN-001,1L,4L,0.9,4,3,0.3,day,2,2.97,31466.08,0.6985,26492.61,15.24,10.93,0
TR-0921,2025-12-02,SKU-BROWN-001,SKU-DGRAY-001,4L,4L,0.3,2,3,0.7,day,1,5.01,70407.08,1.129,27967.31,1.48,4.22,0
TR-0922,2026-04-27,SKU-BROWN-001,SKU-DGRAY-001,18L,4L,0.6,3,0,0.3,night,0,11.7,42420.78,1.446,36124.24,14.38,10.18,0
TR-0923,2025-11-27,SKU-BROWN-001,SKU-DGRAY-001,18L,1L,0.9,4,3,1.0,night,3,0.0,39883.46,0.5067,16505.17,17.92,5.75,0
TR-0924,2026-01-02,SKU-BROWN-001,SKU-DGRAY-001,4L,1L,0.6,4,0,1.0,night,4,0.0,47976.02,0.7753,6054.35,16.75,2.71,0
TR-0927,2026-02-14,SKU-BROWN-001,SKU-DGRAY-001,18L,4L,0.6,4,3,0.7,day,5,6.37,42104.99,1.3249,29459.45,12.73,3.74,0
TR-0928,2025-12-12,SKU-BROWN-001,SKU-DGRAY-001,1L,4L,0.9,4,7,0.7,day,4,8.15,26236.86,1.2691,18047.34,14.76,2.5,0
TR-0929,2025-12-29,SKU-BROWN-001,SKU-DGRAY-001,1L,1L,0.9,2,7,0.7,night,0,1.6,41234.06,1.4741,19749.49,3.19,6.47,0
TR-0930,2026-02-21,SKU-BROWN-001,SKU-DGRAY-001,18L,4L,0.3,4,0,0.3,day,5,9.46,60444.1,1.064,21017.2,15.11,7.42,0
TR-0932,2026-01-15,SKU-BROWN-001,SKU-BLACK-001,4L,18L,0.6,3,7,0.3,day,3,11.59,54408.5,2.7665,66436.47,17.86,9.34,0
TR-0933,2026-01-02,SKU-BROWN-001,SKU-BLACK-001,18L,4L,0.3,3,0,0.7,day,4,19.22,65846.47,1.5738,25821.98,8.28,6.62,0
TR-0934,2025-12-20,SKU-BROWN-001,SKU-BLACK-001,4L,18L,0.9,5,7,1.0,night,5,1.56,44841.38,0.6584,11315.26,12.06,8.32,0
TR-0935,2025-12-31,SKU-BROWN-001,SKU-BLACK-001,1L,1L,0.9,3,3,1.0,day,2,4.95,51876.51,1.2623,13531.03,8.13,4.91,0
TR-0936,2026-03-18,SKU-BROWN-001,SKU-BLACK-001,1L,18L,0.9,3,3,1.0,day,2,0.01,47695.77,1.0167,21253.92,12.86,5.24,0
TR-0938,2025-11-08,SKU-BROWN-001,SKU-BLACK-001,4L,4L,0.9,3,7,0.3,night,5,8.86,40819.94,2.6255,75829.22,5.71,12.03,0
TR-0939,2026-02-13,SKU-BROWN-001,SKU-BLACK-001,1L,4L,0.9,4,0,1.0,day,4,3.17,53281.07,1.444,11422.67,13.15,3.59,0
TR-0940,2025-12-12,SKU-BROWN-001,SKU-BLACK-001,4L,1L,0.9,3,1,0.3,night,4,10.2,49530.68,2.5901,43070.54,14.08,11.4,0
TR-0941,2026-02-13,SKU-BROWN-001,SKU-METAL-001,1L,4L,0.6,3,0,0.7,night,4,7.7,51705.84,0.8308,34162.27,14.91,10.79,0
TR-0942,2026-01-29,SKU-BROWN-001,SKU-METAL-001,18L,4L,0.6,5,0,1.0,night,3,7.66,54525.71,0.3882,17672.54,14.15,6.27,0
TR-0943,2026-03-16,SKU-BROWN-001,SKU-METAL-001,1L,1L,0.6,2,3,0.3,day,0,11.48,47333.87,1.2915,63738.01,2.71,18.2,0
TR-0944,2025-12-10,SKU-BROWN-001,SKU-METAL-001,4L,4L,0.6,3,1,0.7,day,2,1.25,55849.98,0.3557,23631.75,8.4,12.65,0
TR-0945,2026-01-14,SKU-BROWN-001,SKU-METAL-001,1L,4L,0.9,3,0,0.7,day,2,0.0,46523.5,0.3594,18974.53,17.27,8.36,0
TR-0948,2026-01-12,SKU-BROWN-001,SKU-METAL-001,1L,4L,0.3,4,7,0.7,night,0,5.9,61964.38,0.7145,49915.99,13.03,9.65,0
TR-0949,2026-03-08,SKU-BROWN-001,SKU-METAL-001,18L,4L,0.9,2,0,0.3,day,6,5.2,38107.39,0.8799,52429.8,12.92,12.31,0
TR-0950,2026-03-17,SKU-BROWN-001,SKU-METAL-001,1L,18L,0.6,3,3,1.0,day,1,5.64,36279.41,0.5444,14041.22,16.39,3.46,0
TR-0951,2026-04-24,SKU-BROWN-001,SKU-SPECIAL-001,4L,18L,0.3,5,1,0.3,night,4,18.98,80352.14,2.1733,62318.73,19.5,17.82,0
TR-0952,2025-12-23,SKU-BROWN-001,SKU-SPECIAL-001,18L,1L,0.6,2,1,1.0,night,1,13.49,61529.74,0.3836,20675.44,15.32,5.8,0
TR-0953,2025-12-07,SKU-BROWN-001,SKU-SPECIAL-001,4L,4L,0.6,5,3,0.3,night,6,12.51,61430.95,1.4987,70223.98,5.71,16.3,0
TR-0954,2026-03-05,SKU-BROWN-001,SKU-SPECIAL-001,1L,1L,0.9,5,0,1.0,night,3,6.28,42202.25,0.7034,26017.81,6.92,9.3,0
TR-0955,2025-11-18,SKU-BROWN-001,SKU-SPECIAL-001,1L,1L,0.9,4,7,0.7,night,1,4.62,41772.7,1.2153,62253.56,6.84,7.34,0
TR-0956,2025-11-23,SKU-BROWN-001,SKU-SPECIAL-001,4L,4L,0.3,2,7,0.7,day,6,11.56,64650.27,1.2011,56807.37,4.74,10.36,0
TR-0958,2026-01-04,SKU-BROWN-001,SKU-SPECIAL-001,18L,1L,0.3,2,7,0.7,day,6,14.28,68941.66,1.5364,53964.14,13.36,13.8,0
TR-0960,2026-01-22,SKU-BROWN-001,SKU-SPECIAL-001,1L,1L,0.3,3,0,0.7,day,3,5.84,67673.32,0.9696,32320.94,5.45,13.84,0
TR-0961,2026-03-25,SKU-DGRAY-001,SKU-WHITE-001,4L,1L,0.6,5,3,1.0,night,2,5.89,87605.21,1.583,46229.89,11.65,14.92,1
TR-0962,2026-02-25,SKU-DGRAY-001,SKU-WHITE-001,4L,18L,0.6,4,1,0.3,night,2,28.0,121544.89,5.1605,102195.64,16.41,26.21,1
TR-0965,2026-04-18,SKU-DGRAY-001,SKU-WHITE-001,4L,1L,0.6,5,3,1.0,night,5,11.0,101136.66,2.2351,46335.97,13.82,13.6,1
TR-0966,2026-04-09,SKU-DGRAY-001,SKU-WHITE-001,4L,1L,0.6,3,7,1.0,night,3,12.0,89390.53,1.6819,59810.8,14.2,8.61,1
TR-0967,2026-04-24,SKU-DGRAY-001,SKU-WHITE-001,4L,1L,0.6,3,1,0.7,night,4,12.66,104740.23,3.9377,68501.7,13.12,21.75,1
TR-0968,2026-04-06,SKU-DGRAY-001,SKU-WHITE-001,4L,4L,0.3,2,0,0.3,day,0,44.9,121602.63,5.581,97341.99,3.33,31.47,1
TR-0969,2025-12-22,SKU-DGRAY-001,SKU-WHITE-001,4L,18L,0.6,2,3,1.0,night,0,5.75,79791.35,2.0329,38949.38,14.77,10.9,1
TR-0970,2026-03-24,SKU-DGRAY-001,SKU-WHITE-001,1L,18L,0.3,5,0,1.0,night,1,16.23,100349.51,2.1231,40515.25,13.41,5.98,1
TR-0971,2025-11-30,SKU-DGRAY-001,SKU-IVORY-001,4L,1L,0.6,2,0,0.3,night,6,22.87,87047.14,4.3338,84567.56,16.89,24.05,1
TR-0972,2026-02-21,SKU-DGRAY-001,SKU-IVORY-001,4L,1L,0.3,5,3,0.7,day,5,23.12,104071.09,3.2,64732.01,14.11,16.11,1
TR-0973,2026-04-21,SKU-DGRAY-001,SKU-IVORY-001,1L,4L,0.6,2,3,1.0,night,1,15.83,81672.18,1.8102,38749.7,15.78,7.75,1
TR-0974,2026-01-11,SKU-DGRAY-001,SKU-IVORY-001,18L,18L,0.3,5,3,0.3,day,6,32.23,97404.3,5.7271,97399.64,4.17,25.56,1
TR-0975,2026-04-18,SKU-DGRAY-001,SKU-IVORY-001,4L,1L,0.9,2,1,1.0,day,5,6.3,37109.84,2.1631,31851.72,14.61,9.17,1
TR-0976,2026-04-22,SKU-DGRAY-001,SKU-IVORY-001,1L,1L,0.6,5,7,1.0,night,2,11.4,85524.0,1.9159,50830.47,4.84,9.62,1
TR-0978,2025-11-23,SKU-DGRAY-001,SKU-IVORY-001,18L,1L,0.3,4,0,0.3,night,6,33.15,108928.29,4.3745,80313.26,16.03,24.58,1
TR-0979,2025-11-21,SKU-DGRAY-001,SKU-IVORY-001,1L,4L,0.3,2,7,1.0,day,4,13.9,91102.08,1.9943,55121.42,16.3,12.25,1
TR-0980,2026-03-07,SKU-DGRAY-001,SKU-IVORY-001,4L,1L,0.6,2,7,0.3,day,5,33.36,73333.77,5.3434,136897.47,13.85,23.61,1
TR-0982,2026-01-28,SKU-DGRAY-001,SKU-LGRAY-001,4L,4L,0.9,4,3,0.3,day,2,18.75,48512.44,4.0092,89499.3,5.08,18.78,1
TR-0983,2026-04-22,SKU-DGRAY-001,SKU-LGRAY-001,4L,4L,0.3,2,3,1.0,night,2,9.97,116304.53,1.3815,25284.07,4.75,5.86,1
TR-0984,2026-01-31,SKU-DGRAY-001,SKU-LGRAY-001,4L,4L,0.6,4,7,0.7,day,5,15.06,66317.56,2.303,72916.87,6.29,12.09,1
TR-0986,2026-02-11,SKU-DGRAY-001,SKU-LGRAY-001,1L,4L,0.9,3,1,1.0,day,2,5.75,39936.98,1.5213,28537.51,15.76,9.82,1
TR-0987,2025-12-11,SKU-DGRAY-001,SKU-LGRAY-001,1L,18L,0.9,4,1,0.3,night,3,12.75,38784.1,4.3024,72375.24,12.05,21.14,1
TR-0988,2026-01-30,SKU-DGRAY-001,SKU-LGRAY-001,18L,1L,0.6,5,3,0.3,day,4,19.79,71246.63,4.4107,86609.34,17.72,20.14,1
TR-0989,2026-01-26,SKU-DGRAY-001,SKU-LGRAY-001,4L,4L,0.6,2,1,1.0,night,0,6.89,78116.48,1.3345,31711.63,2.92,6.7,1
TR-0991,2026-01-22,SKU-DGRAY-001,SKU-GRAY-001,4L,4L,0.3,3,1,0.7,night,3,16.71,95466.68,1.5488,30511.57,6.05,11.21,0
TR-0993,2026-01-03,SKU-DGRAY-001,SKU-GRAY-001,1L,1L,0.6,5,1,0.7,night,5,8.43,71244.6,1.6158,33680.86,5.48,8.6,0
TR-0995,2026-04-16,SKU-DGRAY-001,SKU-GRAY-001,4L,4L,0.6,5,1,0.7,night,3,7.24,67478.0,1.607,30979.9,4.76,11.39,0
TR-0996,2026-04-30,SKU-DGRAY-001,SKU-GRAY-001,4L,1L,0.9,3,3,0.3,day,3,14.07,34622.3,2.7738,61454.09,15.95,13.71,0
TR-0997,2025-11-07,SKU-DGRAY-001,SKU-GRAY-001,4L,4L,0.6,3,3,1.0,day,4,4.65,58592.47,0.915,18351.32,1.81,5.36,0
TR-0998,2025-12-04,SKU-DGRAY-001,SKU-GRAY-001,4L,18L,0.3,3,0,1.0,day,3,10.44,78627.24,0.1968,16255.33,13.91,7.35,0
TR-0999,2025-11-18,SKU-DGRAY-001,SKU-GRAY-001,4L,4L,0.9,5,7,1.0,day,1,2.96,40249.57,1.1703,26811.68,5.32,1.58,0
TR-1000,2025-12-29,SKU-DGRAY-001,SKU-GRAY-001,1L,4L,0.9,2,0,1.0,day,0,3.33,40048.61,0.2668,17795.92,16.04,5.29,0
TR-1001,2026-01-21,SKU-DGRAY-001,SKU-BLUE-001,1L,4L,0.9,5,0,1.0,night,2,0.0,37412.56,0.4016,14763.29,17.59,5.47,0
TR-1002,2025-12-24,SKU-DGRAY-001,SKU-BLUE-001,1L,4L,0.6,2,3,1.0,day,2,3.84,64333.64,0.7795,19586.09,13.87,3.7,0
TR-1003,2026-02-04,SKU-DGRAY-001,SKU-BLUE-001,4L,1L,0.3,4,3,0.3,night,2,21.54,76285.94,1.8234,46116.79,10.06,14.96,0
TR-1004,2026-04-21,SKU-DGRAY-001,SKU-BLUE-001,4L,4L,0.3,2,0,0.7,day,1,11.9,74003.87,1.7009,15028.69,4.94,4.62,0
TR-1007,2026-01-03,SKU-DGRAY-001,SKU-BLUE-001,1L,1L,0.3,2,0,0.3,night,5,21.45,73800.0,2.3536,37793.39,5.36,13.76,0
TR-1008,2025-12-26,SKU-DGRAY-001,SKU-BLUE-001,4L,18L,0.9,4,0,0.7,night,4,4.66,44659.04,1.3631,21745.46,16.39,10.12,0
TR-1009,2025-12-23,SKU-DGRAY-001,SKU-BLUE-001,1L,4L,0.9,2,7,0.3,day,1,13.23,19368.49,2.2637,66995.76,14.46,11.7,0
TR-1010,2025-11-06,SKU-DGRAY-001,SKU-BLUE-001,4L,4L,0.9,3,1,0.3,night,3,9.25,25640.46,2.0991,41659.91,0.42,16.01,0
TR-1011,2026-03-28,SKU-DGRAY-001,SKU-RED-001,18L,4L,0.6,4,7,0.3,night,5,15.23,62019.76,1.6019,55520.67,14.88,12.14,0
TR-1012,2026-04-16,SKU-DGRAY-001,SKU-RED-001,1L,4L,0.6,5,1,1.0,day,3,4.39,40431.53,1.0519,15919.03,13.14,3.87,0
TR-1013,2026-02-04,SKU-DGRAY-001,SKU-RED-001,4L,4L,0.6,4,7,0.3,night,2,6.9,58450.92,1.5914,65224.89,3.04,8.39,0
TR-1014,2026-04-22,SKU-DGRAY-001,SKU-RED-001,4L,1L,0.6,2,3,0.3,night,2,16.72,48473.92,1.8737,40367.72,13.22,8.3,0
TR-1015,2026-01-27,SKU-DGRAY-001,SKU-RED-001,4L,18L,0.9,3,3,1.0,day,1,5.44,47638.17,0.5642,10616.41,15.91,2.61,0
TR-1016,2026-02-16,SKU-DGRAY-001,SKU-RED-001,18L,18L,0.9,2,0,1.0,day,0,3.01,45872.2,0.4654,19119.82,3.58,1.18,0
TR-1017,2026-03-06,SKU-DGRAY-001,SKU-RED-001,1L,4L,0.6,5,7,0.3,night,4,12.87,63667.31,1.7438,47282.74,14.28,11.19,0
TR-1018,2026-04-27,SKU-DGRAY-001,SKU-RED-001,18L,1L,0.3,2,7,0.3,day,0,16.29,67447.61,1.5053,50887.16,15.72,14.86,0
TR-1021,2026-01-05,SKU-DGRAY-001,SKU-GREEN-001,4L,18L,0.6,2,7,1.0,night,0,9.55,68882.44,0.7501,20076.16,18.28,4.02,0
TR-1022,2025-11-23,SKU-DGRAY-001,SKU-GREEN-001,4L,4L,0.3,3,0,0.7,night,6,12.17,83524.28,1.322,21483.53,3.73,11.62,0
TR-1023,2026-02-24,SKU-DGRAY-001,SKU-GREEN-001,1L,4L,0.3,3,0,1.0,night,1,8.68,79821.72,1.1424,15730.08,15.78,2.45,0
TR-1024,2025-11-13,SKU-DGRAY-001,SKU-GREEN-001,1L,1L,0.9,5,1,0.7,night,3,6.61,33917.67,1.1422,26081.89,2.97,3.55,0
TR-1025,2025-11-20,SKU-DGRAY-001,SKU-GREEN-001,1L,4L,0.3,5,1,0.7,day,3,11.49,77830.99,1.0331,30581.6,11.84,8.53,0
TR-1026,2026-04-29,SKU-DGRAY-001,SKU-GREEN-001,18L,1L,0.3,3,1,1.0,day,2,4.31,70285.88,0.702,17364.25,11.96,4.32,0
TR-1029,2026-04-18,SKU-DGRAY-001,SKU-GREEN-001,1L,4L,0.9,2,1,0.3,day,5,8.02,29433.74,2.2734,50642.33,14.69,13.18,0
TR-1030,2026-03-15,SKU-DGRAY-001,SKU-GREEN-001,4L,4L,0.3,4,1,0.7,day,6,15.63,74212.6,1.6455,20311.97,4.09,8.52,0
TR-1031,2026-02-08,SKU-DGRAY-001,SKU-BROWN-001,4L,4L,0.3,3,1,1.0,day,6,6.24,40030.03,0.4455,8931.17,3.62,2.99,0
TR-1032,2026-02-14,SKU-DGRAY-001,SKU-BROWN-001,18L,1L,0.3,4,7,0.3,night,5,17.72,69012.58,1.5506,42354.7,14.72,7.99,0
TR-1033,2026-02-24,SKU-DGRAY-001,SKU-BROWN-001,4L,18L,0.9,3,7,1.0,night,1,0.0,42519.74,0.8587,8312.13,14.19,6.95,0
TR-1034,2026-02-19,SKU-DGRAY-001,SKU-BROWN-001,4L,4L,0.9,2,1,1.0,day,3,0.71,17652.57,0.6403,14021.91,6.48,2.75,0
TR-1037,2026-01-07,SKU-DGRAY-001,SKU-BROWN-001,4L,4L,0.3,3,3,0.3,night,2,14.29,75656.53,1.7508,26565.96,4.01,9.77,0
TR-1038,2026-01-14,SKU-DGRAY-001,SKU-BROWN-001,4L,1L,0.9,4,1,1.0,night,2,0.65,32750.95,0.0,13892.84,13.23,4.06,0
TR-1039,2026-01-05,SKU-DGRAY-001,SKU-BROWN-001,4L,1L,0.6,5,0,0.3,day,0,12.26,29017.26,1.4518,22852.41,11.48,8.74,0
TR-1040,2026-03-11,SKU-DGRAY-001,SKU-BROWN-001,4L,1L,0.3,5,7,1.0,day,2,2.59,67298.52,0.6493,15707.66,12.68,6.35,0
TR-1042,2026-01-10,SKU-DGRAY-001,SKU-DGRAY-001,1L,1L,0.3,4,3,0.3,day,5,17.13,60380.87,0.9163,28231.93,6.92,8.39,0
TR-1044,2026-01-11,SKU-DGRAY-001,SKU-DGRAY-001,1L,1L,0.6,5,7,0.7,day,6,6.95,37722.95,0.8767,31472.51,7.45,8.99,0
TR-1045,2026-04-07,SKU-DGRAY-001,SKU-DGRAY-001,4L,1L,0.6,3,7,0.7,night,1,4.76,40336.84,0.3196,27126.16,13.48,4.4,0
TR-1046,2026-04-30,SKU-DGRAY-001,SKU-DGRAY-001,1L,18L,0.9,5,1,0.7,day,3,4.76,28084.8,1.1698,19693.62,16.57,4.44,0
TR-1047,2026-03-01,SKU-DGRAY-001,SKU-DGRAY-001,18L,4L,0.9,3,0,0.7,day,6,2.09,23184.3,0.9371,16957.95,14.29,1.28,0
TR-1048,2025-11-23,SKU-DGRAY-001,SKU-DGRAY-001,4L,1L,0.6,4,3,0.7,day,6,9.18,38370.9,0.3795,25906.26,16.43,2.0,0
TR-1049,2026-02-06,SKU-DGRAY-001,SKU-DGRAY-001,1L,4L,0.3,3,0,1.0,day,4,4.79,59853.09,0.5703,14103.16,16.35,4.86,0
TR-1050,2025-12-18,SKU-DGRAY-001,SKU-DGRAY-001,1L,1L,0.9,2,1,0.3,day,3,1.89,41130.12,0.6656,19908.84,4.91,7.15,0
TR-1051,2026-03-01,SKU-DGRAY-001,SKU-BLACK-001,18L,18L,0.3,2,1,1.0,day,6,8.23,72859.89,0.5883,16502.45,6.58,6.37,0
TR-1052,2026-02-03,SKU-DGRAY-001,SKU-BLACK-001,4L,1L,0.3,3,0,0.7,day,1,12.55,80200.43,1.3761,19231.65,16.01,8.78,0
TR-1053,2025-11-13,SKU-DGRAY-001,SKU-BLACK-001,4L,18L,0.3,4,3,0.7,day,3,7.65,69716.38,1.1563,33446.19,14.54,8.04,0
TR-1054,2026-02-05,SKU-DGRAY-001,SKU-BLACK-001,1L,1L,0.9,5,7,1.0,night,3,6.06,34886.02,0.4697,18858.0,5.59,2.24,0
TR-1057,2026-01-17,SKU-DGRAY-001,SKU-BLACK-001,1L,1L,0.3,5,3,0.7,night,5,8.9,88016.83,1.1046,32421.99,4.44,8.73,0
TR-1058,2025-12-08,SKU-DGRAY-001,SKU-BLACK-001,18L,18L,0.6,4,0,0.7,night,0,14.41,63304.91,1.2429,19571.17,3.99,11.97,0
TR-1059,2026-03-22,SKU-DGRAY-001,SKU-BLACK-001,4L,18L,0.6,2,3,0.7,day,6,7.81,56788.59,1.3396,36770.08,14.91,5.83,0
TR-1060,2025-11-16,SKU-DGRAY-001,SKU-BLACK-001,1L,1L,0.9,4,0,0.7,night,6,4.01,36640.69,1.5488,31150.59,2.57,11.05,0
TR-1061,2026-03-30,SKU-DGRAY-001,SKU-METAL-001,1L,4L,0.6,5,0,1.0,day,0,5.87,50939.84,0.2805,18375.43,14.28,2.64,0
TR-1064,2026-03-07,SKU-DGRAY-001,SKU-METAL-001,1L,4L,0.6,4,7,0.7,night,5,5.44,61623.68,1.2865,46962.09,14.49,7.78,0
TR-1065,2026-01-11,SKU-DGRAY-001,SKU-METAL-001,18L,4L,0.3,3,0,0.7,night,6,8.67,66430.73,1.675,43943.3,15.65,10.11,0
TR-1066,2026-04-01,SKU-DGRAY-001,SKU-METAL-001,1L,18L,0.3,3,1,0.3,day,2,13.49,71742.15,1.6477,55288.68,12.85,18.45,0
TR-1067,2026-02-16,SKU-DGRAY-001,SKU-METAL-001,4L,1L,0.3,3,7,1.0,day,0,6.59,71248.02,0.6271,17430.61,13.12,6.66,0
TR-1068,2025-11-08,SKU-DGRAY-001,SKU-METAL-001,1L,1L,0.6,3,7,0.7,night,5,4.65,58700.08,0.7101,47543.3,4.08,9.38,0
TR-1069,2025-12-11,SKU-DGRAY-001,SKU-METAL-001,4L,4L,0.3,2,0,0.3,day,3,17.04,78466.77,1.0064,54880.16,5.84,12.97,0
TR-1070,2025-12-09,SKU-DGRAY-001,SKU-METAL-001,18L,1L,0.3,2,1,0.7,night,1,6.75,69477.48,0.4874,24693.6,16.02,10.78,0
TR-1072,2026-04-01,SKU-DGRAY-001,SKU-SPECIAL-001,1L,18L,0.3,4,1,0.3,night,2,17.31,73717.65,1.725,63177.12,17.25,20.03,0
TR-1073,2026-04-26,SKU-DGRAY-001,SKU-SPECIAL-001,1L,1L,0.6,3,7,0.7,night,6,11.58,52694.2,0.8774,59000.37,0.98,14.04,0
TR-1074,2026-01-19,SKU-DGRAY-001,SKU-SPECIAL-001,4L,1L,0.6,3,1,0.3,day,0,20.06,70170.92,2.9446,69257.56,17.25,20.76,0
TR-1075,2026-01-12,SKU-DGRAY-001,SKU-SPECIAL-001,4L,4L,0.9,3,7,0.7,night,0,9.19,50196.89,1.1958,65285.32,0.99,9.3,0
TR-1076,2025-12-24,SKU-DGRAY-001,SKU-SPECIAL-001,18L,4L,0.6,3,7,0.3,night,2,15.05,64744.26,1.9076,95232.31,15.91,20.64,0
TR-1078,2025-12-13,SKU-DGRAY-001,SKU-SPECIAL-001,18L,4L,0.6,4,1,0.3,day,5,14.61,69917.17,1.9156,72369.17,14.62,16.43,0
TR-1079,2025-11-03,SKU-DGRAY-001,SKU-SPECIAL-001,4L,4L,0.9,4,3,0.3,day,0,4.01,29891.53,2.0886,76298.7,3.55,21.03,0
TR-1080,2026-03-10,SKU-DGRAY-001,SKU-SPECIAL-001,1L,1L,0.9,3,7,1.0,day,1,0.0,25880.19,0.6511,36670.09,5.02,6.12,0
TR-1081,2026-01-25,SKU-BLACK-001,SKU-WHITE-001,1L,4L,0.3,5,7,0.7,day,6,33.6,118663.08,4.2919,109159.16,18.04,17.84,1
TR-1083,2026-01-10,SKU-BLACK-001,SKU-WHITE-001,4L,18L,0.6,2,3,1.0,day,5,8.29,78288.72,2.2391,51723.25,15.73,7.74,1
TR-1084,2026-02-08,SKU-BLACK-001,SKU-WHITE-001,4L,1L,0.9,3,0,1.0,night,6,11.96,69164.62,2.2998,45062.54,17.28,14.02,1
TR-1087,2026-02-28,SKU-BLACK-001,SKU-WHITE-001,4L,4L,0.9,4,0,0.7,day,5,12.48,65970.38,4.7305,76747.7,4.32,15.95,1
TR-1088,2026-04-08,SKU-BLACK-001,SKU-WHITE-001,18L,4L,0.3,2,1,0.3,night,2,47.82,126326.23,6.3057,131320.62,17.52,30.61,1
TR-1089,2025-11-08,SKU-BLACK-001,SKU-WHITE-001,1L,1L,0.6,2,7,0.3,day,5,35.23,90150.34,5.8875,185089.03,10.75,34.47,1
TR-1090,2025-12-29,SKU-BLACK-001,SKU-WHITE-001,18L,18L,0.6,5,7,0.7,night,0,21.7,100769.17,4.0676,114957.88,1.35,24.98,1
TR-1091,2026-02-04,SKU-BLACK-001,SKU-IVORY-001,4L,4L,0.3,4,7,0.3,day,2,43.14,106711.09,5.6638,152268.03,6.54,30.36,1
TR-1092,2026-03-22,SKU-BLACK-001,SKU-IVORY-001,4L,1L,0.9,2,3,0.3,night,6,17.39,67164.87,5.7545,124272.27,17.74,27.49,1
TR-1093,2025-12-06,SKU-BLACK-001,SKU-IVORY-001,4L,18L,0.3,4,3,0.7,day,5,28.86,97295.34,3.6453,79115.96,14.62,18.45,1
TR-1095,2025-11-21,SKU-BLACK-001,SKU-IVORY-001,1L,1L,0.9,2,3,1.0,night,4,9.9,69753.36,1.9707,48631.51,5.64,9.79,1
TR-1096,2026-01-25,SKU-BLACK-001,SKU-IVORY-001,1L,1L,0.3,2,0,0.3,night,6,46.19,123800.61,5.7994,103604.0,7.57,32.58,1
TR-1097,2026-01-03,SKU-BLACK-001,SKU-IVORY-001,1L,1L,0.9,2,0,0.7,day,5,12.81,54067.17,3.0841,61820.93,4.39,16.85,1
TR-1098,2026-02-13,SKU-BLACK-001,SKU-IVORY-001,1L,4L,0.6,3,7,1.0,day,4,13.08,80190.63,1.91,58662.58,13.19,10.08,1
TR-1100,2026-01-04,SKU-BLACK-001,SKU-IVORY-001,4L,4L,0.9,2,1,0.3,day,6,20.73,58165.5,5.7535,113061.2,0.91,31.78,1
TR-1101,2026-01-10,SKU-BLACK-001,SKU-LGRAY-001,18L,4L,0.9,3,0,1.0,day,5,4.37,47336.08,1.8952,34366.48,14.39,8.38,1
TR-1102,2026-02-03,SKU-BLACK-001,SKU-LGRAY-001,1L,4L,0.9,4,7,1.0,day,1,7.78,47638.19,1.9642,47731.19,12.56,5.02,1
TR-1103,2026-01-02,SKU-BLACK-001,SKU-LGRAY-001,4L,18L,0.6,2,3,0.3,night,4,26.68,91158.82,4.9924,109523.76,13.4,25.72,1
TR-1104,2026-02-14,SKU-BLACK-001,SKU-LGRAY-001,1L,1L,0.6,4,1,0.7,day,5,12.62,85475.9,3.3517,61899.39,4.53,17.45,1
TR-1105,2025-12-22,SKU-BLACK-001,SKU-LGRAY-001,4L,1L,0.6,5,3,0.3,night,0,28.92,94823.47,5.0836,119779.07,13.6,25.42,1
TR-1107,2026-03-26,SKU-BLACK-001,SKU-LGRAY-001,18L,1L,0.6,4,1,1.0,day,3,4.33,97586.54,1.856,24670.45,13.57,11.9,1
TR-1108,2026-03-22,SKU-BLACK-001,SKU-LGRAY-001,4L,1L,0.6,3,1,0.3,night,6,27.15,86889.73,4.8346,89868.87,15.63,27.23,1
TR-1109,2026-04-04,SKU-BLACK-001,SKU-LGRAY-001,4L,1L,0.6,5,1,0.3,night,5,30.32,83162.36,5.0999,96324.64,14.28,26.54,1
TR-1110,2026-03-24,SKU-BLACK-001,SKU-LGRAY-001,1L,1L,0.9,3,1,0.7,day,1,12.62,54705.11,3.217,65430.69,2.71,11.15,1
TR-1111,2026-02-21,SKU-BLACK-001,SKU-GRAY-001,4L,1L,0.3,3,3,0.3,day,5,28.77,68060.95,4.2395,93019.0,12.38,16.51,0
TR-1112,2025-12-24,SKU-BLACK-001,SKU-GRAY-001,1L,18L,0.9,2,0,0.7,day,2,13.65,33079.89,2.2679,44093.73,14.92,12.39,0
TR-1113,2026-03-06,SKU-BLACK-001,SKU-GRAY-001,18L,1L,0.6,4,0,0.3,day,4,23.93,59952.06,3.8629,64164.87,13.63,21.52,0
TR-1114,2026-04-28,SKU-BLACK-001,SKU-GRAY-001,1L,4L,0.9,2,3,0.3,day,1,15.48,49229.03,3.7929,78557.8,15.62,18.63,0
TR-1116,2025-12-11,SKU-BLACK-001,SKU-GRAY-001,4L,1L,0.6,2,1,1.0,night,3,11.88,77689.26,1.5284,31278.44,16.12,8.11,0
TR-1117,2025-12-13,SKU-BLACK-001,SKU-GRAY-001,1L,4L,0.9,4,7,0.3,day,5,17.54,33485.08,3.3973,101448.93,14.72,21.33,0
TR-1118,2025-12-25,SKU-BLACK-001,SKU-GRAY-001,18L,4L,0.3,3,7,0.7,night,3,18.95,110997.68,2.5943,59984.81,15.3,11.6,0
TR-1119,2025-11-14,SKU-BLACK-001,SKU-GRAY-001,1L,4L,0.3,5,7,1.0,day,4,12.35,98983.2,0.9819,38465.9,15.04,7.84,0
TR-1121,2025-12-23,SKU-BLACK-001,SKU-BLUE-001,1L,4L,0.9,2,1,1.0,night,1,8.88,34391.2,0.978,25930.29,14.48,7.48,0
TR-1123,2025-11-21,SKU-BLACK-001,SKU-BLUE-001,1L,1L,0.3,5,3,0.3,day,4,23.36,77003.82,3.4936,56278.04,5.66,15.32,0
TR-1124,2026-01-14,SKU-BLACK-001,SKU-BLUE-001,4L,1L,0.3,3,7,0.7,night,2,10.88,102566.39,2.4139,55594.52,14.32,13.91,0
TR-1125,2025-11-11,SKU-BLACK-001,SKU-BLUE-001,1L,4L,0.9,5,7,0.3,day,1,12.36,40374.46,3.3047,89013.59,13.97,19.11,0
TR-1126,2026-02-01,SKU-BLACK-001,SKU-BLUE-001,4L,1L,0.3,5,7,1.0,day,6,9.27,80900.15,1.3341,35279.79,13.72,9.05,0
TR-1127,2026-02-02,SKU-BLACK-001,SKU-BLUE-001,1L,1L,0.9,5,0,1.0,day,0,3.86,42948.41,1.4176,19632.67,6.58,4.39,0
TR-1128,2026-04-08,SKU-BLACK-001,SKU-BLUE-001,1L,18L,0.9,3,1,0.3,day,2,12.44,46531.15,3.288,63317.53,15.52,16.71,0
TR-1130,2025-11-17,SKU-BLACK-001,SKU-BLUE-001,1L,1L,0.9,2,1,1.0,night,0,2.72,51886.96,1.4632,19619.04,3.43,3.57,0
TR-1131,2026-02-13,SKU-BLACK-001,SKU-RED-001,1L,1L,0.6,3,3,1.0,night,4,6.88,67860.86,0.8777,28001.45,7.6,3.35,0
TR-1132,2026-01-14,SKU-BLACK-001,SKU-RED-001,18L,4L,0.3,4,3,0.7,day,2,16.75,76614.64,1.4668,49789.07,13.76,10.15,0
TR-1133,2025-12-20,SKU-BLACK-001,SKU-RED-001,18L,18L,0.3,2,7,0.7,night,5,12.64,87056.53,2.1301,54560.96,5.94,8.32,0
TR-1135,2026-01-14,SKU-BLACK-001,SKU-RED-001,4L,1L,0.6,3,1,0.3,day,2,22.82,61851.05,3.0945,55262.35,11.46,14.34,0
TR-1136,2025-12-02,SKU-BLACK-001,SKU-RED-001,1L,1L,0.3,2,0,0.3,night,1,18.37,92033.9,2.3842,51489.73,3.96,15.67,0
TR-1137,2026-04-01,SKU-BLACK-001,SKU-RED-001,1L,4L,0.6,3,1,0.7,night,2,11.87,65502.74,1.7942,36283.06,15.74,10.89,0
TR-1138,2026-04-06,SKU-BLACK-001,SKU-RED-001,4L,4L,0.6,5,0,0.7,night,0,11.89,66249.26,1.744,25750.15,6.16,9.78,0
TR-1139,2025-11-07,SKU-BLACK-001,SKU-RED-001,18L,1L,0.3,4,7,0.3,day,4,25.01,90175.35,2.7877,77176.3,13.57,18.96,0
TR-1141,2025-12-02,SKU-BLACK-001,SKU-GREEN-001,18L,4L,0.9,4,0,1.0,night,1,5.02,31808.99,1.2012,25771.31,12.12,4.66,0
TR-1142,2026-02-13,SKU-BLACK-001,SKU-GREEN-001,1L,18L,0.3,3,1,0.3,day,4,22.5,78534.68,3.1448,63137.23,17.82,16.35,0
TR-1143,2026-01-15,SKU-BLACK-001,SKU-GREEN-001,1L,4L,0.9,2,3,1.0,day,3,5.04,32782.47,1.1344,21324.93,11.75,7.8,0
TR-1144,2025-11-12,SKU-BLACK-001,SKU-GREEN-001,4L,1L,0.9,3,7,0.3,day,2,18.28,56439.15,3.2928,85709.8,13.7,19.14,0
TR-1145,2026-04-05,SKU-BLACK-001,SKU-GREEN-001,1L,18L,0.3,5,1,1.0,night,6,15.51,98412.17,1.8412,27698.69,15.17,4.88,0
TR-1146,2026-01-27,SKU-BLACK-001,SKU-GREEN-001,1L,18L,0.9,3,7,1.0,day,1,0.0,31664.31,1.296,33337.03,17.28,4.8,0
TR-1147,2026-03-15,SKU-BLACK-001,SKU-GREEN-001,18L,1L,0.3,2,1,0.7,day,6,18.33,82984.05,1.6902,25350.38,15.31,15.17,0
TR-1149,2025-11-13,SKU-BLACK-001,SKU-GREEN-001,4L,18L,0.9,2,3,0.7,day,3,12.34,34922.88,2.0269,41989.44,15.72,9.3,0
TR-1152,2025-12-20,SKU-BLACK-001,SKU-BROWN-001,18L,18L,0.3,3,1,0.7,day,5,13.96,55670.86,1.2417,25011.57,7.63,10.04,0
TR-1154,2026-04-05,SKU-BLACK-001,SKU-BROWN-001,1L,4L,0.9,4,1,1.0,day,6,1.72,51896.67,0.9408,11921.81,14.97,5.35,0
TR-1155,2026-01-28,SKU-BLACK-001,SKU-BROWN-001,18L,18L,0.3,3,7,0.7,day,2,7.88,80832.56,1.8602,40719.26,3.1,11.43,0
TR-1156,2026-02-20,SKU-BLACK-001,SKU-BROWN-001,4L,1L,0.9,5,7,0.7,night,4,2.08,44918.81,1.9169,35399.45,15.33,8.25,0
TR-1157,2026-04-25,SKU-BLACK-001,SKU-BROWN-001,18L,4L,0.9,4,3,0.3,night,5,13.44,39126.55,2.5213,47342.16,12.06,12.5,0
TR-1158,2026-03-11,SKU-BLACK-001,SKU-BROWN-001,1L,18L,0.3,3,7,0.3,day,2,26.98,67106.83,2.5399,69040.02,15.54,13.83,0
TR-1159,2025-11-15,SKU-BLACK-001,SKU-BROWN-001,1L,18L,0.6,3,0,0.3,day,5,16.91,71218.58,2.3078,39848.52,15.71,14.52,0
TR-1160,2026-03-16,SKU-BLACK-001,SKU-BROWN-001,1L,4L,0.3,4,0,1.0,night,0,10.57,90539.66,1.2593,17713.21,15.88,7.69,0
TR-1161,2026-02-22,SKU-BLACK-001,SKU-DGRAY-001,4L,4L,0.3,4,1,1.0,night,6,6.16,71350.5,0.9077,26098.85,4.46,5.24,0
TR-1162,2026-02-23,SKU-BLACK-001,SKU-DGRAY-001,18L,4L,0.6,3,1,0.7,day,0,7.9,62042.68,0.9837,26465.56,17.08,4.38,0
TR-1163,2025-11-13,SKU-BLACK-001,SKU-DGRAY-001,18L,4L,0.9,2,3,0.3,night,3,13.71,39005.68,2.883,46196.48,15.7,15.29,0
TR-1164,2025-11-23,SKU-BLACK-001,SKU-DGRAY-001,18L,18L,0.6,4,1,0.3,night,6,16.98,43141.28,2.2305,40212.36,3.68,13.5,0
TR-1165,2025-12-13,SKU-BLACK-001,SKU-DGRAY-001,4L,1L,0.3,2,7,0.3,day,5,19.14,58934.94,2.0527,58089.73,16.58,14.93,0
TR-1167,2026-02-10,SKU-BLACK-001,SKU-DGRAY-001,1L,1L,0.3,5,3,0.7,day,1,12.35,70797.07,1.4689,34621.66,4.06,8.58,0
TR-1168,2025-12-07,SKU-BLACK-001,SKU-DGRAY-001,18L,4L,0.6,3,1,0.3,day,6,16.51,65328.84,1.6494,36600.27,11.82,11.21,0
TR-1170,2026-03-19,SKU-BLACK-001,SKU-DGRAY-001,1L,1L,0.9,3,3,0.7,day,3,4.03,22942.33,1.4829,36784.43,1.89,8.54,0
TR-1171,2026-03-20,SKU-BLACK-001,SKU-BLACK-001,4L,4L,0.9,2,7,0.7,day,4,0.0,30718.83,1.0046,28614.13,5.21,4.49,0
TR-1173,2026-04-18,SKU-BLACK-001,SKU-BLACK-001,1L,4L,0.9,5,0,1.0,night,5,0.98,44916.85,0.5925,9605.22,15.72,2.9,0
TR-1174,2026-03-27,SKU-BLACK-001,SKU-BLACK-001,1L,4L,0.6,2,3,0.3,night,4,7.22,55099.34,0.5094,22906.09,16.0,8.5,0
TR-1175,2025-11-10,SKU-BLACK-001,SKU-BLACK-001,18L,4L,0.9,3,7,1.0,night,0,0.0,45833.8,0.8525,12287.93,13.29,5.98,0
TR-1176,2026-03-12,SKU-BLACK-001,SKU-BLACK-001,4L,1L,0.3,4,3,0.7,night,3,13.27,80374.68,0.7976,15409.58,18.8,8.07,0
TR-1177,2025-12-31,SKU-BLACK-001,SKU-BLACK-001,18L,4L,0.6,5,1,1.0,day,2,7.69,42830.03,0.9159,9773.79,15.71,3.04,0
TR-1178,2026-04-10,SKU-BLACK-001,SKU-BLACK-001,4L,4L,0.9,5,7,1.0,day,4,4.84,21356.06,0.5367,7365.94,7.15,0.06,0
TR-1180,2025-11-08,SKU-BLACK-001,SKU-BLACK-001,4L,18L,0.6,5,3,1.0,night,5,2.92,56336.34,0.5716,9394.67,11.65,2.3,0
TR-1182,2025-12-05,SKU-BLACK-001,SKU-METAL-001,4L,4L,0.6,5,1,0.3,day,4,14.87,66404.96,2.6374,76184.51,3.84,22.53,0
TR-1183,2026-01-26,SKU-BLACK-001,SKU-METAL-001,4L,18L,0.3,4,7,0.3,day,0,17.83,78239.54,2.2634,110187.04,11.57,19.7,0
TR-1184,2026-02-03,SKU-BLACK-001,SKU-METAL-001,1L,18L,0.9,2,7,0.7,night,1,10.99,22907.18,1.4509,68860.42,17.43,12.15,0
TR-1185,2025-11-05,SKU-BLACK-001,SKU-METAL-001,4L,4L,0.9,4,3,0.3,day,2,12.01,45949.72,2.728,91172.35,2.38,20.15,0
TR-1186,2025-11-29,SKU-BLACK-001,SKU-METAL-001,18L,4L,0.3,2,1,1.0,night,5,5.61,100411.86,1.0144,24833.63,15.42,9.06,0
TR-1187,2026-01-23,SKU-BLACK-001,SKU-METAL-001,1L,1L,0.6,3,0,0.3,day,4,11.67,59544.01,2.1092,75969.51,6.38,18.34,0
TR-1188,2025-12-31,SKU-BLACK-001,SKU-METAL-001,4L,4L,0.6,2,0,1.0,night,2,7.39,73646.64,0.4731,23966.7,4.28,10.75,0
TR-1190,2025-12-31,SKU-BLACK-001,SKU-METAL-001,18L,4L,0.6,5,1,0.3,night,2,9.64,65512.38,2.1129,69757.32,18.84,19.25,0
TR-1191,2026-03-30,SKU-BLACK-001,SKU-SPECIAL-001,4L,4L,0.6,5,3,0.7,day,0,15.0,38384.26,1.905,67774.45,6.27,13.55,0
TR-1192,2026-04-11,SKU-BLACK-001,SKU-SPECIAL-001,1L,4L,0.6,4,3,0.3,day,5,17.42,63646.49,3.1647,103618.0,12.97,17.43,0
TR-1194,2025-11-30,SKU-BLACK-001,SKU-SPECIAL-001,4L,18L,0.3,3,0,0.7,night,6,12.34,88205.71,1.7251,50581.15,14.77,11.54,0
TR-1195,2026-01-12,SKU-BLACK-001,SKU-SPECIAL-001,1L,18L,0.9,5,7,1.0,night,0,9.32,40041.53,0.4642,54531.57,11.21,10.31,0
TR-1197,2025-11-18,SKU-BLACK-001,SKU-SPECIAL-001,4L,18L,0.3,2,1,0.3,day,1,27.95,89928.23,2.7817,89454.02,13.05,20.88,0
TR-1198,2025-11-16,SKU-BLACK-001,SKU-SPECIAL-001,1L,1L,0.3,3,7,0.7,night,6,18.51,92115.46,1.9752,84467.33,6.15,16.51,0
TR-1199,2026-03-13,SKU-BLACK-001,SKU-SPECIAL-001,4L,4L,0.3,3,3,0.7,night,4,13.82,86499.14,2.2795,69281.5,3.06,14.76,0
TR-1200,2026-03-27,SKU-BLACK-001,SKU-SPECIAL-001,18L,1L,0.9,2,7,0.7,day,4,7.6,35976.24,1.902,72799.55,14.06,14.94,0
TR-1201,2026-03-01,SKU-METAL-001,SKU-WHITE-001,1L,4L,0.3,3,7,1.0,day,6,17.35,122806.74,1.6835,42895.08,16.59,7.8,1
TR-1203,2026-03-21,SKU-METAL-001,SKU-WHITE-001,1L,18L,0.6,4,1,1.0,day,5,7.04,76970.29,1.9923,42683.56,14.65,6.4,1
TR-1204,2026-03-07,SKU-METAL-001,SKU-WHITE-001,1L,18L,0.6,3,0,1.0,night,5,9.92,94157.72,1.3592,33417.62,12.54,6.53,1
TR-1205,2025-12-17,SKU-METAL-001,SKU-WHITE-001,18L,4L,0.9,5,0,0.3,day,2,16.82,45814.41,5.4482,82492.19,12.22,21.74,1
TR-1206,2026-03-08,SKU-METAL-001,SKU-WHITE-001,4L,1L,0.9,4,1,1.0,day,6,7.21,41909.98,1.1244,32841.31,16.26,10.03,1
TR-1207,2025-11-14,SKU-METAL-001,SKU-WHITE-001,4L,1L,0.3,4,7,1.0,night,4,9.9,111948.07,1.7233,45482.8,15.8,11.78,1
TR-1208,2026-04-30,SKU-METAL-001,SKU-WHITE-001,18L,4L,0.6,3,1,1.0,night,3,14.86,101509.3,1.592,27868.77,15.22,8.07,1
TR-1210,2025-11-24,SKU-METAL-001,SKU-WHITE-001,1L,1L,0.9,3,3,1.0,day,0,8.39,48864.23,2.4348,38531.46,4.32,8.55,1
TR-1212,2025-12-24,SKU-METAL-001,SKU-IVORY-001,1L,18L,0.9,5,7,0.7,day,2,14.36,47913.53,2.6703,78690.65,16.54,15.67,1
TR-1213,2025-12-04,SKU-METAL-001,SKU-IVORY-001,18L,1L,0.9,2,7,0.3,night,3,12.9,56360.45,3.705,110432.71,15.9,25.2,1
TR-1214,2025-12-25,SKU-METAL-001,SKU-IVORY-001,1L,4L,0.6,5,3,0.3,day,3,22.98,82450.99,4.0172,90819.98,15.16,21.63,1
TR-1215,2026-01-12,SKU-METAL-001,SKU-IVORY-001,1L,1L,0.3,5,1,0.7,day,0,18.63,103144.6,3.1025,50865.71,4.74,14.61,1
TR-1216,2026-04-01,SKU-METAL-001,SKU-IVORY-001,1L,18L,0.6,5,0,1.0,day,2,9.71,66629.73,1.2497,24732.63,17.13,10.42,1
TR-1218,2025-12-04,SKU-METAL-001,SKU-IVORY-001,1L,1L,0.3,3,0,0.3,night,3,35.85,107326.93,4.5361,74774.79,5.28,24.87,1
TR-1219,2025-11-16,SKU-METAL-001,SKU-IVORY-001,1L,4L,0.6,2,7,0.7,day,6,14.4,78276.1,2.5155,77820.93,15.9,14.03,1
TR-1220,2026-01-21,SKU-METAL-001,SKU-IVORY-001,1L,18L,0.9,2,1,1.0,night,2,7.02,62757.64,1.6301,30591.27,19.15,5.39,1
TR-1221,2026-03-25,SKU-METAL-001,SKU-LGRAY-001,18L,4L,0.6,5,3,1.0,day,2,5.16,67912.5,1.0869,37578.43,14.16,11.56,1
TR-1223,2025-11-07,SKU-METAL-001,SKU-LGRAY-001,18L,4L,0.6,3,0,0.7,night,4,12.68,68209.66,2.4018,58014.25,15.31,13.74,1
TR-1224,2025-11-25,SKU-METAL-001,SKU-LGRAY-001,18L,4L,0.6,2,1,1.0,day,1,8.89,65041.02,1.4487,26751.81,17.06,9.01,1
TR-1225,2026-02-13,SKU-METAL-001,SKU-LGRAY-001,4L,1L,0.6,3,3,0.3,day,4,22.73,86092.52,3.6004,86223.66,13.67,21.52,1
TR-1226,2026-02-11,SKU-METAL-001,SKU-LGRAY-001,1L,4L,0.3,2,7,0.3,night,2,25.44,96940.31,3.9893,112043.82,13.62,22.11,1
TR-1228,2026-02-20,SKU-METAL-001,SKU-LGRAY-001,18L,1L,0.9,2,1,0.3,night,4,15.55,50228.63,4.049,78612.88,19.19,24.5,1
TR-1229,2026-04-10,SKU-METAL-001,SKU-LGRAY-001,4L,4L,0.3,2,7,1.0,night,4,9.79,102096.8,1.4198,38953.81,3.51,5.6,1
TR-1230,2026-03-20,SKU-METAL-001,SKU-LGRAY-001,4L,4L,0.9,4,0,0.7,day,4,6.91,42400.07,2.5484,39382.71,4.9,16.39,1
TR-1231,2025-11-10,SKU-METAL-001,SKU-GRAY-001,18L,1L,0.9,5,7,1.0,night,0,1.05,46167.85,1.2601,28161.04,13.55,3.23,1
TR-1233,2025-12-15,SKU-METAL-001,SKU-GRAY-001,4L,4L,0.3,4,0,1.0,night,0,8.07,88318.01,0.669,19856.14,7.89,4.0,1
TR-1234,2026-04-19,SKU-METAL-001,SKU-GRAY-001,1L,1L,0.3,5,1,0.3,day,6,16.25,68156.93,2.0472,69252.31,3.0,16.0,1
TR-1236,2026-03-09,SKU-METAL-001,SKU-GRAY-001,4L,18L,0.9,2,0,1.0,night,0,5.85,51482.21,1.2657,18972.75,11.07,7.84,1
TR-1237,2026-01-31,SKU-METAL-001,SKU-GRAY-001,4L,4L,0.3,5,3,0.7,day,5,12.4,84241.42,1.6001,46437.96,3.47,12.41,1
TR-1238,2026-04-20,SKU-METAL-001,SKU-GRAY-001,1L,18L,0.3,5,0,0.7,night,0,17.08,89610.49,1.6286,41728.76,17.32,9.65,1
TR-1239,2026-04-01,SKU-METAL-001,SKU-GRAY-001,1L,1L,0.9,5,1,0.7,night,2,0.0,51028.57,1.395,31983.41,3.96,10.36,1
TR-1240,2026-03-31,SKU-METAL-001,SKU-GRAY-001,1L,4L,0.6,2,7,0.3,night,1,12.7,58446.12,2.3475,95244.42,12.01,18.38,1
TR-1241,2026-04-26,SKU-METAL-001,SKU-BLUE-001,4L,1L,0.9,5,3,0.3,night,6,3.4,32419.78,1.3993,57919.93,16.19,18.55,1
TR-1243,2026-02-22,SKU-METAL-001,SKU-BLUE-001,1L,4L,0.3,5,1,0.3,night,6,15.2,72895.33,1.5842,52850.01,14.95,15.93,1
TR-1244,2026-03-27,SKU-METAL-001,SKU-BLUE-001,18L,4L,0.6,5,1,1.0,day,4,5.87,49910.15,0.9824,18014.8,18.34,5.6,1
TR-1245,2026-02-22,SKU-METAL-001,SKU-BLUE-001,4L,1L,0.3,2,0,0.7,day,6,12.17,55687.51,0.8592,41374.2,14.7,8.29,1
TR-1246,2026-04-03,SKU-METAL-001,SKU-BLUE-001,4L,1L,0.3,5,0,0.3,day,4,14.13,72341.29,1.7605,51396.93,15.04,20.43,1
TR-1247,2026-01-22,SKU-METAL-001,SKU-BLUE-001,4L,1L,0.6,2,1,0.7,night,3,8.2,57113.26,1.534,28926.37,12.39,11.4,1
TR-1248,2025-12-20,SKU-METAL-001,SKU-BLUE-001,4L,1L,0.9,5,7,0.3,night,5,8.7,49916.01,1.4974,73185.82,15.15,14.92,1
TR-1250,2025-11-27,SKU-METAL-001,SKU-BLUE-001,4L,18L,0.9,3,7,1.0,night,3,6.68,31239.29,0.3907,26657.13,15.51,4.38,1
TR-1251,2026-03-29,SKU-METAL-001,SKU-RED-001,1L,4L,0.6,4,7,1.0,night,6,1.88,49877.67,0.8735,16905.27,18.58,4.92,1
TR-1252,2025-11-13,SKU-METAL-001,SKU-RED-001,1L,4L,0.9,3,0,1.0,night,3,5.02,51695.85,0.2476,16674.4,15.94,5.67,1
TR-1253,2026-03-02,SKU-METAL-001,SKU-RED-001,1L,4L,0.3,3,7,0.3,night,0,13.97,72092.27,1.2795,76799.67,13.45,14.71,1
TR-1254,2026-02-04,SKU-METAL-001,SKU-RED-001,4L,1L,0.3,2,0,1.0,night,2,6.41,79112.66,0.4791,12855.08,19.31,6.71,1
TR-1255,2026-02-05,SKU-METAL-001,SKU-RED-001,4L,1L,0.9,5,7,0.7,night,3,9.86,36466.41,0.9609,48590.44,15.43,7.78,1
TR-1256,2026-02-17,SKU-METAL-001,SKU-RED-001,18L,4L,0.6,4,0,1.0,night,1,4.66,52483.67,0.7123,12594.43,15.71,1.85,1
TR-1258,2026-01-25,SKU-METAL-001,SKU-RED-001,4L,1L,0.3,2,7,0.3,day,6,16.45,69291.23,1.8914,74017.6,10.07,16.39,1
TR-1259,2026-03-03,SKU-METAL-001,SKU-RED-001,4L,4L,0.6,3,3,1.0,day,1,3.06,53275.28,0.9426,22321.4,6.56,6.53,1
TR-1261,2025-12-21,SKU-METAL-001,SKU-GREEN-001,18L,1L,0.9,4,7,0.3,night,6,0.0,33392.35,1.8874,84267.1,16.88,19.09,1
TR-1262,2025-11-20,SKU-METAL-001,SKU-GREEN-001,1L,1L,0.3,2,1,1.0,night,3,6.91,71576.47,0.6688,28241.07,3.49,8.0,1
TR-1263,2026-02-07,SKU-METAL-001,SKU-GREEN-001,18L,4L,0.6,4,1,0.7,night,5,9.95,66247.46,1.4424,33780.95,14.5,8.78,1
TR-1264,2026-01-23,SKU-METAL-001,SKU-GREEN-001,18L,1L,0.6,2,0,1.0,night,4,4.56,55990.23,0.9685,25670.09,14.74,1.77,1
TR-1266,2025-12-23,SKU-METAL-001,SKU-GREEN-001,1L,1L,0.9,3,7,0.3,day,1,10.61,21800.08,1.6497,87760.83,6.81,12.08,1
TR-1267,2026-01-30,SKU-METAL-001,SKU-GREEN-001,4L,4L,0.3,2,7,0.3,day,4,17.01,69909.08,2.0387,86851.85,10.55,15.75,1
TR-1268,2026-01-23,SKU-METAL-001,SKU-GREEN-001,4L,4L,0.3,4,1,0.7,day,4,11.26,77203.8,0.6538,34252.17,5.77,6.96,1
TR-1270,2026-01-06,SKU-METAL-001,SKU-GREEN-001,1L,1L,0.9,3,3,1.0,day,1,0.0,20265.15,0.8013,23898.6,7.24,7.59,1
TR-1273,2026-01-04,SKU-METAL-001,SKU-BROWN-001,1L,1L,0.3,5,3,0.3,night,6,14.57,63628.58,1.025,59780.05,2.69,15.61,0
TR-1274,2025-12-31,SKU-METAL-001,SKU-BROWN-001,4L,1L,0.3,5,0,0.7,day,2,12.04,69600.14,0.6623,27160.33,14.37,9.39,0
TR-1275,2026-03-28,SKU-METAL-001,SKU-BROWN-001,4L,1L,0.3,2,0,0.3,day,5,13.94,62886.51,1.1014,49053.73,12.8,14.54,0
TR-1276,2026-02-06,SKU-METAL-001,SKU-BROWN-001,1L,18L,0.9,5,7,0.3,day,4,1.31,32927.46,1.374,69345.49,15.6,15.24,0
TR-1277,2025-12-31,SKU-METAL-001,SKU-BROWN-001,18L,1L,0.6,3,0,1.0,day,2,4.14,47811.94,0.0,12881.8,13.96,5.06,0
TR-1278,2026-01-20,SKU-METAL-001,SKU-BROWN-001,1L,18L,0.9,4,0,0.3,day,1,8.24,45108.66,1.1604,54365.71,13.95,15.57,0
TR-1279,2026-02-03,SKU-METAL-001,SKU-BROWN-001,18L,1L,0.6,5,7,0.3,night,1,14.45,32023.96,1.4151,73008.15,13.97,13.02,0
TR-1280,2025-11-24,SKU-METAL-001,SKU-BROWN-001,1L,18L,0.6,4,3,0.3,day,0,8.1,67017.72,0.7886,47179.07,17.18,14.87,0
TR-1281,2026-01-22,SKU-METAL-001,SKU-DGRAY-001,1L,4L,0.9,4,7,0.3,day,3,5.0,34644.52,1.7242,83691.78,15.75,18.38,0
TR-1282,2026-02-05,SKU-METAL-001,SKU-DGRAY-001,4L,4L,0.9,5,1,0.7,night,3,5.63,26666.96,0.8148,28796.31,2.18,9.79,0
TR-1283,2025-12-01,SKU-METAL-001,SKU-DGRAY-001,4L,18L,0.9,5,0,0.7,day,0,2.06,35514.11,1.209,37047.52,16.95,11.18,0
TR-1284,2026-02-05,SKU-METAL-001,SKU-DGRAY-001,1L,4L,0.3,2,0,0.3,night,3,18.92,63332.66,1.8832,44829.58,13.22,14.02,0
TR-1285,2025-12-18,SKU-METAL-001,SKU-DGRAY-001,1L,1L,0.3,2,3,0.3,day,3,15.78,42304.56,1.3773,58117.6,6.71,17.51,0
TR-1287,2026-04-05,SKU-METAL-001,SKU-DGRAY-001,4L,4L,0.3,5,3,0.3,day,6,19.73,58221.77,1.7746,72009.91,1.53,17.09,0
TR-1288,2026-01-07,SKU-METAL-001,SKU-DGRAY-001,4L,1L,0.3,2,3,1.0,night,2,1.56,81345.1,0.6102,29599.9,14.85,5.79,0
TR-1290,2026-01-10,SKU-METAL-001,SKU-DGRAY-001,18L,4L,0.3,3,3,0.7,day,5,2.93,50785.8,0.5072,39709.47,16.22,9.08,0
TR-1291,2025-11-15,SKU-METAL-001,SKU-BLACK-001,1L,4L,0.9,3,1,1.0,night,5,3.38,48249.98,1.1164,23155.46,11.42,10.38,0
TR-1292,2026-02-04,SKU-METAL-001,SKU-BLACK-001,1L,1L,0.6,2,0,0.3,night,2,19.91,73438.7,1.9005,67114.28,7.85,22.68,0
TR-1293,2025-11-23,SKU-METAL-001,SKU-BLACK-001,1L,4L,0.9,2,3,0.3,night,6,14.24,43423.56,2.4937,86699.3,16.91,21.26,0
TR-1294,2026-01-20,SKU-METAL-001,SKU-BLACK-001,4L,1L,0.6,4,0,1.0,night,1,3.29,60270.95,1.4075,23115.18,16.64,9.4,0
TR-1296,2026-03-12,SKU-METAL-001,SKU-BLACK-001,18L,18L,0.3,4,0,0.3,day,3,23.75,82254.07,2.846,69194.68,3.95,18.61,0
TR-1298,2026-02-12,SKU-METAL-001,SKU-BLACK-001,18L,18L,0.6,2,7,0.7,day,3,8.29,54574.82,1.3164,65852.21,4.23,15.33,0
TR-1299,2025-12-20,SKU-METAL-001,SKU-BLACK-001,4L,18L,0.6,3,7,1.0,night,5,4.4,71064.95,0.9594,40206.36,12.96,8.13,0
TR-1300,2026-01-10,SKU-METAL-001,SKU-BLACK-001,4L,1L,0.6,4,3,0.3,night,5,17.56,52288.76,2.2286,83851.62,15.53,20.38,0
TR-1301,2026-01-25,SKU-METAL-001,SKU-METAL-001,18L,1L,0.3,5,3,1.0,day,6,2.76,62817.96,0.312,4069.94,15.8,3.66,0
TR-1302,2026-03-10,SKU-METAL-001,SKU-METAL-001,18L,1L,0.9,2,1,0.7,night,1,3.27,25154.03,0.9934,9916.23,16.25,8.14,0
TR-1303,2026-02-12,SKU-METAL-001,SKU-METAL-001,4L,1L,0.3,4,3,1.0,day,3,0.41,69278.95,0.1229,0.0,16.78,7.12,0
TR-1304,2026-03-25,SKU-METAL-001,SKU-METAL-001,1L,18L,0.3,3,7,1.0,day,2,6.08,62813.87,0.8665,13634.26,16.68,6.95,0
TR-1305,2026-04-17,SKU-METAL-001,SKU-METAL-001,4L,4L,0.6,4,0,0.7,night,4,11.78,58754.62,0.8906,16579.69,5.38,6.58,0
TR-1306,2026-04-02,SKU-METAL-001,SKU-METAL-001,4L,18L,0.9,4,0,0.3,day,3,14.75,27164.83,1.5387,26239.0,15.36,10.46,0
TR-1307,2025-11-04,SKU-METAL-001,SKU-METAL-001,1L,18L,0.3,2,3,0.7,day,1,14.09,51438.24,0.855,13444.16,13.93,2.39,0
TR-1310,2026-02-18,SKU-METAL-001,SKU-METAL-001,18L,18L,0.9,2,0,1.0,night,2,1.7,46365.91,0.5265,2424.01,5.12,5.48,0
TR-1311,2026-01-08,SKU-METAL-001,SKU-SPECIAL-001,4L,1L,0.3,3,3,0.7,night,3,11.31,70360.34,1.3275,24569.01,15.21,3.34,0
TR-1312,2026-01-25,SKU-METAL-001,SKU-SPECIAL-001,1L,1L,0.9,4,0,0.3,night,6,9.26,38090.93,2.4019,36869.84,5.38,12.19,0
TR-1313,2026-03-18,SKU-METAL-001,SKU-SPECIAL-001,1L,4L,0.9,3,1,0.3,day,2,6.48,45443.46,1.9681,43893.24,15.56,11.44,0
TR-1315,2025-12-05,SKU-METAL-001,SKU-SPECIAL-001,4L,1L,0.9,4,7,0.7,night,4,3.74,40555.53,1.2891,37670.73,14.72,3.79,0
TR-1316,2026-01-19,SKU-METAL-001,SKU-SPECIAL-001,1L,1L,0.3,5,1,0.3,day,0,14.46,69587.8,1.9725,35920.31,9.18,10.89,0
TR-1317,2026-04-27,SKU-METAL-001,SKU-SPECIAL-001,4L,1L,0.6,2,0,0.7,day,0,8.95,55575.12,1.1275,28691.31,14.63,6.05,0
TR-1319,2025-11-29,SKU-METAL-001,SKU-SPECIAL-001,4L,1L,0.6,4,0,1.0,night,5,1.64,62733.26,0.6091,9335.91,14.29,2.29,0
TR-1320,2026-03-13,SKU-METAL-001,SKU-SPECIAL-001,1L,1L,0.6,3,7,1.0,day,4,12.29,46803.04,0.5303,23916.9,6.92,2.88,0
TR-1321,2025-12-15,SKU-SPECIAL-001,SKU-WHITE-001,18L,1L,0.6,2,0,1.0,day,0,11.47,73392.26,1.6852,34169.85,12.38,7.05,1
TR-1322,2026-03-18,SKU-SPECIAL-001,SKU-WHITE-001,1L,18L,0.3,3,1,0.3,night,2,35.06,122032.12,4.3654,81971.07,14.46,17.26,1
TR-1323,2026-03-15,SKU-SPECIAL-001,SKU-WHITE-001,4L,1L,0.6,3,0,1.0,day,6,8.56,79889.83,1.9056,18766.55,16.6,7.7,1
TR-1324,2026-04-28,SKU-SPECIAL-001,SKU-WHITE-001,1L,18L,0.3,5,7,0.7,day,1,20.53,92333.77,2.9411,71184.04,17.71,11.85,1
TR-1325,2026-03-09,SKU-SPECIAL-001,SKU-WHITE-001,1L,1L,0.3,5,3,0.7,day,0,29.65,107863.19,2.9679,58591.03,1.13,11.24,1
TR-1326,2026-02-21,SKU-SPECIAL-001,SKU-WHITE-001,4L,1L,0.9,2,1,0.3,day,5,14.74,51461.58,4.3924,73190.62,13.5,18.44,1
TR-1329,2026-02-09,SKU-SPECIAL-001,SKU-WHITE-001,4L,4L,0.3,5,1,1.0,night,0,13.14,102420.03,1.5771,28136.33,3.9,9.22,1
TR-1330,2026-01-13,SKU-SPECIAL-001,SKU-WHITE-001,4L,4L,0.6,2,7,0.7,night,1,20.27,78706.84,2.6815,72415.69,5.33,15.91,1
TR-1331,2025-11-03,SKU-SPECIAL-001,SKU-IVORY-001,1L,4L,0.3,5,1,0.3,day,0,26.64,90534.49,3.6285,78600.0,16.51,20.38,1
TR-1332,2026-02-14,SKU-SPECIAL-001,SKU-IVORY-001,4L,18L,0.9,4,3,0.7,day,5,12.14,27775.98,2.328,58434.57,18.16,13.96,1
TR-1333,2026-04-02,SKU-SPECIAL-001,SKU-IVORY-001,18L,4L,0.9,5,1,1.0,day,3,4.23,41572.32,0.9335,16535.23,13.23,6.68,1
TR-1335,2025-11-09,SKU-SPECIAL-001,SKU-IVORY-001,18L,1L,0.3,4,7,0.7,day,6,15.13,82665.83,2.6256,74686.07,14.38,8.75,1
TR-1336,2026-03-25,SKU-SPECIAL-001,SKU-IVORY-001,4L,4L,0.6,5,3,1.0,night,2,10.6,77076.89,1.6482,29801.42,1.11,8.21,1
TR-1337,2026-02-09,SKU-SPECIAL-001,SKU-IVORY-001,1L,4L,0.9,5,0,0.7,day,0,10.54,47301.61,2.6006,42791.29,18.06,13.59,1
TR-1338,2025-11-03,SKU-SPECIAL-001,SKU-IVORY-001,4L,18L,0.9,4,0,0.7,day,0,9.5,35988.79,3.0178,37523.13,13.21,12.24,1
TR-1339,2026-02-23,SKU-SPECIAL-001,SKU-IVORY-001,1L,18L,0.3,2,7,0.7,day,0,18.82,85384.82,2.3004,77656.8,15.43,14.09,1
TR-1340,2026-01-13,SKU-SPECIAL-001,SKU-IVORY-001,1L,4L,0.6,3,1,0.3,night,1,22.81,73789.95,3.9756,71215.03,14.87,20.02,1
TR-1341,2026-03-26,SKU-SPECIAL-001,SKU-LGRAY-001,4L,4L,0.6,3,0,1.0,day,3,11.08,60077.62,0.7715,25028.97,3.16,6.76,1
TR-1342,2025-12-13,SKU-SPECIAL-001,SKU-LGRAY-001,1L,1L,0.6,5,0,1.0,night,5,5.98,75077.42,0.7174,26794.05,4.91,5.88,1
TR-1343,2026-03-10,SKU-SPECIAL-001,SKU-LGRAY-001,4L,1L,0.9,5,0,0.3,night,1,15.22,59653.79,2.5695,77266.96,13.64,16.83,1
TR-1344,2026-02-14,SKU-SPECIAL-001,SKU-LGRAY-001,4L,18L,0.3,3,7,0.7,night,5,18.11,90451.0,1.681,68557.45,15.06,12.62,1
TR-1345,2026-01-11,SKU-SPECIAL-001,SKU-LGRAY-001,18L,4L,0.3,4,1,0.7,day,6,22.91,77178.77,2.283,46559.36,15.54,12.41,1
TR-1347,2026-03-27,SKU-SPECIAL-001,SKU-LGRAY-001,4L,1L,0.3,5,0,0.7,day,4,17.63,85175.89,2.3567,39630.39,14.31,13.39,1
TR-1348,2026-02-09,SKU-SPECIAL-001,SKU-LGRAY-001,1L,4L,0.9,3,7,0.3,night,0,14.55,35697.58,2.7072,105066.51,16.93,17.24,1
TR-1349,2025-12-31,SKU-SPECIAL-001,SKU-LGRAY-001,1L,1L,0.9,5,1,1.0,day,2,7.76,43814.93,1.3395,21360.25,6.85,4.67,1
TR-1350,2025-12-27,SKU-SPECIAL-001,SKU-LGRAY-001,4L,1L,0.3,5,7,0.3,night,5,28.41,95966.04,3.1318,100601.51,15.6,19.49,1
TR-1351,2025-12-18,SKU-SPECIAL-001,SKU-GRAY-001,1L,4L,0.3,3,1,0.7,day,3,13.76,69243.19,1.2342,39061.23,11.97,6.47,1
TR-1352,2026-03-22,SKU-SPECIAL-001,SKU-GRAY-001,1L,18L,0.9,3,0,0.7,night,6,9.96,32597.6,1.0706,29101.02,13.91,11.13,1
TR-1354,2026-01-28,SKU-SPECIAL-001,SKU-GRAY-001,4L,4L,0.9,3,1,0.3,night,2,6.17,43431.44,1.3846,58807.12,6.38,16.22,1
TR-1355,2026-04-17,SKU-SPECIAL-001,SKU-GRAY-001,1L,1L,0.9,5,1,0.3,day,4,6.24,29832.41,1.4408,55289.18,6.16,17.18,1
TR-1356,2026-03-05,SKU-SPECIAL-001,SKU-GRAY-001,4L,1L,0.9,4,0,1.0,night,3,6.86,51073.48,0.8657,27294.07,16.34,8.54,1
TR-1358,2025-12-15,SKU-SPECIAL-001,SKU-GRAY-001,18L,4L,0.6,2,7,1.0,night,0,8.17,64338.89,0.5052,32278.35,14.67,6.08,1
TR-1359,2026-04-21,SKU-SPECIAL-001,SKU-GRAY-001,1L,4L,0.9,3,3,0.7,night,1,4.26,38382.68,1.1214,43461.35,16.0,11.52,1
TR-1360,2026-02-20,SKU-SPECIAL-001,SKU-GRAY-001,18L,4L,0.3,5,0,0.3,day,4,17.85,68983.61,1.974,53495.9,14.09,12.03,1
TR-1361,2026-04-08,SKU-SPECIAL-001,SKU-BLUE-001,4L,4L,0.9,5,7,0.3,night,2,6.99,25315.16,1.1205,70199.85,7.38,15.39,1
TR-1362,2025-12-18,SKU-SPECIAL-001,SKU-BLUE-001,1L,4L,0.9,2,7,0.7,night,3,2.34,35413.23,1.1259,38606.15,15.74,11.69,1
TR-1364,2026-03-29,SKU-SPECIAL-001,SKU-BLUE-001,4L,1L,0.3,3,0,0.3,day,6,10.8,67332.98,1.1409,40721.72,15.56,12.59,1
TR-1365,2026-01-12,SKU-SPECIAL-001,SKU-BLUE-001,4L,4L,0.6,5,0,1.0,day,0,6.74,37558.81,0.2869,15719.09,3.92,7.88,1
TR-1366,2026-02-20,SKU-SPECIAL-001,SKU-BLUE-001,4L,1L,0.6,5,3,0.3,night,4,11.1,44699.96,1.4759,48954.24,18.86,14.91,1
TR-1367,2025-11-09,SKU-SPECIAL-001,SKU-BLUE-001,1L,1L,0.6,3,7,0.3,day,6,7.39,43816.38,1.4133,64650.38,5.87,16.14,1
TR-1368,2025-11-21,SKU-SPECIAL-001,SKU-BLUE-001,1L,4L,0.9,4,1,1.0,night,4,2.75,30845.95,0.0215,20279.8,14.76,3.89,1
TR-1369,2026-01-29,SKU-SPECIAL-001,SKU-BLUE-001,1L,4L,0.6,5,1,0.7,night,3,6.42,49158.26,0.9285,31645.91,11.15,8.36,1
TR-1372,2025-12-28,SKU-SPECIAL-001,SKU-RED-001,4L,1L,0.6,4,0,1.0,day,6,4.71,43760.05,0.7962,18522.42,13.2,4.12,1
TR-1373,2025-12-26,SKU-SPECIAL-001,SKU-RED-001,18L,4L,0.9,4,0,0.3,day,4,7.89,39992.49,1.1893,47903.45,17.11,17.4,1
TR-1375,2025-12-03,SKU-SPECIAL-001,SKU-RED-001,1L,1L,0.6,4,7,0.7,night,2,8.78,46923.31,0.661,45950.11,5.49,8.67,1
TR-1376,2026-01-31,SKU-SPECIAL-001,SKU-RED-001,1L,4L,0.3,5,3,0.7,night,5,5.69,77012.22,1.2789,36289.34,12.35,6.9,1
TR-1377,2025-11-01,SKU-SPECIAL-001,SKU-RED-001,4L,4L,0.3,3,0,0.7,night,5,7.82,70452.64,0.6258,29190.23,5.14,10.42,1
TR-1378,2026-03-19,SKU-SPECIAL-001,SKU-RED-001,4L,1L,0.3,4,1,0.3,night,3,17.63,83537.96,1.8764,57552.68,15.75,17.26,1
TR-1379,2025-12-17,SKU-SPECIAL-001,SKU-RED-001,1L,1L,0.3,2,3,0.3,night,2,14.49,72496.25,0.981,53872.12,3.09,12.26,1
TR-1380,2026-03-19,SKU-SPECIAL-001,SKU-RED-001,18L,1L,0.9,4,1,1.0,night,3,0.0,52426.01,0.7137,23143.27,13.36,3.15,1
TR-1381,2026-03-05,SKU-SPECIAL-001,SKU-GREEN-001,4L,1L,0.6,4,1,0.3,night,3,10.59,57318.34,1.4079,50795.85,15.49,12.23,1
TR-1382,2025-11-13,SKU-SPECIAL-001,SKU-GREEN-001,1L,18L,0.9,4,7,0.7,night,3,6.3,32807.06,0.2017,50383.08,15.07,7.63,1
TR-1384,2025-12-21,SKU-SPECIAL-001,SKU-GREEN-001,1L,4L,0.3,2,7,0.7,night,6,8.8,71733.43,0.5694,42505.83,12.28,9.33,1
TR-1386,2026-03-05,SKU-SPECIAL-001,SKU-GREEN-001,1L,1L,0.6,3,0,0.3,night,3,2.89,56213.1,0.58,46243.36,6.3,9.81,1
TR-1387,2025-11-05,SKU-SPECIAL-001,SKU-GREEN-001,1L,4L,0.3,3,3,0.3,night,2,18.34,65904.79,0.442,56765.38,14.77,18.22,1
TR-1388,2026-02-27,SKU-SPECIAL-001,SKU-GREEN-001,4L,18L,0.6,5,3,0.7,night,4,10.45,38905.22,0.3467,39450.25,15.57,8.67,1
TR-1389,2026-02-01,SKU-SPECIAL-001,SKU-GREEN-001,4L,1L,0.6,3,7,1.0,day,6,0.36,49279.91,0.4684,33042.08,12.07,3.02,1
TR-1390,2026-03-30,SKU-SPECIAL-001,SKU-GREEN-001,4L,1L,0.6,4,3,1.0,day,0,6.87,38887.83,0.1644,17564.27,15.1,4.33,1
TR-1393,2026-04-08,SKU-SPECIAL-001,SKU-BROWN-001,4L,4L,0.3,4,0,0.7,day,2,11.7,59284.08,1.1345,38287.89,4.96,12.47,0
TR-1394,2026-02-25,SKU-SPECIAL-001,SKU-BROWN-001,1L,1L,0.6,3,1,0.3,night,2,14.89,55494.27,1.546,67567.34,6.42,16.03,0
TR-1395,2025-12-20,SKU-SPECIAL-001,SKU-BROWN-001,18L,4L,0.3,3,1,0.7,night,5,8.95,80697.08,0.8986,48404.9,16.27,9.08,0
TR-1396,2026-04-03,SKU-SPECIAL-001,SKU-BROWN-001,4L,1L,0.6,5,0,0.3,day,4,15.51,43561.58,2.0084,51010.35,13.39,19.61,0
TR-1397,2026-01-20,SKU-SPECIAL-001,SKU-BROWN-001,1L,4L,0.6,4,1,0.7,night,1,6.83,68177.12,0.9892,36142.35,14.41,12.39,0
TR-1398,2025-12-18,SKU-SPECIAL-001,SKU-BROWN-001,4L,4L,0.6,3,1,0.7,day,3,9.41,42326.82,1.3418,38932.54,6.71,13.18,0
TR-1399,2025-11-08,SKU-SPECIAL-001,SKU-BROWN-001,4L,4L,0.3,3,3,0.3,day,5,14.52,74618.52,1.6268,78815.2,7.58,18.08,0
TR-1400,2026-01-20,SKU-SPECIAL-001,SKU-BROWN-001,4L,4L,0.6,3,7,0.3,night,1,10.18,54962.4,1.6137,79889.27,3.79,16.21,0
TR-1402,2026-01-09,SKU-SPECIAL-001,SKU-DGRAY-001,4L,18L,0.3,3,0,1.0,day,4,7.72,75485.67,0.7026,24651.2,17.95,8.25,0
TR-1403,2026-03-11,SKU-SPECIAL-001,SKU-DGRAY-001,4L,18L,0.9,4,1,0.7,night,2,0.0,40400.96,1.3673,38291.61,15.08,10.8,0
TR-1405,2026-03-15,SKU-SPECIAL-001,SKU-DGRAY-001,4L,18L,0.9,4,7,1.0,night,6,2.28,40617.47,0.2418,44348.34,16.57,8.17,0
TR-1406,2025-12-04,SKU-SPECIAL-001,SKU-DGRAY-001,1L,4L,0.3,3,7,0.3,day,3,20.84,69803.72,2.1925,96168.36,14.41,21.17,0
TR-1407,2026-03-17,SKU-SPECIAL-001,SKU-DGRAY-001,1L,18L,0.6,5,0,0.3,night,1,16.48,64790.95,1.8174,56589.09,10.76,15.0,0
TR-1408,2026-01-11,SKU-SPECIAL-001,SKU-DGRAY-001,4L,4L,0.9,3,1,0.3,day,6,15.3,33946.8,2.119,69153.93,4.54,17.36,0
TR-1409,2025-11-01,SKU-SPECIAL-001,SKU-DGRAY-001,1L,1L,0.3,3,3,0.3,night,5,19.65,80345.16,2.1732,77377.95,5.58,17.0,0
TR-1410,2026-03-16,SKU-SPECIAL-001,SKU-DGRAY-001,18L,4L,0.3,4,1,0.7,day,0,10.11,68654.82,1.2622,36287.78,12.52,13.61,0
TR-1411,2025-12-12,SKU-SPECIAL-001,SKU-BLACK-001,18L,4L,0.3,3,1,1.0,day,4,11.73,90958.8,0.8405,26773.88,16.0,7.41,0
TR-1412,2026-03-04,SKU-SPECIAL-001,SKU-BLACK-001,4L,4L,0.9,4,0,1.0,night,2,6.02,47058.11,1.5002,33419.13,5.94,8.11,0
TR-1413,2025-11-20,SKU-SPECIAL-001,SKU-BLACK-001,1L,4L,0.3,3,1,1.0,day,3,12.16,60358.53,1.0794,34396.82,14.25,9.36,0
TR-1414,2026-04-03,SKU-SPECIAL-001,SKU-BLACK-001,4L,1L,0.6,4,0,0.7,night,4,10.63,83310.41,2.0958,49938.1,14.38,10.87,0
TR-1415,2025-12-13,SKU-SPECIAL-001,SKU-BLACK-001,1L,18L,0.9,2,3,0.3,day,5,10.1,33077.95,3.1851,93246.66,12.71,23.46,0
TR-1417,2026-02-03,SKU-SPECIAL-001,SKU-BLACK-001,4L,18L,0.9,5,1,1.0,night,1,3.37,44505.91,1.3014,29751.82,13.01,6.52,0
TR-1419,2026-04-08,SKU-SPECIAL-001,SKU-BLACK-001,4L,4L,0.6,2,7,1.0,night,2,3.0,60216.17,0.9875,45056.65,3.94,11.15,0
TR-1420,2026-01-05,SKU-SPECIAL-001,SKU-BLACK-001,4L,4L,0.9,4,7,0.7,day,0,9.86,33434.18,1.7365,76807.95,4.34,16.51,0
TR-1421,2026-01-02,SKU-SPECIAL-001,SKU-METAL-001,1L,4L,0.9,4,1,0.7,day,4,7.96,31955.89,1.0839,22003.04,14.93,7.48,0
TR-1423,2026-01-14,SKU-SPECIAL-001,SKU-METAL-001,4L,18L,0.3,3,3,1.0,night,2,5.35,79100.31,1.0163,16305.51,12.53,3.49,0
TR-1424,2026-04-20,SKU-SPECIAL-001,SKU-METAL-001,18L,1L,0.6,3,7,0.7,day,0,5.25,51309.58,1.0816,30181.01,16.94,6.23,0
TR-1425,2026-02-03,SKU-SPECIAL-001,SKU-METAL-001,18L,1L,0.3,2,3,1.0,night,1,6.43,63769.42,0.3087,9411.75,12.63,2.48,0
TR-1426,2025-11-05,SKU-SPECIAL-001,SKU-METAL-001,18L,18L,0.6,4,0,1.0,night,2,4.89,48713.09,0.7817,8438.19,8.42,0.0,0
TR-1428,2026-02-04,SKU-SPECIAL-001,SKU-METAL-001,18L,1L,0.3,4,3,0.7,night,2,13.65,86144.14,1.2127,30292.15,12.47,2.92,0
TR-1429,2026-03-24,SKU-SPECIAL-001,SKU-METAL-001,18L,4L,0.6,3,3,0.3,night,1,16.14,70999.58,2.2012,46574.98,13.36,9.95,0
TR-1430,2026-03-03,SKU-SPECIAL-001,SKU-METAL-001,1L,18L,0.3,3,1,0.3,day,1,16.13,59441.08,1.4291,37722.92,14.55,11.51,0
TR-1431,2026-03-08,SKU-SPECIAL-001,SKU-SPECIAL-001,1L,18L,0.6,4,3,0.7,day,6,4.15,57261.69,1.0184,14730.49,15.16,7.02,0
TR-1432,2025-11-02,SKU-SPECIAL-001,SKU-SPECIAL-001,4L,1L,0.3,4,3,1.0,night,6,5.16,77157.03,0.0,12874.76,18.08,4.34,0
TR-1433,2026-02-09,SKU-SPECIAL-001,SKU-SPECIAL-001,1L,1L,0.3,2,7,0.3,day,0,10.96,67589.32,1.5306,30175.14,2.55,8.24,0
TR-1435,2026-02-12,SKU-SPECIAL-001,SKU-SPECIAL-001,1L,4L,0.6,4,0,0.7,day,3,12.59,33804.84,0.6224,17754.67,13.23,7.65,0
TR-1436,2026-01-06,SKU-SPECIAL-001,SKU-SPECIAL-001,4L,1L,0.6,3,3,1.0,day,1,2.57,35911.19,0.539,12082.09,14.86,0.0,0
TR-1438,2026-03-17,SKU-SPECIAL-001,SKU-SPECIAL-001,1L,1L,0.9,3,7,0.3,day,1,5.76,18960.53,0.5711,30892.79,7.1,8.54,0
TR-1439,2025-11-10,SKU-SPECIAL-001,SKU-SPECIAL-001,4L,4L,0.3,2,3,0.3,night,0,11.29,66764.65,1.4724,26391.65,6.22,11.58,0
TR-1440,2026-01-20,SKU-SPECIAL-001,SKU-SPECIAL-001,1L,4L,0.6,5,3,1.0,day,1,7.94,30603.08,0.4592,6323.94,14.08,3.13,0
TR-1441,2026-03-25,SKU-BROWN-001,SKU-WHITE-001,18L,1L,0.9,5,1,0.7,night,2,14.16,58537.84,2.897,59217.6,14.14,17.62,1
TR-1442,2026-02-10,SKU-BROWN-001,SKU-WHITE-001,4L,1L,0.6,3,1,0.7,day,1,14.29,86020.88,2.9479,60077.97,10.17,19.07,1
TR-1443,2026-01-27,SKU-BROWN-001,SKU-WHITE-001,1L,4L,0.9,2,0,0.3,day,1,14.75,41184.8,5.1101,91120.48,13.57,26.11,1
TR-1444,2026-04-25,SKU-BROWN-001,SKU-WHITE-001,4L,1L,0.9,2,7,1.0,night,5,8.23,57550.04,2.0721,50692.93,18.2,8.28,1
TR-1446,2026-01-29,SKU-BROWN-001,SKU-IVORY-001,4L,1L,0.9,2,0,0.3,day,3,20.97,38318.03,4.4865,82788.75,13.43,20.61,1
TR-1447,2026-04-11,SKU-BROWN-001,SKU-IVORY-001,18L,18L,0.6,3,7,0.3,night,5,27.41,76900.16,4.2773,123954.62,9.45,22.12,1
TR-1448,2025-11-26,SKU-BROWN-001,SKU-IVORY-001,4L,4L,0.3,5,7,0.3,night,2,34.4,112715.35,4.5914,123287.09,7.41,23.55,1
TR-1449,2026-01-27,SKU-BROWN-001,SKU-LGRAY-001,4L,18L,0.3,2,1,1.0,night,1,11.18,108942.66,1.2684,24160.36,18.7,7.46,1
TR-1450,2026-04-08,SKU-BROWN-001,SKU-LGRAY-001,4L,18L,0.9,3,0,0.7,night,2,6.69,60585.5,2.8577,39760.26,17.36,11.39,1
TR-1452,2025-12-02,SKU-BROWN-001,SKU-LGRAY-001,1L,1L,0.9,2,0,0.3,day,1,19.74,40331.51,4.1447,54452.0,4.6,20.73,1
TR-1453,2026-02-18,SKU-DGRAY-001,SKU-WHITE-001,1L,1L,0.9,4,0,1.0,day,2,9.66,58299.16,1.786,36381.65,4.7,8.67,1
TR-1454,2025-11-18,SKU-DGRAY-001,SKU-WHITE-001,18L,18L,0.9,5,1,0.7,night,1,14.45,62933.55,3.7019,70672.87,4.63,15.51,1
TR-1455,2026-01-02,SKU-DGRAY-001,SKU-WHITE-001,1L,1L,0.9,2,0,1.0,night,4,0.0,76600.35,1.8755,31438.92,3.27,10.81,1
TR-1457,2026-01-03,SKU-DGRAY-001,SKU-IVORY-001,1L,4L,0.3,3,1,0.7,night,5,22.56,120390.01,3.3482,58543.0,17.9,15.34,1
TR-1460,2026-03-20,SKU-DGRAY-001,SKU-IVORY-001,1L,4L,0.3,2,3,0.3,night,4,32.23,123265.48,4.585,106195.73,17.27,25.9,1
TR-1461,2026-04-23,SKU-DGRAY-001,SKU-LGRAY-001,1L,1L,0.9,3,3,0.3,day,3,12.02,55185.56,4.1677,84313.34,4.79,24.25,1
TR-1462,2026-04-18,SKU-DGRAY-001,SKU-LGRAY-001,18L,4L,0.9,2,1,0.3,night,5,18.82,54680.58,3.4654,73783.45,15.05,19.04,1
TR-1463,2026-04-30,SKU-DGRAY-001,SKU-LGRAY-001,1L,18L,0.6,5,1,0.7,day,3,8.79,90087.22,2.6948,51398.32,16.75,8.54,1
TR-1464,2025-12-01,SKU-DGRAY-001,SKU-LGRAY-001,4L,4L,0.6,2,1,0.7,day,0,10.54,77040.39,2.3823,43828.72,5.62,15.47,1
TR-1465,2026-04-16,SKU-BLACK-001,SKU-WHITE-001,4L,18L,0.3,3,1,0.7,night,3,28.79,136943.5,3.9428,73173.75,14.45,17.63,1
TR-1466,2026-04-09,SKU-BLACK-001,SKU-WHITE-001,18L,18L,0.6,3,7,0.3,day,3,30.77,80018.35,6.8097,177064.94,9.46,31.05,1
TR-1467,2025-11-18,SKU-BLACK-001,SKU-WHITE-001,4L,1L,0.3,2,0,1.0,night,1,14.79,134487.49,2.5613,42425.27,18.11,11.99,1
TR-1468,2026-03-07,SKU-BLACK-001,SKU-WHITE-001,4L,18L,0.6,2,1,0.3,night,5,30.05,107596.06,6.0166,129855.85,17.14,32.74,1
TR-1470,2026-03-28,SKU-BLACK-001,SKU-IVORY-001,4L,1L,0.6,2,7,0.7,day,5,19.73,88891.04,3.2389,101235.34,14.43,17.11,1
TR-1471,2025-11-26,SKU-BLACK-001,SKU-IVORY-001,1L,18L,0.3,2,1,0.7,night,2,24.69,125070.85,3.7053,69182.52,17.51,18.39,1
TR-1472,2026-02-23,SKU-BLACK-001,SKU-IVORY-001,4L,1L,0.3,2,0,1.0,night,0,15.29,133440.64,1.8872,33189.95,16.71,12.36,1
TR-1473,2025-12-21,SKU-BLACK-001,SKU-LGRAY-001,4L,4L,0.3,2,3,0.7,night,6,22.93,123605.32,3.3468,68683.82,3.21,19.2,1
TR-1474,2025-11-04,SKU-BLACK-001,SKU-LGRAY-001,1L,4L,0.9,5,0,0.3,day,1,17.44,56099.98,5.1724,85469.02,16.0,22.91,1
TR-1477,2026-01-15,SKU-METAL-001,SKU-WHITE-001,18L,18L,0.3,3,3,0.3,day,3,36.64,100151.75,5.2344,100230.15,2.14,21.89,1
TR-1478,2025-12-07,SKU-METAL-001,SKU-WHITE-001,18L,18L,0.9,2,3,0.7,night,6,12.77,64040.72,3.5964,58814.71,5.33,16.28,1
TR-1479,2026-04-14,SKU-METAL-001,SKU-WHITE-001,4L,1L,0.3,3,7,0.7,day,1,21.16,100037.94,3.5841,75273.5,17.96,14.5,1
TR-1482,2026-02-06,SKU-METAL-001,SKU-IVORY-001,18L,18L,0.9,4,3,0.7,night,4,15.43,44359.58,2.9659,61990.44,10.42,13.54,1
TR-1483,2025-11-29,SKU-METAL-001,SKU-IVORY-001,4L,4L,0.9,3,0,0.7,night,5,13.44,54088.68,2.2918,50375.78,8.13,12.96,1
TR-1484,2025-12-22,SKU-METAL-001,SKU-IVORY-001,1L,18L,0.9,3,1,0.7,day,0,10.08,39939.4,2.9262,56814.55,17.26,13.63,1
TR-1485,2025-12-01,SKU-METAL-001,SKU-LGRAY-001,1L,18L,0.6,4,3,0.7,day,0,17.39,80400.41,3.2963,65175.12,16.01,16.71,1
TR-1486,2026-04-25,SKU-METAL-001,SKU-LGRAY-001,18L,1L,0.3,4,3,0.3,day,5,29.05,98804.8,3.7889,89710.14,12.46,23.93,1
TR-1488,2026-02-07,SKU-METAL-001,SKU-LGRAY-001,4L,4L,0.3,3,1,1.0,night,5,11.55,107994.16,0.9691,33781.44,7.47,6.91,1
TR-1489,2026-02-26,SKU-SPECIAL-001,SKU-WHITE-001,4L,4L,0.6,2,3,0.7,day,3,21.39,63257.08,2.6989,54800.01,4.92,15.36,1
TR-1490,2025-11-13,SKU-SPECIAL-001,SKU-WHITE-001,1L,4L,0.9,4,1,0.3,night,3,17.49,65277.18,3.7613,81364.87,15.78,22.23,1
TR-1491,2025-11-22,SKU-SPECIAL-001,SKU-WHITE-001,1L,4L,0.9,4,3,0.7,day,5,10.95,40213.49,3.5506,45519.83,15.58,15.3,1
TR-1492,2026-04-20,SKU-SPECIAL-001,SKU-WHITE-001,1L,1L,0.6,3,3,0.7,night,0,18.35,93053.64,2.6573,59154.25,4.99,16.5,1
TR-1493,2026-04-30,SKU-SPECIAL-001,SKU-IVORY-001,1L,4L,0.6,3,0,0.3,day,3,19.53,65711.06,3.6976,68289.59,17.2,23.31,1
TR-1495,2025-11-18,SKU-SPECIAL-001,SKU-IVORY-001,4L,4L,0.3,5,1,0.7,day,1,16.98,95463.0,2.2635,49335.12,4.75,13.23,1
TR-1496,2025-11-23,SKU-SPECIAL-001,SKU-IVORY-001,1L,1L,0.9,3,3,0.3,day,6,11.77,34672.83,3.3596,75327.89,6.82,20.39,1
TR-1497,2025-11-05,SKU-SPECIAL-001,SKU-LGRAY-001,1L,18L,0.6,2,0,0.3,night,2,17.12,69634.13,3.3861,63024.52,15.99,19.93,1
TR-1498,2026-01-02,SKU-SPECIAL-001,SKU-LGRAY-001,4L,4L,0.3,2,1,0.3,day,4,16.77,79495.6,2.9989,64045.16,5.41,19.84,1
TR-1499,2026-01-07,SKU-SPECIAL-001,SKU-LGRAY-001,18L,4L,0.3,5,7,0.7,night,2,16.84,107561.5,1.5408,73711.54,15.04,10.73,1
