transition_id,transition_date,from_sku,to_sku,from_package_size,to_package_size,worker_skill,crew_size,days_since_last_clean,equipment_condition,shift,day_of_week,setup_time,labor_cost,material_loss,wash_cost,packaging_time,downtime,sequence_violation_ref
TR-0001,2026-04-02,SKU-WHITE-001,SKU-WHITE-001,1L,4L,0.3,5,5,1.0,day,3,14.62,62151.73,1.6,20112.28,11.33,6.65,0
TR-0002,2026-04-03,SKU-WHITE-001,SKU-IVORY-001,1L,4L,0.3,2,1,1.0,night,4,15.48,26307.89,1.78,21195.75,11.41,7.03,0
TR-0003,2026-04-04,SKU-WHITE-001,SKU-YELLOW-001,1L,1L,0.6,3,0,0.3,day,5,18.59,47408.43,2.18,30161.96,7.89,8.45,0
TR-0004,2026-04-05,SKU-WHITE-001,SKU-RED-001,1L,18L,0.6,4,1,1.0,day,6,25.56,86919.46,3.28,39036.7,12.32,11.62,0
TR-0005,2026-04-06,SKU-WHITE-001,SKU-BLUE-001,4L,1L,0.6,3,7,0.3,day,0,32.8,83627.94,4.27,48239.43,12.98,14.91,0
TR-0006,2026-04-07,SKU-WHITE-001,SKU-GREEN-001,1L,4L,0.9,2,1,1.0,day,1,25.78,43833.12,3.37,39316.24,12.34,11.72,0
TR-0007,2026-04-08,SKU-WHITE-001,SKU-GRAY-001,18L,4L,0.6,3,1,0.3,day,2,25.8,65784.96,3.23,39333.85,12.35,11.73,0
TR-0008,2026-04-09,SKU-WHITE-001,SKU-BLACK-001,1L,4L,0.6,5,7,1.0,night,3,33.86,143894.7,4.63,49591.46,13.08,15.39,0
TR-0009,2026-04-10,SKU-WHITE-001,SKU-SILVER-001,4L,18L,0.6,5,1,1.0,night,4,25.5,108354.21,2.96,38948.32,12.32,11.59,0
TR-0010,2026-04-11,SKU-WHITE-001,SKU-GOLD-001,18L,1L,0.6,2,6,1.0,day,5,28.34,48169.86,3.34,42563.0,12.58,12.88,0
TR-0011,2026-04-12,SKU-WHITE-001,SKU-ORANGE-001,4L,1L,0.9,5,3,1.0,day,6,24.07,102282.81,3.0,37130.15,12.19,10.94,0
TR-0012,2026-04-13,SKU-WHITE-001,SKU-PURPLE-001,18L,1L,0.9,4,7,0.3,day,0,32.5,110506.01,4.29,47865.89,12.95,14.77,0
TR-0013,2026-04-14,SKU-IVORY-001,SKU-WHITE-001,4L,4L,0.3,3,4,0.3,day,1,15.19,38731.89,1.75,20831.42,7.58,6.9,0
TR-0014,2026-04-15,SKU-IVORY-001,SKU-IVORY-001,1L,1L,0.6,3,1,0.7,day,2,11.08,28266.63,1.21,15608.12,7.21,5.04,0
TR-0015,2026-04-16,SKU-IVORY-001,SKU-YELLOW-001,18L,18L,0.3,2,5,0.3,day,3,19.13,32528.96,2.15,30853.23,7.94,8.7,0
TR-0016,2026-04-17,SKU-IVORY-001,SKU-RED-001,4L,1L,0.3,5,0,1.0,night,4,24.56,104396.33,3.08,37763.07,12.23,11.17,0
TR-0017,2026-04-18,SKU-IVORY-001,SKU-BLUE-001,1L,18L,0.9,5,4,1.0,night,5,27.49,116822.56,3.6,41484.3,12.5,12.49,0
TR-0018,2026-04-19,SKU-IVORY-001,SKU-GREEN-001,18L,4L,0.6,3,3,1.0,night,6,25.29,64480.03,3.23,38682.54,12.3,11.49,0
TR-0019,2026-04-20,SKU-IVORY-001,SKU-GRAY-001,4L,18L,0.6,5,0,0.3,day,0,23.23,98717.78,2.86,36062.54,12.11,10.56,0
TR-0020,2026-04-21,SKU-IVORY-001,SKU-BLACK-001,4L,4L,0.9,3,7,1.0,day,1,29.7,75737.0,4.08,44301.0,8.9,13.5,0
TR-0021,2026-04-22,SKU-IVORY-001,SKU-SILVER-001,4L,1L,0.9,3,0,0.7,day,2,24.48,62421.82,2.76,37655.28,12.23,11.13,0
TR-0022,2026-04-23,SKU-IVORY-001,SKU-GOLD-001,1L,4L,0.3,3,4,0.7,night,3,27.78,70848.56,3.19,41861.14,12.53,12.63,0
TR-0023,2026-04-24,SKU-IVORY-001,SKU-ORANGE-001,18L,18L,0.6,3,1,0.3,day,4,21.2,54060.97,2.6,33482.3,8.13,9.64,0
TR-0024,2026-04-25,SKU-IVORY-001,SKU-PURPLE-001,1L,18L,0.9,2,7,0.3,night,5,31.37,53330.57,4.08,46426.63,12.85,14.26,0
TR-0025,2026-04-26,SKU-YELLOW-001,SKU-WHITE-001,4L,4L,0.9,2,0,0.3,night,6,18.15,30850.22,2.14,29596.42,7.85,8.25,0
TR-0026,2026-04-27,SKU-YELLOW-001,SKU-IVORY-001,1L,1L,0.6,4,5,0.7,night,0,18.0,61193.1,2.03,29406.51,7.84,8.18,0
TR-0027,2026-04-28,SKU-YELLOW-001,SKU-YELLOW-001,1L,1L,0.9,5,5,1.0,night,1,11.16,47436.48,1.22,15705.58,7.21,5.07,0
TR-0028,2026-04-29,SKU-YELLOW-001,SKU-RED-001,1L,18L,0.9,5,2,0.3,night,2,25.18,107016.74,3.08,38547.79,12.29,11.45,0
TR-0029,2026-04-30,SKU-YELLOW-001,SKU-BLUE-001,1L,18L,0.9,2,1,0.3,day,3,26.97,45848.01,3.48,40824.71,12.45,12.26,0
TR-0030,2026-05-01,SKU-YELLOW-001,SKU-GREEN-001,18L,18L,0.9,4,7,0.7,night,4,23.4,79559.32,2.95,36281.56,8.33,10.64,0
TR-0031,2026-05-02,SKU-YELLOW-001,SKU-GRAY-001,18L,4L,0.9,5,4,0.3,day,5,23.03,97892.63,2.77,35815.44,12.09,10.47,0
TR-0032,2026-05-03,SKU-YELLOW-001,SKU-BLACK-001,4L,1L,0.9,4,2,0.3,night,6,30.77,104609.37,4.13,45658.59,12.8,13.99,0
TR-0033,2026-05-04,SKU-YELLOW-001,SKU-SILVER-001,4L,1L,0.3,2,2,0.3,day,0,25.55,43433.1,2.81,39016.76,12.32,11.61,0
TR-0034,2026-05-05,SKU-YELLOW-001,SKU-GOLD-001,18L,4L,0.3,4,1,1.0,day,1,24.38,82903.86,2.75,37533.53,12.22,11.08,0
TR-0035,2026-05-06,SKU-YELLOW-001,SKU-ORANGE-001,18L,1L,0.9,4,0,0.3,night,2,21.57,73351.67,2.58,33957.85,11.96,9.81,0
TR-0036,2026-05-07,SKU-YELLOW-001,SKU-PURPLE-001,1L,1L,0.9,3,3,0.3,day,3,25.52,65064.49,3.37,38974.25,8.52,11.6,0
TR-0037,2026-05-08,SKU-RED-001,SKU-WHITE-001,1L,18L,0.9,5,1,0.7,day,4,25.93,110194.88,3.32,39499.54,12.36,11.79,0
TR-0038,2026-05-09,SKU-RED-001,SKU-IVORY-001,18L,18L,0.3,3,7,0.7,night,5,24.61,62764.16,3.09,37826.14,8.44,11.19,0
TR-0039,2026-05-10,SKU-RED-001,SKU-YELLOW-001,18L,18L,0.6,2,4,1.0,day,6,21.41,36402.42,2.67,33753.15,8.15,9.73,0
TR-0040,2026-05-11,SKU-RED-001,SKU-RED-001,4L,4L,0.9,4,7,1.0,night,0,12.09,41110.44,1.32,16888.93,7.3,5.5,0
TR-0041,2026-05-12,SKU-RED-001,SKU-BLUE-001,4L,4L,0.9,3,1,0.7,night,1,17.48,44563.62,2.11,28742.09,7.79,7.94,0
TR-0042,2026-05-13,SKU-RED-001,SKU-GREEN-001,18L,18L,0.3,4,1,0.7,day,2,16.61,56488.42,1.88,27645.4,7.71,7.55,0
TR-0043,2026-05-14,SKU-RED-001,SKU-GRAY-001,4L,1L,0.6,5,3,1.0,day,3,20.18,85754.97,2.28,32180.63,11.83,9.17,0
TR-0044,2026-05-15,SKU-RED-001,SKU-BLACK-001,4L,1L,0.9,4,0,0.3,day,4,24.31,82670.98,3.1,37446.35,12.21,11.05,0
TR-0045,2026-04-01,SKU-RED-001,SKU-SILVER-001,18L,18L,0.6,4,3,0.7,day,2,25.33,86106.37,3.07,38732.33,8.5,11.51,0
TR-0046,2026-04-02,SKU-RED-001,SKU-GOLD-001,4L,18L,0.3,4,6,0.7,night,3,28.14,95669.03,3.31,42311.94,12.56,12.79,0
TR-0047,2026-04-03,SKU-RED-001,SKU-ORANGE-001,18L,4L,0.6,4,6,0.3,night,4,23.14,78663.86,2.64,35946.36,12.1,10.52,0
TR-0048,2026-04-04,SKU-RED-001,SKU-PURPLE-001,4L,18L,0.6,3,3,0.3,day,5,23.53,60007.38,2.82,36450.21,12.14,10.7,0
TR-0049,2026-04-05,SKU-BLUE-001,SKU-WHITE-001,18L,4L,0.9,2,6,1.0,day,6,29.47,50096.06,3.9,44005.07,12.68,13.39,1
TR-0050,2026-04-06,SKU-BLUE-001,SKU-IVORY-001,4L,1L,0.3,2,3,0.3,night,0,30.33,51568.86,3.91,45107.71,12.76,13.79,1
TR-0051,2026-04-07,SKU-BLUE-001,SKU-YELLOW-001,4L,1L,0.9,4,7,0.7,night,1,28.49,96869.61,3.64,42761.35,12.59,12.95,1
TR-0052,2026-04-08,SKU-BLUE-001,SKU-RED-001,4L,4L,0.6,5,1,1.0,day,2,16.96,72096.98,2.05,28090.54,7.74,7.71,0
TR-0053,2026-04-09,SKU-BLUE-001,SKU-BLUE-001,18L,18L,0.9,3,4,0.7,day,3,11.97,30528.49,1.31,16737.04,7.29,5.44,0
TR-0054,2026-04-10,SKU-BLUE-001,SKU-GREEN-001,1L,18L,0.3,2,7,0.7,night,4,22.56,38360.1,2.59,35218.79,12.05,10.26,0
TR-0055,2026-04-11,SKU-BLUE-001,SKU-GRAY-001,18L,18L,0.3,4,2,0.7,day,5,21.29,72390.94,2.6,33598.21,8.14,9.68,0
TR-0056,2026-04-12,SKU-BLUE-001,SKU-BLACK-001,1L,4L,0.6,2,0,1.0,day,6,19.93,33884.42,2.42,31868.02,11.81,9.06,0
TR-0057,2026-04-13,SKU-BLUE-001,SKU-SILVER-001,4L,18L,0.6,4,3,0.7,night,0,31.33,106530.15,3.93,46377.6,12.85,14.24,1
TR-0058,2026-04-14,SKU-BLUE-001,SKU-GOLD-001,18L,18L,0.9,2,3,0.3,day,1,28.43,48327.24,3.55,42680.82,8.78,12.92,0
TR-0059,2026-04-15,SKU-BLUE-001,SKU-ORANGE-001,4L,4L,0.3,5,5,0.7,day,2,21.78,92566.68,2.69,34220.5,8.18,9.9,0
TR-0060,2026-04-16,SKU-BLUE-001,SKU-PURPLE-001,4L,1L,0.3,2,2,0.7,day,3,19.72,33517.55,2.21,31593.35,11.79,8.96,0
TR-0061,2026-04-17,SKU-GREEN-001,SKU-WHITE-001,18L,4L,0.6,3,1,1.0,night,4,26.44,67420.12,3.44,40149.97,12.4,12.02,0
TR-0062,2026-04-18,SKU-GREEN-001,SKU-IVORY-001,1L,18L,0.3,3,5,0.3,night,5,28.17,71836.54,3.54,42354.24,12.56,12.81,0
TR-0063,2026-04-19,SKU-GREEN-001,SKU-YELLOW-001,4L,4L,0.9,5,2,0.7,day,6,21.2,90097.45,2.71,33481.05,8.13,9.64,0
TR-0064,2026-04-20,SKU-GREEN-001,SKU-RED-001,4L,4L,0.9,5,6,0.3,night,0,18.47,78490.73,2.08,30005.25,7.88,8.39,0
TR-0065,2026-04-21,SKU-GREEN-001,SKU-BLUE-001,1L,4L,0.3,2,6,0.3,night,1,23.37,39725.74,2.68,36241.2,12.12,10.62,0
TR-0066,2026-04-22,SKU-GREEN-001,SKU-GREEN-001,1L,1L,0.9,3,2,0.3,night,2,12.06,30752.91,1.32,16849.05,7.3,5.48,0
TR-0067,2026-04-23,SKU-GREEN-001,SKU-GRAY-001,18L,4L,0.6,4,0,0.3,day,3,21.28,72359.38,2.47,33586.4,11.93,9.67,0
TR-0068,2026-04-24,SKU-GREEN-001,SKU-BLACK-001,1L,4L,0.9,4,3,0.7,day,4,24.11,81989.55,3.01,37191.28,12.19,10.96,0
TR-0069,2026-04-25,SKU-GREEN-001,SKU-SILVER-001,1L,4L,0.9,4,0,0.7,night,5,26.94,91611.44,3.32,40793.05,12.45,12.25,0
TR-0070,2026-04-26,SKU-GREEN-001,SKU-GOLD-001,1L,1L,0.6,5,5,0.3,day,6,27.04,114915.64,3.26,40913.24,8.66,12.29,0
TR-0071,2026-04-27,SKU-GREEN-001,SKU-ORANGE-001,18L,1L,0.3,4,3,0.3,day,0,22.4,76171.09,2.62,35013.24,12.04,10.18,0
TR-0072,2026-04-28,SKU-GREEN-001,SKU-PURPLE-001,4L,1L,0.3,2,6,0.3,day,1,24.09,40952.84,2.82,37159.88,12.19,10.95,0
TR-0073,2026-04-29,SKU-GRAY-001,SKU-WHITE-001,1L,18L,0.9,4,6,0.7,day,2,25.65,87212.59,3.21,39146.42,12.33,11.66,0
TR-0074,2026-04-30,SKU-GRAY-001,SKU-IVORY-001,18L,4L,0.3,3,6,0.3,day,3,25.88,65994.8,3.15,39438.58,12.35,11.76,0
TR-0075,2026-05-01,SKU-GRAY-001,SKU-YELLOW-001,4L,1L,0.6,5,5,1.0,day,4,22.21,94376.88,2.68,34762.6,12.02,10.09,0
TR-0076,2026-05-02,SKU-GRAY-001,SKU-RED-001,18L,1L,0.6,5,6,0.3,day,5,22.75,96698.46,2.56,35457.83,12.07,10.34,0
TR-0077,2026-05-03,SKU-GRAY-001,SKU-BLUE-001,4L,4L,0.3,2,6,0.7,night,6,22.64,38484.42,2.75,35311.87,8.26,10.29,0
TR-0078,2026-05-04,SKU-GRAY-001,SKU-GREEN-001,1L,18L,0.3,3,2,0.3,night,0,22.77,58064.08,2.63,35480.29,12.07,10.35,0
TR-0079,2026-05-05,SKU-GRAY-001,SKU-GRAY-001,18L,1L,0.3,4,5,0.7,day,1,15.66,53239.56,1.71,21429.25,11.42,7.12,0
TR-0080,2026-05-06,SKU-GRAY-001,SKU-BLACK-001,4L,18L,0.9,4,5,1.0,day,2,26.28,89360.84,3.39,39950.58,12.39,11.95,0
TR-0081,2026-05-07,SKU-GRAY-001,SKU-SILVER-001,4L,1L,0.9,3,1,0.7,night,3,26.15,66692.68,3.09,39786.9,12.38,11.89,0
TR-0082,2026-05-08,SKU-GRAY-001,SKU-GOLD-001,1L,1L,0.9,4,0,0.7,night,4,22.43,76249.57,2.61,35042.62,8.24,10.19,0
TR-0083,2026-05-09,SKU-GRAY-001,SKU-ORANGE-001,4L,4L,0.9,5,4,1.0,night,5,15.35,65258.4,1.71,26042.62,7.6,6.98,0
TR-0084,2026-05-10,SKU-GRAY-001,SKU-PURPLE-001,1L,18L,0.9,5,7,0.7,day,6,25.01,106288.63,3.06,38329.75,12.27,11.37,0
TR-0085,2026-05-11,SKU-BLACK-001,SKU-WHITE-001,1L,4L,0.6,5,1,0.7,day,0,32.54,138286.9,4.48,47912.12,12.96,14.79,1
TR-0086,2026-05-12,SKU-BLACK-001,SKU-IVORY-001,18L,4L,0.9,2,5,1.0,day,1,31.48,53516.53,4.28,46565.85,12.86,14.31,1
TR-0087,2026-05-13,SKU-BLACK-001,SKU-YELLOW-001,1L,1L,0.6,3,1,0.7,day,2,27.12,69162.62,3.74,41019.67,8.67,12.33,1
TR-0088,2026-05-14,SKU-BLACK-001,SKU-RED-001,18L,4L,0.3,2,3,0.3,day,3,26.83,45605.96,3.37,40643.5,12.44,12.19,0
TR-0089,2026-05-15,SKU-BLACK-001,SKU-BLUE-001,1L,1L,0.6,3,5,1.0,day,4,19.05,48564.94,2.32,30739.18,7.93,8.66,0
TR-0090,2026-04-01,SKU-BLACK-001,SKU-GREEN-001,4L,4L,0.9,3,3,0.3,night,2,22.78,58076.64,2.86,35486.56,8.27,10.35,0
TR-0091,2026-04-02,SKU-BLACK-001,SKU-GRAY-001,18L,18L,0.3,4,1,1.0,night,3,22.98,78135.63,3.03,35748.63,8.29,10.45,0
TR-0092,2026-04-03,SKU-BLACK-001,SKU-BLACK-001,18L,18L,0.3,2,6,1.0,night,4,12.51,21267.06,1.36,17421.86,7.34,5.69,0
TR-0093,2026-04-04,SKU-BLACK-001,SKU-SILVER-001,4L,1L,0.6,3,2,1.0,day,5,33.67,85853.44,4.43,49350.2,13.06,15.3,1
TR-0094,2026-04-05,SKU-BLACK-001,SKU-GOLD-001,1L,1L,0.3,2,6,0.7,day,6,31.82,54101.33,4.16,47003.67,9.09,14.47,0
TR-0095,2026-04-06,SKU-BLACK-001,SKU-ORANGE-001,18L,1L,0.9,5,5,0.7,night,0,27.5,116885.05,3.56,41503.01,12.5,12.5,0
TR-0096,2026-04-07,SKU-BLACK-001,SKU-PURPLE-001,18L,4L,0.3,4,5,0.3,night,1,23.43,79669.05,2.75,36322.64,12.13,10.65,0
TR-0097,2026-04-08,SKU-SILVER-001,SKU-WHITE-001,1L,18L,0.3,2,4,0.7,day,2,28.34,48176.93,3.27,42568.29,12.58,12.88,1
TR-0098,2026-04-09,SKU-SILVER-001,SKU-IVORY-001,18L,4L,0.3,4,6,0.7,night,3,27.67,94072.2,3.11,41714.19,12.52,12.58,1
TR-0099,2026-04-10,SKU-SILVER-001,SKU-YELLOW-001,4L,18L,0.6,5,5,0.7,day,4,25.18,107033.81,2.77,38552.91,12.29,11.45,1
TR-0100,2026-04-11,SKU-SILVER-001,SKU-RED-001,1L,18L,0.9,5,5,0.7,night,5,28.87,122696.76,3.46,43243.41,12.62,13.12,1
TR-0101,2026-04-12,SKU-SILVER-001,SKU-BLUE-001,18L,4L,0.9,2,5,0.7,day,6,31.12,52903.27,3.91,46106.72,12.83,14.15,1
TR-0102,2026-04-13,SKU-SILVER-001,SKU-GREEN-001,1L,1L,0.9,2,3,0.7,night,0,25.76,43791.83,3.19,39285.33,8.54,11.71,1
TR-0103,2026-04-14,SKU-SILVER-001,SKU-GRAY-001,1L,18L,0.6,2,6,0.7,night,1,27.81,47269.74,3.27,41889.11,12.53,12.64,1
TR-0104,2026-04-15,SKU-SILVER-001,SKU-BLACK-001,18L,18L,0.3,4,6,0.7,night,2,33.13,112635.35,4.37,48662.96,9.21,15.06,1
TR-0105,2026-04-16,SKU-SILVER-001,SKU-SILVER-001,4L,4L,0.9,3,2,0.7,day,3,11.34,28924.32,1.24,15936.38,7.23,5.16,0
TR-0106,2026-04-17,SKU-SILVER-001,SKU-GOLD-001,18L,1L,0.3,5,0,0.3,day,4,20.27,86155.31,2.28,32300.52,11.84,9.21,0
TR-0107,2026-04-18,SKU-SILVER-001,SKU-ORANGE-001,4L,4L,0.6,5,2,0.7,night,5,22.9,97341.47,2.7,35650.39,8.28,10.41,1
TR-0108,2026-04-19,SKU-SILVER-001,SKU-PURPLE-001,4L,4L,0.9,4,2,0.7,night,6,28.23,95971.34,3.65,42425.1,8.77,12.83,1
TR-0109,2026-04-20,SKU-GOLD-001,SKU-WHITE-001,4L,18L,0.9,3,1,1.0,night,0,26.69,68067.12,3.16,40472.9,12.43,12.13,1
TR-0110,2026-04-21,SKU-GOLD-001,SKU-IVORY-001,4L,1L,0.9,5,6,1.0,night,1,27.17,115462.24,3.12,41076.93,12.47,12.35,1
TR-0111,2026-04-22,SKU-GOLD-001,SKU-YELLOW-001,4L,1L,0.3,3,7,0.7,night,2,27.49,70087.84,3.09,41481.45,12.5,12.49,1
TR-0112,2026-04-23,SKU-GOLD-001,SKU-RED-001,4L,18L,0.9,4,6,0.7,night,3,27.96,95072.0,3.29,42088.45,12.54,12.71,1
TR-0113,2026-04-24,SKU-GOLD-001,SKU-BLUE-001,4L,1L,0.6,5,7,0.7,day,4,31.69,134682.04,3.9,46832.59,12.88,14.4,1
TR-0114,2026-04-25,SKU-GOLD-001,SKU-GREEN-001,18L,4L,0.3,4,0,0.7,day,5,26.97,91710.15,3.25,40830.0,12.45,12.26,1
TR-0115,2026-04-26,SKU-GOLD-001,SKU-GRAY-001,18L,4L,0.9,5,6,0.3,day,6,27.92,118673.41,3.21,42038.56,12.54,12.69,1
TR-0116,2026-04-27,SKU-GOLD-001,SKU-BLACK-001,4L,18L,0.9,5,7,0.7,day,0,34.27,145638.04,4.43,50113.53,13.12,15.58,1
TR-0117,2026-04-28,SKU-GOLD-001,SKU-SILVER-001,1L,4L,0.3,2,6,1.0,day,1,20.08,34135.86,2.26,32056.26,11.83,9.13,0
TR-0118,2026-04-29,SKU-GOLD-001,SKU-GOLD-001,1L,18L,0.3,2,0,0.7,night,2,14.6,24813.21,1.59,20076.74,11.33,6.63,0
TR-0119,2026-04-30,SKU-GOLD-001,SKU-ORANGE-001,18L,4L,0.6,5,4,0.7,day,3,25.84,109832.18,2.95,39390.92,12.35,11.75,1
TR-0120,2026-05-01,SKU-GOLD-001,SKU-PURPLE-001,18L,1L,0.3,5,4,0.7,night,4,31.18,132527.65,3.9,46187.42,12.83,14.17,1
TR-0121,2026-05-02,SKU-ORANGE-001,SKU-WHITE-001,1L,4L,0.9,2,2,1.0,night,5,23.63,40174.53,2.96,36577.19,12.15,10.74,0
TR-0122,2026-05-03,SKU-ORANGE-001,SKU-IVORY-001,18L,18L,0.6,3,4,1.0,day,6,20.23,51595.27,2.5,32251.65,8.04,9.2,0
TR-0123,2026-05-04,SKU-ORANGE-001,SKU-YELLOW-001,18L,1L,0.9,3,5,1.0,night,0,21.75,55450.89,2.59,34176.02,11.98,9.88,0
TR-0124,2026-05-05,SKU-ORANGE-001,SKU-RED-001,1L,1L,0.9,3,4,0.3,day,1,19.19,48933.87,2.2,30923.32,7.94,8.72,0
TR-0125,2026-05-06,SKU-ORANGE-001,SKU-BLUE-001,1L,4L,0.3,3,6,0.3,day,2,26.5,67583.41,3.2,40231.47,12.41,12.05,0
TR-0126,2026-05-07,SKU-ORANGE-001,SKU-GREEN-001,18L,18L,0.9,5,6,0.7,day,3,19.29,81978.26,2.28,31049.64,7.95,8.77,0
TR-0127,2026-05-08,SKU-ORANGE-001,SKU-GRAY-001,4L,4L,0.3,2,2,0.3,day,4,18.18,30910.76,2.02,29641.75,7.85,8.26,0
TR-0128,2026-05-09,SKU-ORANGE-001,SKU-BLACK-001,4L,18L,0.6,2,5,1.0,night,5,26.92,45771.04,3.49,40767.09,12.45,12.24,0
TR-0129,2026-05-10,SKU-ORANGE-001,SKU-SILVER-001,18L,4L,0.3,4,6,1.0,day,6,26.93,91562.62,3.14,40774.78,12.45,12.24,0
TR-0130,2026-05-11,SKU-ORANGE-001,SKU-GOLD-001,18L,1L,0.6,2,2,1.0,day,0,24.64,41892.83,2.82,37863.62,12.24,11.2,0
TR-0131,2026-05-12,SKU-ORANGE-001,SKU-ORANGE-001,1L,4L,0.9,5,3,1.0,night,1,13.32,56590.59,1.45,18446.91,11.21,6.05,0
TR-0132,2026-05-13,SKU-ORANGE-001,SKU-PURPLE-001,1L,18L,0.6,2,5,0.3,night,2,26.45,44962.41,3.25,40161.7,12.4,12.02,0
TR-0133,2026-05-14,SKU-PURPLE-001,SKU-WHITE-001,18L,1L,0.9,4,1,0.3,day,3,30.35,103185.36,4.06,45125.53,12.76,13.79,1
TR-0134,2026-05-15,SKU-PURPLE-001,SKU-IVORY-001,4L,4L,0.3,4,2,1.0,day,4,25.98,88333.74,3.49,39566.11,8.56,11.81,1
TR-0135,2026-04-01,SKU-PURPLE-001,SKU-YELLOW-001,18L,1L,0.3,5,2,1.0,day,2,27.4,116438.81,3.58,41369.38,12.49,12.45,1
TR-0136,2026-04-02,SKU-PURPLE-001,SKU-RED-001,18L,4L,0.3,2,7,1.0,day,3,23.05,39192.46,2.77,35841.95,12.1,10.48,0
TR-0137,2026-04-03,SKU-PURPLE-001,SKU-BLUE-001,18L,4L,0.3,5,3,0.7,night,4,19.94,84762.58,2.23,31883.45,11.81,9.07,0
TR-0138,2026-04-04,SKU-PURPLE-001,SKU-GREEN-001,4L,18L,0.3,2,7,0.3,day,5,24.57,41776.35,2.87,37776.41,12.23,11.17,0
TR-0139,2026-04-05,SKU-PURPLE-001,SKU-GRAY-001,18L,1L,0.9,2,1,0.7,day,6,23.17,39380.59,2.86,35982.8,12.11,10.53,0
TR-0140,2026-04-06,SKU-PURPLE-001,SKU-BLACK-001,1L,18L,0.3,4,1,0.7,day,0,20.85,70886.02,2.46,33034.87,11.9,9.48,0
TR-0141,2026-04-07,SKU-PURPLE-001,SKU-SILVER-001,18L,18L,0.6,3,4,0.3,day,1,30.18,76968.93,3.86,44915.87,8.94,13.72,1
TR-0142,2026-04-08,SKU-PURPLE-001,SKU-GOLD-001,18L,18L,0.6,2,0,1.0,day,2,26.12,44405.76,3.35,39744.96,8.57,11.87,0
TR-0143,2026-04-09,SKU-PURPLE-001,SKU-ORANGE-001,1L,18L,0.6,4,1,0.7,night,3,24.04,81732.62,2.99,37095.1,12.19,10.93,0
TR-0144,2026-04-10,SKU-PURPLE-001,SKU-PURPLE-001,4L,1L,0.6,2,4,1.0,day,4,13.88,23593.34,1.51,19163.47,11.26,6.31,0
TR-0145,2026-04-11,SKU-YELLOW-001,SKU-RED-001,1L,4L,0.3,3,5,0.3,night,5,26.37,67250.29,3.21,40065.21,12.4,11.99,0
TR-0146,2026-04-12,SKU-IVORY-001,SKU-IVORY-001,4L,4L,0.6,2,6,0.3,night,6,14.22,24179.62,1.55,19602.39,7.49,6.47,0
TR-0147,2026-04-13,SKU-YELLOW-001,SKU-GRAY-001,1L,4L,0.3,3,3,0.3,night,0,23.33,59501.59,2.8,36197.76,12.12,10.61,0
TR-0148,2026-04-14,SKU-GRAY-001,SKU-GOLD-001,4L,4L,0.9,2,1,0.7,night,1,22.39,38068.13,2.61,35000.2,8.24,10.18,0
TR-0149,2026-04-15,SKU-YELLOW-001,SKU-WHITE-001,18L,18L,0.9,2,6,1.0,day,2,18.14,30832.78,2.13,29583.37,7.85,8.24,0
TR-0150,2026-04-16,SKU-BLUE-001,SKU-WHITE-001,18L,1L,0.3,5,7,0.3,day,3,32.6,138557.08,4.25,47993.03,12.96,14.82,1
TR-0151,2026-04-17,SKU-SILVER-001,SKU-SILVER-001,18L,4L,0.6,2,5,0.7,night,4,15.43,26232.25,1.68,21139.12,11.4,7.01,0
TR-0152,2026-04-18,SKU-GREEN-001,SKU-PURPLE-001,1L,18L,0.3,4,3,1.0,day,5,21.22,72132.82,2.5,33501.59,11.93,9.64,0
TR-0153,2026-04-19,SKU-SILVER-001,SKU-BLUE-001,18L,18L,0.9,4,7,0.7,night,6,29.09,98901.78,3.68,43522.06,8.84,13.22,1
TR-0154,2026-04-20,SKU-GOLD-001,SKU-PURPLE-001,1L,18L,0.9,4,2,1.0,day,0,29.2,99291.36,3.69,43667.89,12.65,13.27,1
TR-0155,2026-04-21,SKU-GOLD-001,SKU-RED-001,18L,4L,0.9,5,3,0.7,night,1,26.6,113036.17,3.15,40350.4,12.42,12.09,1
TR-0156,2026-04-22,SKU-GOLD-001,SKU-SILVER-001,1L,4L,0.9,3,3,0.7,night,2,19.32,49268.12,2.17,31090.15,11.76,8.78,0
TR-0157,2026-04-23,SKU-BLACK-001,SKU-YELLOW-001,1L,1L,0.9,3,1,0.7,day,3,26.96,68752.07,3.72,40814.76,8.65,12.26,1
TR-0158,2026-04-24,SKU-PURPLE-001,SKU-RED-001,1L,4L,0.6,3,4,0.7,day,4,22.05,56229.3,2.66,34564.54,12.0,10.02,0
TR-0159,2026-04-25,SKU-GRAY-001,SKU-RED-001,18L,1L,0.3,5,4,0.7,day,5,21.3,90535.16,2.4,33612.13,11.94,9.68,0
TR-0160,2026-04-26,SKU-RED-001,SKU-GOLD-001,4L,18L,0.9,4,0,0.7,night,6,25.61,87072.88,3.04,39094.13,12.33,11.64,0
TR-0161,2026-04-27,SKU-GREEN-001,SKU-WHITE-001,4L,18L,0.6,5,4,0.3,night,0,28.76,122217.59,3.69,43099.92,12.61,13.07,0
TR-0162,2026-04-28,SKU-GRAY-001,SKU-PURPLE-001,18L,18L,0.3,5,2,1.0,day,1,20.27,86163.96,2.55,32303.11,8.04,9.22,0
TR-0163,2026-04-29,SKU-GRAY-001,SKU-YELLOW-001,4L,18L,0.9,2,5,0.7,day,2,22.92,38961.08,2.76,35668.72,12.08,10.42,0
TR-0164,2026-04-30,SKU-GREEN-001,SKU-BLACK-001,1L,1L,0.6,4,4,0.7,night,3,22.11,75174.68,2.79,34640.25,8.21,10.05,0
TR-0165,2026-05-01,SKU-SILVER-001,SKU-ORANGE-001,18L,4L,0.9,2,1,0.3,night,4,26.75,45477.1,3.12,40547.02,12.43,12.16,1
TR-0166,2026-05-02,SKU-IVORY-001,SKU-ORANGE-001,1L,1L,0.3,3,6,1.0,day,5,21.49,54806.98,2.63,33854.64,8.15,9.77,0
TR-0167,2026-05-03,SKU-GOLD-001,SKU-GRAY-001,18L,4L,0.9,4,0,1.0,night,6,24.38,82877.78,2.83,37523.77,12.22,11.08,1
TR-0168,2026-05-04,SKU-RED-001,SKU-RED-001,1L,1L,0.9,3,6,0.7,day,0,12.63,32195.97,1.38,17569.29,7.35,5.74,0
TR-0169,2026-05-05,SKU-PURPLE-001,SKU-BLUE-001,4L,18L,0.9,5,5,0.3,night,1,20.52,87199.53,2.29,32613.23,11.87,9.33,0
TR-0170,2026-05-06,SKU-RED-001,SKU-IVORY-001,4L,4L,0.9,2,0,0.3,day,2,22.85,38850.49,2.89,35585.93,8.28,10.39,0
TR-0171,2026-05-07,SKU-YELLOW-001,SKU-BLACK-001,1L,4L,0.6,2,0,0.7,day,3,29.54,50224.78,4.0,44101.44,12.69,13.43,0
TR-0172,2026-05-08,SKU-BLACK-001,SKU-GREEN-001,18L,18L,0.9,2,4,0.7,day,4,21.76,36999.15,2.75,34199.9,8.18,9.89,0
TR-0173,2026-05-09,SKU-YELLOW-001,SKU-PURPLE-001,18L,18L,0.9,2,3,0.7,night,5,24.83,42215.17,3.3,38104.94,8.46,11.29,0
TR-0174,2026-05-10,SKU-GRAY-001,SKU-BLUE-001,1L,18L,0.3,2,6,1.0,day,6,24.5,41654.03,2.95,37684.84,12.23,11.14,0
TR-0175,2026-05-11,SKU-BLUE-001,SKU-PURPLE-001,1L,4L,0.3,5,5,0.7,night,0,20.73,88094.87,2.32,32881.35,11.88,9.42,0
TR-0176,2026-05-12,SKU-BLACK-001,SKU-PURPLE-001,18L,1L,0.3,2,5,1.0,night,1,21.62,36760.35,2.55,34021.11,11.97,9.83,0
TR-0177,2026-05-13,SKU-WHITE-001,SKU-SILVER-001,1L,1L,0.3,3,6,1.0,day,2,25.57,65190.93,2.97,39037.36,8.52,11.62,0
TR-0178,2026-05-14,SKU-BLACK-001,SKU-RED-001,4L,18L,0.6,3,2,0.7,night,3,24.41,62234.57,3.11,37561.82,12.22,11.09,0
TR-0179,2026-05-15,SKU-GOLD-001,SKU-ORANGE-001,18L,1L,0.6,3,3,0.3,day,4,26.95,68733.97,3.07,40805.72,12.45,12.25,1
TR-0180,2026-04-01,SKU-BLACK-001,SKU-GOLD-001,1L,18L,0.9,2,1,0.3,night,2,33.46,56880.96,4.34,49084.67,13.04,15.21,0
TR-0181,2026-04-02,SKU-BLACK-001,SKU-BLACK-001,1L,18L,0.3,5,4,1.0,night,3,14.29,60721.46,1.56,19683.97,11.3,6.49,0
TR-0182,2026-04-03,SKU-GOLD-001,SKU-GRAY-001,1L,18L,0.9,2,0,0.7,night,4,25.05,42577.41,2.9,38376.13,12.28,11.38,1
TR-0183,2026-04-04,SKU-IVORY-001,SKU-BLUE-001,4L,18L,0.9,2,6,1.0,day,5,28.22,47976.13,3.68,42417.96,12.57,12.83,0
TR-0184,2026-04-05,SKU-ORANGE-001,SKU-PURPLE-001,4L,4L,0.9,4,4,0.3,night,6,22.53,76596.9,2.82,35172.64,8.25,10.24,0
TR-0185,2026-04-06,SKU-PURPLE-001,SKU-PURPLE-001,1L,1L,0.3,3,0,0.3,night,0,12.64,32225.15,1.38,17583.85,7.35,5.74,0
TR-0186,2026-04-07,SKU-PURPLE-001,SKU-GOLD-001,18L,18L,0.9,5,3,0.3,night,1,28.66,121824.83,3.63,42982.3,8.81,13.03,0
TR-0187,2026-04-08,SKU-BLUE-001,SKU-GREEN-001,1L,1L,0.6,2,0,0.7,day,2,17.76,30192.17,2.07,29103.77,7.81,8.07,0
TR-0188,2026-04-09,SKU-BLUE-001,SKU-PURPLE-001,18L,1L,0.6,2,2,0.7,day,3,19.46,33082.94,2.18,31267.98,11.77,8.85,0
TR-0189,2026-04-10,SKU-GREEN-001,SKU-RED-001,4L,4L,0.9,2,7,1.0,night,4,17.07,29015.82,1.93,28223.07,7.75,7.76,0
TR-0190,2026-04-11,SKU-GOLD-001,SKU-BLUE-001,1L,4L,0.6,3,7,1.0,day,5,30.91,78820.47,3.82,45839.99,12.81,14.05,1
TR-0191,2026-04-12,SKU-IVORY-001,SKU-GREEN-001,18L,1L,0.9,3,0,0.3,day,6,25.51,65042.82,3.25,38963.44,12.32,11.59,0
TR-0192,2026-04-13,SKU-RED-001,SKU-WHITE-001,18L,4L,0.6,4,1,0.3,night,0,27.34,92939.75,3.47,41290.28,12.49,12.43,0
TR-0193,2026-04-14,SKU-GREEN-001,SKU-ORANGE-001,18L,4L,0.3,5,0,1.0,night,1,19.51,82936.07,2.31,31336.47,11.77,8.87,0
TR-0194,2026-04-15,SKU-GREEN-001,SKU-SILVER-001,1L,18L,0.3,4,3,0.3,day,2,30.62,104105.58,3.72,45470.0,12.78,13.92,0
TR-0195,2026-04-16,SKU-RED-001,SKU-WHITE-001,18L,1L,0.3,2,5,0.7,day,3,28.19,47915.28,3.56,42372.41,12.56,12.81,0
TR-0196,2026-04-17,SKU-IVORY-001,SKU-GOLD-001,4L,4L,0.6,4,3,0.7,night,4,24.63,83736.58,2.84,37845.24,8.44,11.19,0
TR-0197,2026-04-18,SKU-YELLOW-001,SKU-WHITE-001,18L,4L,0.9,2,2,0.3,day,5,22.08,37539.24,2.56,34604.24,12.01,10.04,0
TR-0198,2026-04-19,SKU-BLUE-001,SKU-BLACK-001,1L,4L,0.9,3,0,0.3,day,6,21.74,55440.36,2.62,34170.77,11.98,9.88,0
TR-0199,2026-04-20,SKU-GRAY-001,SKU-GRAY-001,18L,4L,0.9,2,4,0.3,night,0,15.69,26673.27,1.71,21469.29,11.43,7.13,0
TR-0200,2026-04-21,SKU-BLUE-001,SKU-SILVER-001,4L,18L,0.9,5,1,1.0,day,1,29.06,123504.94,3.68,43485.44,12.64,13.21,1
TR-0201,2026-04-22,SKU-YELLOW-001,SKU-SILVER-001,4L,18L,0.3,4,5,1.0,night,2,24.65,83794.9,2.71,37867.07,12.24,11.2,0
TR-0202,2026-04-23,SKU-GOLD-001,SKU-GRAY-001,1L,1L,0.6,3,3,1.0,night,3,22.82,58181.6,2.66,35538.95,8.27,10.37,1
TR-0203,2026-04-24,SKU-WHITE-001,SKU-RED-001,1L,4L,0.6,4,2,1.0,night,4,25.79,87676.61,3.3,39320.12,12.34,11.72,0
TR-0204,2026-04-25,SKU-SILVER-001,SKU-IVORY-001,4L,1L,0.3,2,3,1.0,night,5,25.03,42549.61,2.82,38355.33,12.28,11.38,1
TR-0205,2026-04-26,SKU-GREEN-001,SKU-GREEN-001,4L,18L,0.3,3,0,1.0,day,6,12.95,33017.59,1.41,17979.37,11.18,5.89,0
TR-0206,2026-04-27,SKU-GREEN-001,SKU-BLACK-001,18L,1L,0.6,4,1,0.3,night,0,25.34,86153.86,3.14,38750.11,12.3,11.52,0
TR-0207,2026-04-28,SKU-ORANGE-001,SKU-WHITE-001,18L,18L,0.3,5,6,1.0,night,1,22.96,97562.63,2.88,35716.62,8.29,10.43,0
TR-0208,2026-04-29,SKU-BLUE-001,SKU-GREEN-001,1L,1L,0.9,5,1,1.0,day,2,16.32,69348.84,1.91,27267.57,7.68,7.42,0
TR-0209,2026-04-30,SKU-ORANGE-001,SKU-WHITE-001,1L,4L,0.6,2,3,1.0,night,3,23.84,40528.71,2.98,36842.35,12.17,10.84,0
TR-0210,2026-05-01,SKU-GRAY-001,SKU-GOLD-001,1L,18L,0.6,2,7,1.0,night,4,26.96,45829.7,3.11,40811.0,12.45,12.25,0
TR-0211,2026-05-02,SKU-SILVER-001,SKU-GRAY-001,18L,4L,0.3,5,3,0.3,night,5,29.02,123336.37,3.4,43434.96,12.64,13.19,1
TR-0212,2026-05-03,SKU-WHITE-001,SKU-YELLOW-001,18L,1L,0.9,2,6,1.0,day,6,20.97,35648.65,2.44,33188.83,11.91,9.53,0
TR-0213,2026-05-04,SKU-PURPLE-001,SKU-YELLOW-001,18L,4L,0.6,2,2,0.7,day,0,27.78,47229.47,3.62,41858.96,12.53,12.63,1
TR-0214,2026-05-05,SKU-RED-001,SKU-PURPLE-001,1L,1L,0.6,2,5,1.0,day,1,18.94,32193.99,2.32,30602.45,7.92,8.61,0
TR-0215,2026-05-06,SKU-IVORY-001,SKU-GOLD-001,4L,1L,0.6,2,2,0.7,night,2,26.78,45531.26,3.08,40587.57,12.43,12.17,0
TR-0216,2026-05-07,SKU-PURPLE-001,SKU-BLUE-001,18L,1L,0.6,5,2,0.7,night,3,19.35,82218.25,2.17,31121.51,11.76,8.79,0
TR-0217,2026-05-08,SKU-YELLOW-001,SKU-SILVER-001,18L,1L,0.3,2,3,0.3,night,4,26.09,44353.77,2.87,39706.03,12.37,11.86,0
TR-0218,2026-05-09,SKU-GRAY-001,SKU-SILVER-001,18L,4L,0.9,4,4,0.7,day,5,26.93,91557.52,3.17,40772.87,12.45,12.24,0
TR-0219,2026-05-10,SKU-RED-001,SKU-PURPLE-001,18L,1L,0.6,5,4,0.7,day,6,22.13,94050.64,2.67,34664.9,12.01,10.06,0
TR-0220,2026-05-11,SKU-ORANGE-001,SKU-BLACK-001,4L,4L,0.6,2,6,0.7,night,0,25.05,42578.86,3.29,38377.22,8.48,11.38,0
TR-0221,2026-05-12,SKU-YELLOW-001,SKU-GRAY-001,4L,18L,0.9,2,2,1.0,night,1,20.33,34566.63,2.47,32378.76,11.85,9.24,0
TR-0222,2026-05-13,SKU-BLACK-001,SKU-GOLD-001,1L,4L,0.6,3,4,1.0,night,2,33.33,84980.62,4.32,48914.57,13.03,15.15,0
TR-0223,2026-05-14,SKU-GRAY-001,SKU-IVORY-001,18L,4L,0.6,4,1,0.3,day,3,24.02,81669.22,2.94,37071.37,12.18,10.92,0
TR-0224,2026-05-15,SKU-GRAY-001,SKU-YELLOW-001,1L,4L,0.6,3,1,0.7,day,4,21.93,55912.16,2.65,34406.25,11.99,9.97,0
TR-0225,2026-04-01,SKU-BLUE-001,SKU-GOLD-001,4L,1L,0.6,3,1,1.0,day,2,28.25,72025.31,3.53,42448.46,12.57,12.84,0
TR-0226,2026-04-02,SKU-GREEN-001,SKU-GRAY-001,18L,18L,0.6,5,2,1.0,night,3,16.98,72152.01,2.0,28107.02,7.74,7.72,0
TR-0227,2026-04-03,SKU-WHITE-001,SKU-WHITE-001,18L,1L,0.3,5,3,1.0,day,4,13.96,59340.53,1.52,19270.43,11.27,6.35,0
TR-0228,2026-04-04,SKU-YELLOW-001,SKU-GREEN-001,18L,1L,0.6,2,3,1.0,day,5,24.36,41405.82,3.06,37499.01,12.21,11.07,0
TR-0229,2026-04-05,SKU-SILVER-001,SKU-YELLOW-001,1L,4L,0.6,4,6,1.0,night,6,25.2,85682.38,2.77,38573.62,12.29,11.45,1
TR-0230,2026-04-06,SKU-BLACK-001,SKU-GREEN-001,4L,1L,0.6,3,2,0.3,day,0,25.48,64976.15,3.16,38930.17,12.32,11.58,0
TR-0231,2026-04-07,SKU-BLUE-001,SKU-GRAY-001,1L,1L,0.3,4,4,1.0,day,1,20.54,69838.75,2.52,32642.85,8.07,9.34,0
TR-0232,2026-04-08,SKU-SILVER-001,SKU-SILVER-001,4L,4L,0.9,3,7,0.7,night,2,12.52,31921.21,1.37,17432.16,7.34,5.69,0
TR-0233,2026-04-09,SKU-GOLD-001,SKU-YELLOW-001,4L,18L,0.3,3,5,1.0,day,3,26.2,66802.45,2.95,39841.69,12.38,11.91,1
TR-0234,2026-04-10,SKU-BLUE-001,SKU-ORANGE-001,4L,18L,0.6,5,3,0.7,day,4,23.73,100849.78,2.9,36701.0,12.16,10.79,0
TR-0235,2026-04-11,SKU-BLACK-001,SKU-ORANGE-001,4L,18L,0.6,2,2,0.3,day,5,27.92,47468.28,3.6,42037.75,12.54,12.69,0
TR-0236,2026-04-12,SKU-GREEN-001,SKU-GOLD-001,4L,4L,0.6,3,6,0.3,day,6,26.98,68790.75,3.25,40834.07,8.65,12.26,0
TR-0237,2026-04-13,SKU-WHITE-001,SKU-ORANGE-001,18L,18L,0.6,2,1,1.0,night,0,20.87,35476.78,2.65,33060.16,8.1,9.49,0
TR-0238,2026-04-14,SKU-GOLD-001,SKU-BLUE-001,1L,18L,0.9,4,0,0.3,night,1,29.71,101007.24,3.69,44310.2,12.7,13.5,1
TR-0239,2026-04-15,SKU-BLACK-001,SKU-RED-001,4L,18L,0.6,3,0,0.7,night,2,23.55,60063.28,3.01,36478.11,12.14,10.71,0
TR-0240,2026-04-16,SKU-ORANGE-001,SKU-RED-001,18L,18L,0.9,5,2,0.7,day,3,17.15,72871.24,1.98,28322.4,7.76,7.79,0
TR-0241,2026-04-17,SKU-IVORY-001,SKU-IVORY-001,18L,1L,0.3,4,3,0.7,night,4,15.56,52904.51,1.7,21303.83,11.41,7.07,0
TR-0242,2026-04-18,SKU-IVORY-001,SKU-WHITE-001,4L,4L,0.6,3,5,0.7,day,5,14.0,35694.34,1.62,19315.36,7.47,6.36,0
TR-0243,2026-04-19,SKU-GREEN-001,SKU-PURPLE-001,18L,4L,0.6,3,1,0.7,day,6,20.58,52477.46,2.43,32691.96,11.87,9.35,0
TR-0244,2026-04-20,SKU-BLACK-001,SKU-YELLOW-001,18L,1L,0.3,4,6,1.0,night,0,31.68,107723.28,4.23,46824.22,12.88,14.4,1
TR-0245,2026-04-21,SKU-GOLD-001,SKU-WHITE-001,1L,4L,0.9,4,0,1.0,day,1,26.3,89418.91,3.11,39972.32,12.39,11.95,1
TR-0246,2026-04-22,SKU-GOLD-001,SKU-PURPLE-001,4L,18L,0.3,3,3,0.7,night,2,31.0,79055.85,3.88,45957.47,12.82,14.09,1
TR-0247,2026-04-23,SKU-PURPLE-001,SKU-GRAY-001,4L,18L,0.3,5,2,0.3,day,3,25.37,107831.7,3.1,38791.85,12.31,11.53,0
TR-0248,2026-04-24,SKU-BLACK-001,SKU-WHITE-001,18L,4L,0.6,5,0,0.7,day,4,32.9,139839.0,4.52,48376.92,12.99,14.96,1
TR-0249,2026-04-25,SKU-SILVER-001,SKU-BLACK-001,4L,1L,0.9,3,0,0.3,night,5,34.14,87049.62,4.48,49947.23,13.1,15.52,1
TR-0250,2026-04-26,SKU-IVORY-001,SKU-ORANGE-001,1L,4L,0.3,3,6,0.3,night,6,25.82,65835.18,3.11,39358.92,12.35,11.74,0
TR-0251,2026-04-27,SKU-PURPLE-001,SKU-BLUE-001,18L,1L,0.6,3,6,1.0,night,0,19.54,49832.55,2.19,31371.86,11.78,8.88,0
TR-0252,2026-04-28,SKU-WHITE-001,SKU-ORANGE-001,18L,18L,0.3,3,7,0.3,night,1,24.87,63420.22,3.09,38153.58,8.46,11.3,0
TR-0253,2026-04-29,SKU-GOLD-001,SKU-GOLD-001,18L,18L,0.9,3,3,1.0,night,2,10.81,27575.04,1.18,15262.94,7.18,4.92,0
TR-0254,2026-04-30,SKU-BLACK-001,SKU-BLACK-001,4L,1L,0.3,5,2,0.7,day,3,14.53,61768.78,1.59,19997.6,11.32,6.61,0
TR-0255,2026-05-01,SKU-GOLD-001,SKU-GRAY-001,4L,18L,0.9,5,6,0.7,night,4,26.74,113634.02,3.08,40529.44,12.43,12.15,1
TR-0256,2026-05-02,SKU-GREEN-001,SKU-SILVER-001,1L,1L,0.3,5,0,0.3,day,5,26.61,113101.4,3.28,40369.94,8.62,12.1,0
TR-0257,2026-05-03,SKU-GREEN-001,SKU-BLACK-001,18L,18L,0.6,3,5,0.3,day,6,23.3,59423.75,2.92,36158.91,8.32,10.59,0
TR-0258,2026-05-04,SKU-BLACK-001,SKU-ORANGE-001,1L,18L,0.3,3,1,0.3,day,0,27.84,70991.05,3.59,41932.25,12.53,12.65,0
TR-0259,2026-05-05,SKU-BLACK-001,SKU-BLUE-001,18L,1L,0.9,5,3,0.3,night,1,23.12,98264.68,2.77,35926.86,12.1,10.51,0
TR-0260,2026-05-06,SKU-SILVER-001,SKU-GRAY-001,4L,18L,0.3,2,3,0.7,night,2,27.44,46649.07,3.23,41424.44,12.49,12.47,1
TR-0261,2026-05-07,SKU-BLACK-001,SKU-GRAY-001,4L,4L,0.9,4,5,0.7,night,3,24.15,82111.02,3.16,37236.74,8.4,10.98,0
TR-0262,2026-05-08,SKU-WHITE-001,SKU-GREEN-001,18L,18L,0.6,3,4,0.3,day,4,26.3,67062.62,3.42,39971.54,8.59,11.95,0
TR-0263,2026-05-09,SKU-GRAY-001,SKU-BLACK-001,1L,18L,0.6,4,1,0.7,day,5,26.27,89305.98,3.39,39930.05,12.39,11.94,0
TR-0264,2026-05-10,SKU-BLACK-001,SKU-IVORY-001,4L,1L,0.3,4,3,0.7,day,6,31.96,108667.96,4.33,47177.84,12.91,14.53,1
TR-0265,2026-05-11,SKU-GRAY-001,SKU-GRAY-001,1L,1L,0.9,5,0,0.7,night,0,10.67,45341.82,1.16,15078.3,7.17,4.85,0
TR-0266,2026-05-12,SKU-ORANGE-001,SKU-WHITE-001,1L,4L,0.9,5,7,0.7,night,1,26.31,111809.94,3.25,39983.19,12.39,11.96,0
TR-0267,2026-05-13,SKU-RED-001,SKU-GRAY-001,18L,1L,0.3,4,7,1.0,night,2,21.88,74382.06,2.46,34343.55,11.99,9.94,0
TR-0268,2026-05-14,SKU-IVORY-001,SKU-PURPLE-001,1L,18L,0.9,3,5,0.3,day,3,30.22,77060.97,3.95,44961.8,12.75,13.74,0
TR-0269,2026-05-15,SKU-GOLD-001,SKU-GRAY-001,4L,1L,0.3,2,5,0.3,day,4,28.32,48150.09,3.26,42548.2,12.57,12.87,1
TR-0270,2026-04-01,SKU-ORANGE-001,SKU-GREEN-001,18L,4L,0.6,4,7,0.3,night,2,24.08,81859.65,2.8,37142.65,12.19,10.94,0
TR-0271,2026-04-02,SKU-RED-001,SKU-BLACK-001,18L,18L,0.6,5,4,1.0,day,3,22.0,93513.22,2.84,34503.96,8.2,10.0,0
TR-0272,2026-04-03,SKU-BLACK-001,SKU-RED-001,18L,1L,0.6,3,1,1.0,night,4,23.18,59101.63,2.97,35998.14,12.11,10.54,0
TR-0273,2026-04-04,SKU-GRAY-001,SKU-SILVER-001,1L,4L,0.9,4,6,0.3,night,5,28.67,97469.13,3.36,42985.77,12.61,13.03,0
TR-0274,2026-04-05,SKU-ORANGE-001,SKU-PURPLE-001,18L,1L,0.9,4,6,0.7,day,6,24.87,84566.13,3.08,38155.77,12.26,11.31,0
TR-0275,2026-04-06,SKU-RED-001,SKU-GREEN-001,1L,1L,0.9,5,7,0.7,day,0,18.11,76975.54,2.04,29551.5,7.85,8.23,0
TR-0276,2026-04-07,SKU-SILVER-001,SKU-IVORY-001,4L,4L,0.3,3,4,0.3,day,1,24.49,62446.38,2.76,37667.54,8.43,11.13,1
TR-0277,2026-04-08,SKU-RED-001,SKU-GREEN-001,1L,4L,0.9,5,0,1.0,night,2,17.88,75999.93,2.02,29259.34,11.63,8.13,0
TR-0278,2026-04-09,SKU-PURPLE-001,SKU-SILVER-001,1L,1L,0.9,5,2,0.3,day,3,29.15,123876.63,3.75,43596.75,8.85,13.25,1
TR-0279,2026-04-10,SKU-WHITE-001,SKU-BLACK-001,18L,4L,0.3,3,3,0.3,night,4,35.16,89669.63,4.77,51254.9,13.2,15.98,0
TR-0280,2026-04-11,SKU-GRAY-001,SKU-BLACK-001,18L,18L,0.3,4,0,0.3,day,5,24.81,84362.55,3.23,38079.57,8.46,11.28,0
TR-0281,2026-04-12,SKU-BLUE-001,SKU-GOLD-001,18L,1L,0.3,4,0,1.0,night,6,28.5,96914.73,3.55,42778.24,12.59,12.96,0
TR-0282,2026-04-13,SKU-PURPLE-001,SKU-RED-001,18L,1L,0.3,5,4,1.0,night,0,21.81,92689.47,2.63,34257.27,11.98,9.91,0
TR-0283,2026-04-14,SKU-YELLOW-001,SKU-BLACK-001,4L,18L,0.9,3,7,1.0,day,1,30.77,78468.65,4.13,45664.39,12.8,13.99,0
TR-0284,2026-04-15,SKU-SILVER-001,SKU-PURPLE-001,1L,1L,0.9,2,1,0.7,night,2,27.72,47117.73,3.59,41775.3,8.72,12.6,1
TR-0285,2026-04-16,SKU-BLACK-001,SKU-GOLD-001,4L,4L,0.3,2,1,0.3,day,3,31.27,53152.37,4.1,46293.21,9.04,14.21,0
TR-0286,2026-04-17,SKU-BLACK-001,SKU-RED-001,1L,4L,0.3,3,5,0.3,night,4,27.13,69171.99,3.4,41024.35,12.47,12.33,0
TR-0287,2026-04-18,SKU-WHITE-001,SKU-BLUE-001,18L,1L,0.6,5,4,0.3,day,5,31.32,133119.45,4.11,46364.65,12.85,14.24,0
TR-0288,2026-04-19,SKU-ORANGE-001,SKU-GOLD-001,1L,1L,0.6,3,6,0.7,day,6,24.14,61544.6,2.77,37217.45,8.39,10.97,0
TR-0289,2026-04-20,SKU-BLUE-001,SKU-ORANGE-001,1L,1L,0.3,4,2,1.0,night,0,20.48,69626.45,2.55,32563.38,8.06,9.31,0
TR-0290,2026-04-21,SKU-SILVER-001,SKU-GREEN-001,4L,4L,0.6,5,0,1.0,day,1,24.56,104366.66,3.06,37754.19,8.43,11.16,1
TR-0291,2026-04-22,SKU-RED-001,SKU-PURPLE-001,1L,4L,0.9,3,5,0.7,day,2,22.76,58036.13,2.74,35466.34,12.07,10.35,0
TR-0292,2026-04-23,SKU-YELLOW-001,SKU-GRAY-001,1L,4L,0.9,5,1,0.3,day,3,21.91,93121.74,2.65,34386.72,11.99,9.96,0
TR-0293,2026-04-24,SKU-ORANGE-001,SKU-BLACK-001,1L,18L,0.3,4,1,0.7,day,4,26.54,90246.75,3.45,40282.2,12.41,12.07,0
TR-0294,2026-04-25,SKU-GRAY-001,SKU-GRAY-001,18L,1L,0.9,3,7,0.7,night,5,15.69,40011.05,1.71,21469.86,11.43,7.13,0
TR-0295,2026-04-26,SKU-GRAY-001,SKU-YELLOW-001,18L,1L,0.9,5,7,1.0,night,6,22.24,94536.9,2.68,34810.52,12.02,10.11,0
TR-0296,2026-04-27,SKU-SILVER-001,SKU-ORANGE-001,4L,4L,0.6,4,0,0.3,night,0,23.97,81509.86,2.82,37011.71,8.38,10.9,1
TR-0297,2026-04-28,SKU-GOLD-001,SKU-YELLOW-001,4L,18L,0.6,3,0,0.3,night,1,25.81,65825.43,2.9,39354.05,12.35,11.73,1
TR-0298,2026-04-29,SKU-GREEN-001,SKU-YELLOW-001,1L,1L,0.3,2,2,1.0,night,2,20.94,35592.07,2.68,33146.47,8.1,9.52,0
TR-0299,2026-04-30,SKU-SILVER-001,SKU-ORANGE-001,4L,1L,0.6,5,0,0.7,day,3,24.94,106013.46,2.92,38247.35,12.27,11.34,1
TR-0300,2026-05-01,SKU-YELLOW-001,SKU-PURPLE-001,18L,4L,0.9,2,3,1.0,day,4,26.31,44724.47,3.46,39983.56,12.39,11.96,0
TR-0301,2026-05-02,SKU-ORANGE-001,SKU-SILVER-001,4L,18L,0.9,5,5,1.0,day,5,25.8,109650.63,3.01,39336.55,12.35,11.73,0
TR-0302,2026-05-03,SKU-YELLOW-001,SKU-RED-001,18L,4L,0.6,4,1,1.0,day,6,22.57,76726.35,2.8,35221.09,12.05,10.26,0
TR-0303,2026-05-04,SKU-GOLD-001,SKU-GREEN-001,1L,1L,0.6,2,2,0.7,day,0,24.77,42107.27,3.01,38024.16,8.45,11.26,1
TR-0304,2026-05-05,SKU-GRAY-001,SKU-GREEN-001,18L,1L,0.3,5,3,0.7,day,1,21.99,93466.26,2.54,34489.9,12.0,10.0,0
TR-0305,2026-05-06,SKU-GOLD-001,SKU-BLACK-001,4L,1L,0.3,2,1,1.0,day,2,32.29,54900.66,4.21,47602.1,12.94,14.68,1
TR-0306,2026-05-07,SKU-GOLD-001,SKU-GRAY-001,18L,18L,0.9,4,0,1.0,day,3,21.67,73684.98,2.53,34082.61,8.17,9.85,1
TR-0307,2026-05-08,SKU-YELLOW-001,SKU-GOLD-001,1L,18L,0.6,4,6,0.3,day,4,27.97,95106.72,3.14,42101.45,12.54,12.71,0
TR-0308,2026-05-09,SKU-GOLD-001,SKU-GRAY-001,4L,18L,0.9,4,7,0.3,night,5,28.56,97095.52,3.28,42845.92,12.6,12.98,1
TR-0309,2026-05-10,SKU-PURPLE-001,SKU-GREEN-001,1L,18L,0.9,4,0,1.0,night,6,19.64,66764.95,2.33,31492.23,11.79,8.93,0
TR-0310,2026-05-11,SKU-GOLD-001,SKU-GRAY-001,1L,18L,0.3,3,0,0.7,night,0,25.8,65796.4,2.98,39339.56,12.35,11.73,1
TR-0311,2026-05-12,SKU-SILVER-001,SKU-PURPLE-001,18L,18L,0.6,2,7,1.0,night,1,29.89,50808.04,3.83,44538.11,8.92,13.59,1
TR-0312,2026-05-13,SKU-PURPLE-001,SKU-SILVER-001,1L,1L,0.6,5,2,1.0,day,2,27.79,118105.72,3.6,41868.56,8.73,12.63,1
TR-0313,2026-05-14,SKU-BLACK-001,SKU-PURPLE-001,1L,4L,0.9,5,7,0.7,night,3,22.51,95662.83,2.64,35147.69,12.05,10.23,0
TR-0314,2026-05-15,SKU-SILVER-001,SKU-BLACK-001,18L,4L,0.6,3,6,0.3,day,4,36.81,93870.15,4.77,53351.41,13.35,16.73,1
TR-0315,2026-04-01,SKU-BLACK-001,SKU-ORANGE-001,4L,18L,0.6,5,4,0.7,day,2,27.67,117579.72,3.57,41711.04,12.52,12.58,0
TR-0316,2026-04-02,SKU-GREEN-001,SKU-ORANGE-001,18L,1L,0.6,4,6,0.7,day,3,22.22,75531.17,2.6,34773.7,12.02,10.1,0
TR-0317,2026-04-03,SKU-ORANGE-001,SKU-WHITE-001,18L,18L,0.3,5,4,0.7,night,4,22.52,95726.94,2.83,35166.89,8.25,10.24,0
TR-0318,2026-04-04,SKU-BLUE-001,SKU-ORANGE-001,18L,4L,0.9,2,4,0.7,night,5,23.23,39495.06,2.85,36068.5,12.11,10.56,0
TR-0319,2026-04-05,SKU-BLACK-001,SKU-RED-001,1L,1L,0.6,2,0,0.7,night,6,21.63,36777.65,2.8,34034.07,8.17,9.83,0
TR-0320,2026-04-06,SKU-YELLOW-001,SKU-YELLOW-001,18L,1L,0.9,3,1,0.7,day,0,13.65,34814.74,1.49,18876.34,11.24,6.21,0
TR-0321,2026-04-07,SKU-GOLD-001,SKU-SILVER-001,1L,4L,0.6,5,6,0.3,night,1,22.15,94149.3,2.48,34694.44,12.01,10.07,0
TR-0322,2026-04-08,SKU-ORANGE-001,SKU-RED-001,4L,18L,0.9,4,0,0.7,day,2,19.28,65537.85,2.21,31032.89,11.75,8.76,0
TR-0323,2026-04-09,SKU-BLUE-001,SKU-GOLD-001,4L,1L,0.3,5,6,0.7,night,3,31.09,132128.73,3.84,46067.96,12.83,14.13,0
TR-0324,2026-04-10,SKU-YELLOW-001,SKU-IVORY-001,1L,4L,0.3,4,7,0.7,night,4,21.54,73235.66,2.42,33914.42,11.96,9.79,0
TR-0325,2026-04-11,SKU-ORANGE-001,SKU-YELLOW-001,4L,4L,0.9,3,2,1.0,night,5,17.94,45745.39,2.18,29331.92,7.83,8.15,0
TR-0326,2026-04-12,SKU-GOLD-001,SKU-GREEN-001,4L,18L,0.9,4,0,1.0,day,6,25.85,87896.9,3.13,39402.58,12.35,11.75,1
TR-0327,2026-04-13,SKU-RED-001,SKU-PURPLE-001,4L,18L,0.6,3,7,0.7,day,0,23.71,60469.23,2.84,36680.72,12.16,10.78,0
TR-0328,2026-04-14,SKU-ORANGE-001,SKU-BLUE-001,4L,18L,0.6,2,4,1.0,night,1,22.98,39072.74,2.82,35752.32,12.09,10.45,0
TR-0329,2026-04-15,SKU-BLACK-001,SKU-GREEN-001,1L,4L,0.6,5,4,1.0,day,2,23.98,101915.49,2.99,37020.15,12.18,10.9,0
TR-0330,2026-04-16,SKU-BLACK-001,SKU-GRAY-001,18L,1L,0.6,2,5,0.3,day,3,28.67,48737.12,3.65,42987.68,12.61,13.03,0
TR-0331,2026-04-17,SKU-RED-001,SKU-RED-001,18L,1L,0.9,2,7,0.3,night,4,17.18,29203.58,1.87,23363.64,11.56,7.81,0
TR-0332,2026-04-18,SKU-PURPLE-001,SKU-SILVER-001,1L,1L,0.9,5,3,1.0,night,5,27.86,118411.25,3.61,41960.05,8.73,12.66,1
TR-0333,2026-04-19,SKU-GRAY-001,SKU-BLACK-001,1L,18L,0.9,4,0,0.7,day,6,25.29,85970.33,3.28,38681.41,12.3,11.49,0
TR-0334,2026-04-20,SKU-ORANGE-001,SKU-BLACK-001,18L,4L,0.9,3,6,1.0,day,0,27.22,69417.37,3.53,41146.82,12.47,12.37,0
TR-0335,2026-04-21,SKU-ORANGE-001,SKU-GOLD-001,18L,4L,0.3,2,7,0.3,day,1,28.38,48249.27,3.23,42622.45,12.58,12.9,0
TR-0336,2026-04-22,SKU-RED-001,SKU-BLACK-001,18L,18L,0.3,2,6,0.7,night,2,23.49,39925.31,3.01,36390.61,8.34,10.68,0
TR-0337,2026-04-23,SKU-GOLD-001,SKU-GOLD-001,18L,1L,0.9,2,4,0.7,day,3,14.9,25327.95,1.63,20462.1,11.35,6.77,0
TR-0338,2026-04-24,SKU-IVORY-001,SKU-PURPLE-001,1L,18L,0.6,3,6,1.0,night,4,28.92,73735.01,3.81,43301.79,12.63,13.14,0
TR-0339,2026-04-25,SKU-PURPLE-001,SKU-GOLD-001,1L,4L,0.6,5,0,0.3,day,5,30.89,131281.2,3.87,45814.16,12.81,14.04,0
TR-0340,2026-04-26,SKU-YELLOW-001,SKU-GOLD-001,18L,1L,0.3,3,4,0.3,night,6,27.87,71068.05,3.13,41970.69,12.53,12.67,0
TR-0341,2026-04-27,SKU-SILVER-001,SKU-SILVER-001,4L,4L,0.3,2,7,0.7,day,0,13.97,23742.47,1.52,19275.11,7.47,6.35,0
TR-0342,2026-04-28,SKU-GRAY-001,SKU-GRAY-001,4L,4L,0.3,2,1,0.7,night,1,11.42,19420.66,1.25,16039.53,7.24,5.19,0
TR-0343,2026-04-29,SKU-PURPLE-001,SKU-GREEN-001,1L,4L,0.6,5,6,1.0,night,2,22.2,94362.48,2.61,34758.28,12.02,10.09,0
TR-0344,2026-04-30,SKU-ORANGE-001,SKU-GRAY-001,18L,1L,0.3,2,7,1.0,day,3,20.27,34453.52,2.24,32294.08,11.84,9.21,0
TR-0345,2026-05-01,SKU-BLUE-001,SKU-IVORY-001,18L,18L,0.3,2,3,1.0,night,4,25.72,43720.61,3.41,39232.01,8.54,11.69,1
TR-0346,2026-05-02,SKU-PURPLE-001,SKU-ORANGE-001,18L,18L,0.3,3,0,0.3,night,5,22.12,56412.74,2.78,34656.09,8.21,10.06,0
TR-0347,2026-05-03,SKU-SILVER-001,SKU-PURPLE-001,1L,18L,0.9,5,4,1.0,day,6,30.51,129651.34,3.89,45326.07,12.77,13.87,1
TR-0348,2026-05-04,SKU-BLACK-001,SKU-BLACK-001,1L,18L,0.3,2,5,0.7,night,0,15.81,26870.62,1.72,21617.04,11.44,7.18,0
TR-0349,2026-05-05,SKU-GRAY-001,SKU-WHITE-001,18L,1L,0.6,4,7,0.3,night,1,27.39,93130.01,3.4,41361.5,12.49,12.45,0
TR-0350,2026-05-06,SKU-YELLOW-001,SKU-YELLOW-001,4L,18L,0.9,4,2,0.3,day,2,15.21,51723.97,1.66,20861.92,11.38,6.91,0
TR-0351,2026-05-07,SKU-GOLD-001,SKU-RED-001,1L,4L,0.9,3,2,0.3,night,3,27.92,71190.98,3.29,42032.04,12.54,12.69,1
TR-0352,2026-05-08,SKU-RED-001,SKU-GREEN-001,4L,4L,0.3,4,5,1.0,day,4,17.37,59070.54,1.96,28611.97,7.78,7.9,0
TR-0353,2026-05-09,SKU-BLUE-001,SKU-GOLD-001,18L,4L,0.9,4,7,0.3,night,5,31.7,107772.8,3.9,46842.76,12.88,14.41,0
TR-0354,2026-05-10,SKU-PURPLE-001,SKU-WHITE-001,18L,1L,0.9,5,1,0.7,night,6,29.48,125297.26,3.96,44022.17,12.68,13.4,1
TR-0355,2026-05-11,SKU-WHITE-001,SKU-GREEN-001,1L,18L,0.6,3,0,0.3,night,0,27.54,70222.45,3.56,41548.64,12.5,12.52,0
TR-0356,2026-05-12,SKU-PURPLE-001,SKU-GREEN-001,4L,1L,0.3,5,5,1.0,night,1,22.25,94558.28,2.62,34816.92,12.02,10.11,0
TR-0357,2026-05-13,SKU-ORANGE-001,SKU-PURPLE-001,1L,18L,0.6,4,4,0.3,night,2,25.38,86283.95,3.14,38798.8,12.31,11.54,0
TR-0358,2026-05-14,SKU-RED-001,SKU-WHITE-001,1L,4L,0.9,2,4,0.3,day,3,28.36,48215.2,3.58,42596.94,12.58,12.89,0
TR-0359,2026-05-15,SKU-RED-001,SKU-RED-001,4L,1L,0.9,4,1,1.0,night,4,12.86,43740.87,1.4,17873.59,11.17,5.85,0
TR-0360,2026-04-01,SKU-PURPLE-001,SKU-RED-001,1L,18L,0.9,5,5,0.7,day,2,22.02,93582.32,2.66,34524.65,12.0,10.01,0
TR-0361,2026-04-02,SKU-GRAY-001,SKU-BLUE-001,18L,18L,0.6,5,1,0.7,night,3,19.93,84722.38,2.45,31871.41,8.01,9.06,0
TR-0362,2026-04-03,SKU-ORANGE-001,SKU-BLUE-001,18L,4L,0.9,3,6,0.3,day,4,25.61,65302.36,3.1,39092.98,12.33,11.64,0
TR-0363,2026-04-04,SKU-IVORY-001,SKU-RED-001,18L,1L,0.9,2,4,0.7,day,5,25.32,43042.14,3.16,38724.06,12.3,11.51,0
TR-0364,2026-04-05,SKU-SILVER-001,SKU-GRAY-001,18L,18L,0.9,4,2,1.0,night,6,23.17,78763.71,2.76,35983.74,8.31,10.53,1
TR-0365,2026-04-06,SKU-BLACK-001,SKU-BLUE-001,4L,1L,0.3,2,1,0.3,night,0,23.12,39296.34,2.77,35919.72,12.1,10.51,0
TR-0366,2026-04-07,SKU-IVORY-001,SKU-SILVER-001,18L,4L,0.6,5,0,0.3,day,1,25.89,110042.75,2.91,39453.98,12.35,11.77,0
TR-0367,2026-04-08,SKU-GRAY-001,SKU-BLUE-001,4L,18L,0.9,4,7,0.7,night,2,24.85,84495.16,2.99,38129.21,12.26,11.3,0
TR-0368,2026-04-09,SKU-GREEN-001,SKU-GRAY-001,4L,1L,0.6,5,1,0.3,night,3,21.99,93464.11,2.54,34489.25,12.0,10.0,0
TR-0369,2026-04-10,SKU-GREEN-001,SKU-ORANGE-001,4L,18L,0.3,5,2,0.7,day,4,21.2,90081.49,2.49,33476.27,11.93,9.63,0
TR-0370,2026-04-11,SKU-PURPLE-001,SKU-ORANGE-001,4L,18L,0.9,5,7,1.0,night,5,24.39,103647.52,3.03,37538.83,12.22,11.09,0
TR-0371,2026-04-12,SKU-GOLD-001,SKU-GREEN-001,18L,4L,0.6,2,1,0.7,night,6,27.1,46069.26,3.27,40990.35,12.46,12.32,1
TR-0372,2026-04-13,SKU-BLACK-001,SKU-PURPLE-001,4L,4L,0.9,2,6,0.7,day,0,19.59,33300.16,2.33,31430.6,7.98,8.9,0
TR-0373,2026-04-14,SKU-GOLD-001,SKU-RED-001,1L,18L,0.6,2,6,1.0,day,1,26.94,45794.94,3.18,40784.98,12.45,12.24,1
TR-0374,2026-04-15,SKU-RED-001,SKU-GOLD-001,18L,18L,0.6,2,0,0.3,night,2,24.52,41687.37,2.92,37709.79,8.43,11.15,0
TR-0375,2026-04-16,SKU-BLACK-001,SKU-GREEN-001,1L,1L,0.3,4,0,0.3,day,3,22.49,76465.66,2.83,35123.51,8.24,10.22,0
TR-0376,2026-04-17,SKU-IVORY-001,SKU-BLUE-001,18L,1L,0.9,2,5,0.3,day,4,30.0,51007.96,3.87,44687.78,12.73,13.64,0
TR-0377,2026-04-18,SKU-ORANGE-001,SKU-RED-001,1L,18L,0.6,3,1,0.7,night,5,20.1,51250.43,2.3,32079.54,11.83,9.14,0
TR-0378,2026-04-19,SKU-RED-001,SKU-BLACK-001,1L,4L,0.9,3,3,0.3,night,6,25.3,64525.5,3.2,38705.24,12.3,11.5,0
TR-0379,2026-04-20,SKU-GOLD-001,SKU-PURPLE-001,18L,4L,0.3,2,5,1.0,day,0,31.19,53028.36,3.9,46200.37,12.84,14.18,1
TR-0380,2026-04-21,SKU-WHITE-001,SKU-GREEN-001,1L,1L,0.6,5,2,1.0,night,1,23.93,101703.36,3.17,36956.62,8.38,10.88,0
TR-0381,2026-04-22,SKU-ORANGE-001,SKU-ORANGE-001,1L,4L,0.3,2,0,0.7,night,2,14.18,24098.28,1.55,19541.49,11.29,6.44,0
TR-0382,2026-04-23,SKU-BLUE-001,SKU-ORANGE-001,4L,1L,0.6,4,5,1.0,night,3,23.81,80955.2,2.91,36804.09,12.16,10.82,0
TR-0383,2026-04-24,SKU-PURPLE-001,SKU-SILVER-001,1L,1L,0.9,3,3,0.3,night,4,30.04,76592.27,3.84,44727.87,8.93,13.65,1
TR-0384,2026-04-25,SKU-PURPLE-001,SKU-PURPLE-001,18L,18L,0.9,3,6,0.7,night,5,12.68,32337.47,1.38,17639.91,7.35,5.76,0
TR-0385,2026-04-26,SKU-YELLOW-001,SKU-GOLD-001,18L,1L,0.9,3,7,0.3,day,6,27.52,70167.51,3.09,41521.22,12.5,12.51,0
TR-0386,2026-04-27,SKU-WHITE-001,SKU-GREEN-001,18L,18L,0.9,2,2,1.0,night,0,23.29,39598.23,3.1,36145.73,8.32,10.59,0
TR-0387,2026-04-28,SKU-SILVER-001,SKU-GRAY-001,4L,4L,0.6,3,4,1.0,day,1,24.03,61270.41,2.85,37080.6,8.38,10.92,1
TR-0388,2026-04-29,SKU-BLUE-001,SKU-BLUE-001,18L,1L,0.6,5,7,1.0,night,2,15.02,63819.52,1.64,20611.73,11.37,6.83,0
TR-0389,2026-04-30,SKU-GREEN-001,SKU-ORANGE-001,1L,4L,0.6,4,0,1.0,day,3,19.33,65716.9,2.29,31099.91,11.76,8.79,0
TR-0390,2026-05-01,SKU-IVORY-001,SKU-YELLOW-001,1L,18L,0.6,2,7,0.3,night,4,22.1,37567.81,2.48,34625.63,12.01,10.04,0
TR-0391,2026-05-02,SKU-YELLOW-001,SKU-GOLD-001,1L,4L,0.9,3,0,0.3,night,5,25.61,65317.06,2.88,39100.31,12.33,11.64,0
TR-0392,2026-05-03,SKU-WHITE-001,SKU-ORANGE-001,1L,18L,0.9,2,5,1.0,night,6,24.09,40945.36,3.01,37154.28,12.19,10.95,0
TR-0393,2026-05-04,SKU-BLACK-001,SKU-GREEN-001,4L,4L,0.6,3,5,0.7,day,0,22.22,56650.79,2.8,34774.9,8.22,10.1,0
TR-0394,2026-05-05,SKU-WHITE-001,SKU-YELLOW-001,4L,18L,0.3,3,6,1.0,night,1,22.11,56392.37,2.57,34645.92,12.01,10.05,0
TR-0395,2026-05-06,SKU-ORANGE-001,SKU-SILVER-001,4L,4L,0.9,4,0,1.0,day,2,20.95,71240.26,2.49,33167.48,8.1,9.52,0
TR-0396,2026-05-07,SKU-BLACK-001,SKU-WHITE-001,1L,18L,0.3,4,0,0.7,night,3,33.33,113334.57,4.57,48924.71,13.03,15.15,1
TR-0397,2026-05-08,SKU-GOLD-001,SKU-WHITE-001,18L,18L,0.9,2,7,0.7,day,4,26.75,45479.73,3.16,40549.0,8.63,12.16,1
TR-0398,2026-05-09,SKU-YELLOW-001,SKU-PURPLE-001,4L,18L,0.6,4,3,1.0,night,5,26.75,90936.16,3.51,40540.28,12.43,12.16,0
TR-0399,2026-05-10,SKU-GOLD-001,SKU-YELLOW-001,18L,1L,0.3,5,0,0.3,day,6,26.08,110825.48,2.93,39688.38,12.37,11.85,1
TR-0400,2026-05-11,SKU-SILVER-001,SKU-GOLD-001,1L,1L,0.6,4,4,0.3,night,0,18.87,64163.03,2.13,30518.25,7.92,8.58,0
TR-0401,2026-05-12,SKU-PURPLE-001,SKU-GRAY-001,1L,4L,0.9,3,2,0.7,day,1,23.3,59424.65,2.88,36159.36,12.12,10.59,0
TR-0402,2026-05-13,SKU-PURPLE-001,SKU-PURPLE-001,4L,1L,0.3,5,1,0.3,day,2,15.37,65341.74,1.68,21067.58,11.4,6.99,0
TR-0403,2026-05-14,SKU-WHITE-001,SKU-BLUE-001,4L,18L,0.3,4,0,1.0,day,3,28.37,96455.66,3.78,42606.4,12.58,12.9,0
TR-0404,2026-05-15,SKU-YELLOW-001,SKU-IVORY-001,1L,4L,0.3,3,2,0.7,night,4,20.03,51079.05,2.25,31994.0,11.82,9.1,0
TR-0405,2026-04-01,SKU-WHITE-001,SKU-WHITE-001,4L,1L,0.6,3,4,0.3,night,2,16.26,41467.22,1.77,22196.65,11.48,7.39,0
TR-0406,2026-04-02,SKU-BLUE-001,SKU-WHITE-001,4L,18L,0.6,5,3,1.0,day,3,29.08,123596.75,3.86,43512.93,12.64,13.22,1
TR-0407,2026-04-03,SKU-BLUE-001,SKU-BLACK-001,1L,18L,0.3,4,1,1.0,night,4,21.05,71582.9,2.54,33295.74,11.91,9.57,0
TR-0408,2026-04-04,SKU-GREEN-001,SKU-BLACK-001,1L,18L,0.3,5,7,0.3,night,5,27.53,116981.92,3.38,41532.02,12.5,12.51,0
TR-0409,2026-04-05,SKU-GRAY-001,SKU-RED-001,4L,18L,0.6,4,4,0.7,day,6,21.17,71991.46,2.39,33448.67,11.92,9.62,0
TR-0410,2026-04-06,SKU-BLUE-001,SKU-GRAY-001,1L,1L,0.6,2,3,0.3,night,0,21.88,37196.98,2.66,34348.01,8.19,9.95,0
TR-0411,2026-04-07,SKU-ORANGE-001,SKU-IVORY-001,1L,1L,0.9,2,6,1.0,night,1,20.31,34533.24,2.5,32353.76,8.05,9.23,0
TR-0412,2026-04-08,SKU-PURPLE-001,SKU-SILVER-001,18L,4L,0.9,2,6,1.0,day,2,31.54,53616.98,4.01,46641.06,12.87,14.34,1
TR-0413,2026-04-09,SKU-GOLD-001,SKU-IVORY-001,18L,18L,0.6,5,0,1.0,day,3,22.73,96619.97,2.64,35434.32,8.27,10.33,1
TR-0414,2026-04-10,SKU-BLACK-001,SKU-GREEN-001,4L,18L,0.9,2,1,0.3,day,4,24.74,42058.74,3.08,37987.83,12.25,11.25,0
TR-0415,2026-04-11,SKU-ORANGE-001,SKU-BLACK-001,4L,18L,0.9,4,7,0.3,night,5,28.86,98136.17,3.7,43235.47,12.62,13.12,0
TR-0416,2026-04-12,SKU-PURPLE-001,SKU-IVORY-001,4L,18L,0.3,5,3,1.0,day,6,28.59,121516.43,3.77,42889.95,12.6,13.0,1
TR-0417,2026-04-13,SKU-ORANGE-001,SKU-GREEN-001,4L,1L,0.9,4,3,1.0,day,0,20.22,68762.11,2.38,32239.83,11.84,9.19,0
TR-0418,2026-04-14,SKU-RED-001,SKU-GREEN-001,18L,1L,0.3,2,0,1.0,night,1,18.8,31957.24,2.12,30425.2,11.71,8.54,0
TR-0419,2026-04-15,SKU-IVORY-001,SKU-IVORY-001,1L,1L,0.6,3,4,0.7,day,2,12.61,32152.42,1.38,17547.56,7.35,5.73,0
TR-0420,2026-04-16,SKU-RED-001,SKU-GRAY-001,4L,4L,0.9,3,3,0.7,day,3,17.8,45394.01,2.02,29156.55,7.82,8.09,0
TR-0421,2026-04-17,SKU-GOLD-001,SKU-IVORY-001,4L,1L,0.6,4,7,1.0,night,4,27.82,94572.5,3.19,41901.47,12.53,12.64,1
TR-0422,2026-04-18,SKU-IVORY-001,SKU-BLUE-001,18L,4L,0.3,5,3,0.7,day,5,29.17,123972.71,3.78,43625.52,12.65,13.26,0
TR-0423,2026-04-19,SKU-GRAY-001,SKU-RED-001,1L,4L,0.6,2,6,1.0,day,6,20.7,35192.35,2.34,32847.21,11.88,9.41,0
TR-0424,2026-04-20,SKU-IVORY-001,SKU-GRAY-001,1L,18L,0.6,3,3,0.3,day,0,24.64,62844.31,3.01,37866.14,12.24,11.2,0
TR-0425,2026-04-21,SKU-GOLD-001,SKU-BLACK-001,4L,1L,0.6,4,3,0.7,night,1,33.81,114938.23,4.38,49525.01,13.07,15.37,1
TR-0426,2026-04-22,SKU-ORANGE-001,SKU-ORANGE-001,4L,18L,0.9,5,6,0.3,day,2,16.52,70189.76,1.8,22519.39,11.5,7.51,0
TR-0427,2026-04-23,SKU-ORANGE-001,SKU-ORANGE-001,18L,1L,0.3,3,1,1.0,day,3,13.94,35534.58,1.52,19235.62,11.27,6.33,0
TR-0428,2026-04-24,SKU-GRAY-001,SKU-RED-001,1L,1L,0.3,4,1,1.0,day,4,17.08,58084.67,1.94,28242.93,7.75,7.77,0
TR-0429,2026-04-25,SKU-PURPLE-001,SKU-YELLOW-001,18L,4L,0.9,2,5,1.0,night,5,27.17,46193.52,3.55,41083.38,12.47,12.35,1
TR-0430,2026-04-26,SKU-YELLOW-001,SKU-BLUE-001,1L,1L,0.3,3,1,1.0,day,6,23.8,60688.98,3.13,36790.4,8.36,10.82,0
TR-0431,2026-04-27,SKU-WHITE-001,SKU-IVORY-001,4L,18L,0.3,5,0,0.3,day,0,16.57,70419.84,1.9,22588.29,11.51,7.53,0
TR-0432,2026-04-28,SKU-BLUE-001,SKU-BLACK-001,1L,1L,0.3,5,0,0.7,night,1,19.07,81064.96,2.33,30776.14,7.93,8.67,0
TR-0433,2026-04-29,SKU-SILVER-001,SKU-ORANGE-001,18L,18L,0.3,2,0,0.7,day,2,23.09,39253.07,2.72,35887.32,8.3,10.5,1
TR-0434,2026-04-30,SKU-GRAY-001,SKU-PURPLE-001,4L,18L,0.9,4,0,1.0,day,3,21.84,74261.97,2.72,34298.6,11.99,9.93,0
TR-0435,2026-05-01,SKU-IVORY-001,SKU-WHITE-001,18L,1L,0.3,3,0,0.3,night,4,17.19,43833.95,1.96,23377.91,11.56,7.81,0
TR-0436,2026-05-02,SKU-GOLD-001,SKU-WHITE-001,18L,18L,0.9,2,1,1.0,day,5,24.14,41038.81,2.88,37224.25,8.39,10.97,1
TR-0437,2026-05-03,SKU-GREEN-001,SKU-SILVER-001,1L,18L,0.9,3,2,1.0,day,6,27.12,69156.62,3.34,41016.67,12.47,12.33,0
TR-0438,2026-05-04,SKU-WHITE-001,SKU-YELLOW-001,18L,4L,0.9,4,4,0.3,day,0,22.78,77440.22,2.64,35488.32,12.07,10.35,0
TR-0439,2026-05-05,SKU-GRAY-001,SKU-ORANGE-001,18L,1L,0.6,5,5,1.0,day,1,19.36,82288.43,2.15,31142.52,11.76,8.8,0
TR-0440,2026-05-06,SKU-SILVER-001,SKU-YELLOW-001,1L,1L,0.9,4,3,1.0,night,2,20.65,70209.42,2.27,32781.6,8.08,9.39,1
TR-0441,2026-05-07,SKU-GREEN-001,SKU-WHITE-001,18L,18L,0.6,4,0,1.0,day,3,23.35,79401.76,3.1,36222.59,8.32,10.62,0
TR-0442,2026-05-08,SKU-GRAY-001,SKU-GRAY-001,1L,1L,0.9,4,2,0.7,night,4,11.24,38213.95,1.23,15804.69,7.22,5.11,0
TR-0443,2026-05-09,SKU-GOLD-001,SKU-GREEN-001,18L,1L,0.9,4,2,0.7,day,5,27.09,92100.2,3.27,40976.01,12.46,12.31,1
TR-0444,2026-05-10,SKU-YELLOW-001,SKU-IVORY-001,4L,4L,0.6,2,2,0.7,night,6,16.56,28154.2,1.87,27578.01,7.71,7.53,0
TR-0445,2026-05-11,SKU-GREEN-001,SKU-BLACK-001,4L,1L,0.3,3,2,1.0,day,0,23.82,60737.89,2.98,36814.81,12.17,10.83,0
TR-0446,2026-05-12,SKU-PURPLE-001,SKU-BLACK-001,1L,18L,0.3,5,2,1.0,night,1,20.32,86374.23,2.41,32366.08,11.85,9.24,0
TR-0447,2026-05-13,SKU-SILVER-001,SKU-SILVER-001,1L,1L,0.6,2,0,1.0,night,2,9.77,16615.92,1.07,13939.72,7.09,4.44,0
TR-0448,2026-05-14,SKU-ORANGE-001,SKU-GREEN-001,1L,18L,0.6,2,4,1.0,day,3,20.47,34803.03,2.41,32555.74,11.86,9.31,0
TR-0449,2026-05-15,SKU-SILVER-001,SKU-YELLOW-001,1L,1L,0.3,5,6,0.7,day,4,22.94,97505.98,2.53,35699.65,8.29,10.43,1
TR-0450,2026-04-01,SKU-GOLD-001,SKU-BLACK-001,18L,1L,0.3,4,4,0.3,night,2,35.34,120170.01,4.54,51483.43,13.21,16.07,1
TR-0451,2026-04-02,SKU-WHITE-001,SKU-SILVER-001,1L,1L,0.3,5,2,0.3,day,3,25.4,107950.32,2.95,38827.37,8.51,11.55,0
TR-0452,2026-04-03,SKU-GOLD-001,SKU-WHITE-001,18L,18L,0.9,3,2,1.0,night,4,24.22,61759.75,2.89,37324.83,8.4,11.01,1
TR-0453,2026-04-04,SKU-WHITE-001,SKU-PURPLE-001,18L,4L,0.9,2,4,1.0,night,5,30.04,51063.89,4.02,44729.65,12.73,13.65,0
TR-0454,2026-04-05,SKU-GREEN-001,SKU-YELLOW-001,4L,1L,0.3,2,7,1.0,day,6,25.32,43046.99,3.16,38727.69,12.3,11.51,0
TR-0455,2026-04-06,SKU-GOLD-001,SKU-GRAY-001,18L,1L,0.6,5,3,0.3,night,0,27.21,115643.76,3.14,41131.29,12.47,12.37,1
TR-0456,2026-04-07,SKU-GRAY-001,SKU-GRAY-001,1L,4L,0.6,2,0,0.3,night,1,14.74,25056.25,1.61,20258.69,11.34,6.7,0
TR-0457,2026-04-08,SKU-ORANGE-001,SKU-PURPLE-001,4L,4L,0.3,4,4,1.0,night,2,21.41,72777.89,2.7,33743.06,8.15,9.73,0
TR-0458,2026-04-09,SKU-GRAY-001,SKU-BLACK-001,4L,18L,0.3,4,7,0.7,night,3,29.18,99209.48,3.71,43637.24,12.65,13.26,0
TR-0459,2026-04-10,SKU-SILVER-001,SKU-GRAY-001,1L,1L,0.6,3,3,0.7,day,4,24.55,62606.99,2.91,37747.7,8.43,11.16,1
TR-0460,2026-04-11,SKU-GOLD-001,SKU-ORANGE-001,4L,1L,0.3,3,7,1.0,day,5,26.23,66879.68,2.99,39880.23,12.38,11.92,1
TR-0461,2026-04-12,SKU-ORANGE-001,SKU-GOLD-001,18L,1L,0.9,3,4,0.3,day,6,27.1,69102.0,3.09,40989.41,12.46,12.32,0
TR-0462,2026-04-13,SKU-PURPLE-001,SKU-PURPLE-001,18L,4L,0.3,4,4,0.7,day,0,15.25,51837.53,1.66,20904.42,11.39,6.93,0
TR-0463,2026-04-14,SKU-YELLOW-001,SKU-BLACK-001,18L,1L,0.6,5,1,1.0,night,1,29.66,126067.17,4.01,44252.74,12.7,13.48,0
TR-0464,2026-04-15,SKU-RED-001,SKU-SILVER-001,18L,4L,0.3,4,0,0.3,day,2,29.23,99367.98,3.5,43696.57,12.66,13.28,0
TR-0465,2026-04-16,SKU-YELLOW-001,SKU-IVORY-001,4L,1L,0.3,5,6,0.3,day,3,22.53,95738.8,2.52,35170.44,12.05,10.24,0
TR-0466,2026-04-17,SKU-PURPLE-001,SKU-WHITE-001,1L,4L,0.9,3,4,0.7,day,4,30.82,78591.09,4.11,45725.5,12.8,14.01,1
TR-0467,2026-04-18,SKU-GOLD-001,SKU-ORANGE-001,1L,4L,0.6,5,1,0.3,night,5,25.93,110215.85,2.96,39505.82,12.36,11.79,1
TR-0468,2026-04-19,SKU-PURPLE-001,SKU-ORANGE-001,18L,4L,0.3,4,3,0.7,night,6,24.85,84500.56,3.08,38131.23,12.26,11.3,0
TR-0469,2026-04-20,SKU-SILVER-001,SKU-GREEN-001,1L,18L,0.3,5,0,1.0,night,0,27.64,117483.5,3.39,41682.22,12.51,12.57,1
TR-0470,2026-04-21,SKU-RED-001,SKU-WHITE-001,18L,18L,0.3,4,3,0.3,night,1,26.28,89341.32,3.36,39943.28,8.59,11.94,0
TR-0471,2026-04-22,SKU-GRAY-001,SKU-GRAY-001,4L,1L,0.9,3,6,0.3,night,2,16.36,41730.33,1.79,22327.97,11.49,7.44,0
TR-0472,2026-04-23,SKU-YELLOW-001,SKU-ORANGE-001,1L,18L,0.6,4,3,1.0,night,3,21.56,73288.73,2.57,33934.28,11.96,9.8,0
TR-0473,2026-04-24,SKU-BLUE-001,SKU-GREEN-001,4L,4L,0.9,2,5,0.7,night,4,18.55,31532.98,2.16,30107.58,7.89,8.43,0
TR-0474,2026-04-25,SKU-ORANGE-001,SKU-PURPLE-001,1L,18L,0.3,4,4,0.3,night,5,26.22,89133.15,3.23,39865.35,12.38,11.92,0
TR-0475,2026-04-26,SKU-ORANGE-001,SKU-WHITE-001,1L,4L,0.3,3,4,1.0,day,6,24.81,63274.14,3.08,38080.68,12.26,11.28,0
TR-0476,2026-04-27,SKU-GOLD-001,SKU-WHITE-001,4L,1L,0.9,3,0,0.3,night,0,28.67,73104.53,3.37,42987.11,12.61,13.03,1
TR-0477,2026-04-28,SKU-BLUE-001,SKU-BLACK-001,18L,1L,0.9,5,4,1.0,day,1,21.31,90585.55,2.57,33627.22,11.94,9.69,0
TR-0478,2026-04-29,SKU-WHITE-001,SKU-WHITE-001,1L,1L,0.6,3,7,1.0,night,2,12.89,32881.47,1.41,17911.43,7.37,5.86,0
TR-0479,2026-04-30,SKU-ORANGE-001,SKU-SILVER-001,4L,4L,0.6,3,2,0.7,day,3,22.98,58592.89,2.71,35744.22,8.29,10.44,0
TR-0480,2026-05-01,SKU-GRAY-001,SKU-IVORY-001,1L,18L,0.6,4,2,1.0,day,4,22.19,75437.32,2.74,34738.57,12.02,10.09,0
TR-0481,2026-05-02,SKU-IVORY-001,SKU-WHITE-001,18L,1L,0.3,3,1,0.7,day,5,15.75,40157.74,1.81,21543.08,11.43,7.16,0
TR-0482,2026-05-03,SKU-GRAY-001,SKU-BLUE-001,4L,4L,0.3,2,0,0.3,day,6,21.25,36120.46,2.6,33542.06,8.13,9.66,0
TR-0483,2026-05-04,SKU-ORANGE-001,SKU-BLUE-001,4L,1L,0.3,4,4,0.3,night,0,25.17,85594.96,3.06,38540.89,12.29,11.44,0
TR-0484,2026-05-05,SKU-YELLOW-001,SKU-GRAY-001,1L,18L,0.9,3,7,0.7,day,1,23.62,60237.9,2.83,36565.26,12.15,10.74,0
TR-0485,2026-05-06,SKU-BLACK-001,SKU-BLACK-001,4L,18L,0.6,3,7,0.7,night,2,16.01,40832.51,1.75,21879.86,11.46,7.28,0
TR-0486,2026-05-07,SKU-BLACK-001,SKU-PURPLE-001,1L,4L,0.3,5,2,1.0,night,3,20.61,87599.86,2.44,32733.11,11.87,9.37,0
TR-0487,2026-05-08,SKU-PURPLE-001,SKU-RED-001,4L,4L,0.6,4,6,0.7,night,4,19.98,67925.08,2.43,31926.5,8.02,9.08,0
TR-0488,2026-05-09,SKU-YELLOW-001,SKU-BLUE-001,1L,1L,0.9,2,1,1.0,night,5,22.77,38705.53,3.02,35477.4,8.27,10.35,0
TR-0489,2026-05-10,SKU-GRAY-001,SKU-BLACK-001,18L,4L,0.6,4,6,0.7,day,6,28.36,96439.12,3.62,42600.21,12.58,12.89,0
TR-0490,2026-05-11,SKU-RED-001,SKU-BLACK-001,18L,1L,0.9,4,6,0.3,night,0,26.88,91387.74,3.38,40709.32,12.44,12.22,0
TR-0491,2026-05-12,SKU-PURPLE-001,SKU-RED-001,1L,18L,0.3,5,1,0.3,night,1,22.8,96896.77,2.74,35517.21,12.07,10.36,0
TR-0492,2026-05-13,SKU-GOLD-001,SKU-YELLOW-001,18L,18L,0.6,3,3,0.3,night,2,24.16,61608.83,2.72,37249.51,8.4,10.98,1
TR-0493,2026-05-14,SKU-SILVER-001,SKU-YELLOW-001,4L,1L,0.6,3,3,0.7,day,3,24.26,61871.97,2.67,37380.84,12.21,11.03,1
TR-0494,2026-05-15,SKU-RED-001,SKU-GRAY-001,4L,1L,0.6,2,1,1.0,night,4,19.33,32867.64,2.19,31106.79,11.76,8.79,0
TR-0495,2026-04-01,SKU-SILVER-001,SKU-ORANGE-001,4L,18L,0.9,3,6,0.7,day,2,26.75,68200.23,3.12,40539.33,12.43,12.16,1
TR-0496,2026-04-02,SKU-GOLD-001,SKU-ORANGE-001,18L,4L,0.9,4,3,1.0,night,3,24.1,81947.09,2.76,37175.38,12.19,10.96,1
TR-0497,2026-04-03,SKU-SILVER-001,SKU-GOLD-001,1L,1L,0.9,4,6,1.0,day,4,16.95,57617.68,1.92,28068.11,7.74,7.7,0
TR-0498,2026-04-04,SKU-BLUE-001,SKU-GRAY-001,4L,4L,0.6,3,0,0.7,day,5,19.94,50838.43,2.45,31873.91,8.01,9.06,0
TR-0499,2026-04-05,SKU-ORANGE-001,SKU-BLACK-001,4L,1L,0.6,5,5,0.7,night,6,27.53,117016.07,3.56,41542.25,12.5,12.52,0
TR-0500,2026-04-06,SKU-BLUE-001,SKU-GRAY-001,1L,18L,0.9,3,0,1.0,night,0,21.16,53946.85,2.59,33425.34,11.92,9.62,0
TR-0501,2026-04-07,SKU-GREEN-001,SKU-PURPLE-001,4L,18L,0.9,4,1,0.7,night,1,21.03,71500.14,2.48,33264.76,11.91,9.56,0
TR-0502,2026-04-08,SKU-GOLD-001,SKU-BLUE-001,18L,4L,0.6,3,7,0.3,night,2,32.38,82578.86,3.98,47715.83,12.94,14.72,1
TR-0503,2026-04-09,SKU-IVORY-001,SKU-GREEN-001,18L,18L,0.3,4,2,0.3,day,3,24.83,84420.35,3.18,38101.2,8.46,11.29,0
TR-0504,2026-04-10,SKU-RED-001,SKU-BLACK-001,18L,18L,0.3,3,7,0.3,night,4,24.97,63668.63,3.17,38277.57,8.47,11.35,0
TR-0505,2026-04-11,SKU-GRAY-001,SKU-SILVER-001,18L,4L,0.9,3,1,1.0,day,5,24.99,63724.14,2.96,38305.27,12.27,11.36,0
TR-0506,2026-04-12,SKU-IVORY-001,SKU-BLACK-001,4L,1L,0.9,3,4,1.0,night,6,31.43,80157.82,4.27,46507.47,12.86,14.29,0
TR-0507,2026-04-13,SKU-BLACK-001,SKU-GREEN-001,1L,1L,0.3,2,0,0.3,night,0,22.4,38085.86,2.82,35013.48,8.24,10.18,0
TR-0508,2026-04-14,SKU-PURPLE-001,SKU-GOLD-001,18L,4L,0.3,2,5,0.3,day,1,33.03,56157.4,4.1,48542.97,13.0,15.02,0
TR-0509,2026-04-15,SKU-GOLD-001,SKU-WHITE-001,4L,4L,0.6,2,7,0.3,night,2,28.2,47944.76,3.32,42394.47,8.76,12.82,1
TR-0510,2026-04-16,SKU-SILVER-001,SKU-IVORY-001,1L,4L,0.3,5,1,0.3,night,3,26.52,112721.17,2.98,40256.07,12.41,12.06,1
TR-0511,2026-04-17,SKU-YELLOW-001,SKU-YELLOW-001,18L,1L,0.6,3,7,0.3,day,4,16.75,42724.53,1.83,22824.18,11.52,7.62,0
TR-0512,2026-04-18,SKU-GRAY-001,SKU-SILVER-001,18L,4L,0.6,5,6,1.0,day,5,27.21,115646.05,3.2,41131.97,12.47,12.37,0
TR-0513,2026-04-19,SKU-GOLD-001,SKU-GREEN-001,18L,18L,0.6,5,6,0.7,night,6,26.26,111598.15,3.18,39919.77,8.59,11.94,1
TR-0514,2026-04-20,SKU-BLACK-001,SKU-RED-001,4L,4L,0.3,5,7,0.7,day,0,23.98,101929.65,3.06,37024.39,8.38,10.9,0
TR-0515,2026-04-21,SKU-BLUE-001,SKU-ORANGE-001,18L,1L,0.3,2,2,1.0,day,1,23.13,39312.86,2.83,35932.09,12.1,10.51,0
TR-0516,2026-04-22,SKU-IVORY-001,SKU-BLUE-001,18L,18L,0.3,4,4,0.3,day,2,27.73,94291.48,3.63,41796.27,8.72,12.61,0
TR-0517,2026-04-23,SKU-GREEN-001,SKU-BLUE-001,18L,1L,0.9,5,2,0.7,day,3,20.54,87310.56,2.37,32646.48,11.87,9.34,0
TR-0518,2026-04-24,SKU-BLACK-001,SKU-IVORY-001,18L,18L,0.9,2,6,1.0,night,4,29.35,49893.54,4.05,43853.45,8.87,13.34,1
TR-0519,2026-04-25,SKU-SILVER-001,SKU-BLACK-001,18L,18L,0.3,3,7,0.7,day,5,33.28,84861.68,4.39,48855.21,9.23,15.13,1
TR-0520,2026-04-26,SKU-SILVER-001,SKU-WHITE-001,4L,1L,0.6,2,0,1.0,night,6,25.67,43640.57,2.98,39172.09,12.33,11.67,1
TR-0521,2026-04-27,SKU-ORANGE-001,SKU-GOLD-001,1L,1L,0.3,3,0,0.3,night,0,23.43,59755.98,2.69,36324.73,8.33,10.65,0
TR-0522,2026-04-28,SKU-PURPLE-001,SKU-YELLOW-001,4L,1L,0.6,2,3,1.0,day,1,26.76,45499.74,3.51,40563.98,12.43,12.17,1
TR-0523,2026-04-29,SKU-PURPLE-001,SKU-IVORY-001,1L,4L,0.3,4,7,0.7,night,2,30.91,105085.93,4.03,45836.98,12.81,14.05,1
TR-0524,2026-04-30,SKU-WHITE-001,SKU-GREEN-001,1L,1L,0.9,3,4,0.3,night,3,25.73,65609.06,3.36,39246.06,8.54,11.7,0
TR-0525,2026-05-01,SKU-GOLD-001,SKU-WHITE-001,1L,4L,0.6,5,7,1.0,night,4,29.23,124232.56,3.43,43703.33,12.66,13.29,1
TR-0526,2026-05-02,SKU-BLUE-001,SKU-SILVER-001,18L,18L,0.9,4,1,0.7,day,5,27.09,92111.71,3.47,40980.32,8.66,12.31,1
TR-0527,2026-05-03,SKU-GREEN-001,SKU-WHITE-001,18L,18L,0.3,5,7,0.3,night,6,27.45,116646.86,3.55,41431.68,8.7,12.48,0
TR-0528,2026-05-04,SKU-GRAY-001,SKU-GOLD-001,1L,18L,0.3,4,2,0.7,night,0,26.23,89195.38,3.03,39888.65,12.38,11.92,0
TR-0529,2026-05-05,SKU-BLUE-001,SKU-IVORY-001,1L,1L,0.9,3,2,0.7,night,1,24.7,62992.24,3.29,37939.98,8.45,11.23,1
TR-0530,2026-05-06,SKU-BLUE-001,SKU-IVORY-001,18L,18L,0.9,3,1,0.7,night,2,24.67,62917.08,3.29,37902.47,8.44,11.22,1
TR-0531,2026-05-07,SKU-RED-001,SKU-ORANGE-001,1L,1L,0.3,5,7,0.3,day,3,20.88,88751.34,2.39,33077.94,8.1,9.49,0
TR-0532,2026-05-08,SKU-SILVER-001,SKU-WHITE-001,4L,4L,0.6,3,2,0.7,night,4,24.06,61348.88,2.8,37119.76,8.39,10.94,1
TR-0533,2026-05-09,SKU-GREEN-001,SKU-WHITE-001,1L,4L,0.3,2,5,0.3,night,5,29.97,50942.58,3.82,44638.83,12.72,13.62,0
TR-0534,2026-05-10,SKU-GREEN-001,SKU-BLUE-001,1L,18L,0.3,4,6,0.3,night,6,23.46,79775.1,2.69,36362.34,12.13,10.67,0
TR-0535,2026-05-11,SKU-IVORY-001,SKU-BLUE-001,1L,1L,0.3,4,1,0.3,day,0,26.72,90858.84,3.52,40511.33,8.63,12.15,0
TR-0536,2026-05-12,SKU-ORANGE-001,SKU-GREEN-001,18L,1L,0.9,2,1,1.0,night,1,19.64,33395.01,2.32,31501.61,11.79,8.93,0
TR-0537,2026-05-13,SKU-SILVER-001,SKU-BLACK-001,4L,4L,0.6,2,0,0.3,day,2,32.21,54755.84,4.27,47493.67,9.13,14.64,1
TR-0538,2026-05-14,SKU-BLUE-001,SKU-PURPLE-001,4L,1L,0.6,3,4,1.0,night,3,19.3,49221.38,2.16,31066.82,11.75,8.77,0
TR-0539,2026-05-15,SKU-WHITE-001,SKU-WHITE-001,4L,1L,0.3,4,6,0.3,day,4,16.89,57421.6,1.84,22994.72,11.54,7.68,0
TR-0540,2026-04-01,SKU-BLACK-001,SKU-PURPLE-001,1L,1L,0.9,3,7,0.3,night,2,21.1,53813.02,2.49,33358.55,8.12,9.59,0
TR-0541,2026-04-02,SKU-GOLD-001,SKU-GRAY-001,4L,18L,0.6,4,1,1.0,day,3,24.66,83840.44,2.86,37884.12,12.24,11.21,1
TR-0542,2026-04-03,SKU-ORANGE-001,SKU-GOLD-001,4L,4L,0.6,5,4,0.7,day,4,23.34,99176.82,2.68,36200.01,8.32,10.61,0
TR-0543,2026-04-04,SKU-SILVER-001,SKU-GOLD-001,4L,1L,0.9,5,0,0.3,night,5,19.46,82693.11,2.19,31263.71,11.77,8.84,0
TR-0544,2026-04-05,SKU-BLACK-001,SKU-ORANGE-001,1L,18L,0.9,4,2,0.7,night,6,26.48,90036.19,3.44,40203.39,12.41,12.04,0
TR-0545,2026-04-06,SKU-GREEN-001,SKU-WHITE-001,4L,1L,0.6,3,0,0.3,night,0,27.53,70211.62,3.56,41543.23,12.5,12.52,0
TR-0546,2026-04-07,SKU-GRAY-001,SKU-GRAY-001,18L,18L,0.9,2,0,0.3,night,1,11.48,19508.37,1.25,16105.2,7.24,5.22,0
TR-0547,2026-04-08,SKU-BLACK-001,SKU-WHITE-001,4L,4L,0.9,5,7,1.0,night,2,31.03,131882.21,4.32,45994.14,9.02,14.11,1
TR-0548,2026-04-09,SKU-BLUE-001,SKU-GRAY-001,1L,18L,0.6,2,7,0.7,night,3,24.83,42202.99,2.99,38095.82,12.26,11.28,0
TR-0549,2026-04-10,SKU-ORANGE-001,SKU-YELLOW-001,18L,18L,0.3,5,3,0.7,day,4,19.42,82533.9,2.34,31216.03,7.97,8.83,0
TR-0550,2026-04-11,SKU-IVORY-001,SKU-RED-001,4L,18L,0.9,3,3,0.7,day,5,25.42,64824.74,3.17,38854.59,12.31,11.56,0
TR-0551,2026-04-12,SKU-PURPLE-001,SKU-BLACK-001,1L,4L,0.6,5,2,0.7,day,6,21.17,89959.31,2.5,33439.68,11.92,9.62,0
TR-0552,2026-04-13,SKU-BLACK-001,SKU-YELLOW-001,18L,18L,0.9,4,3,0.7,day,0,27.84,94650.31,3.81,41930.6,8.73,12.65,1
TR-0553,2026-04-14,SKU-IVORY-001,SKU-WHITE-001,4L,1L,0.9,3,3,1.0,night,1,15.43,39335.73,1.77,21132.81,11.4,7.01,0
TR-0554,2026-04-15,SKU-ORANGE-001,SKU-IVORY-001,1L,18L,0.3,2,7,1.0,day,2,24.53,41707.79,2.97,37725.08,12.23,11.15,0
TR-0555,2026-04-16,SKU-WHITE-001,SKU-YELLOW-001,4L,1L,0.9,3,4,0.3,day,3,22.31,56893.86,2.59,34896.22,12.03,10.14,0
TR-0556,2026-04-17,SKU-GOLD-001,SKU-SILVER-001,18L,1L,0.3,5,5,0.7,night,4,20.53,87270.51,2.31,32634.49,11.87,9.33,0
TR-0557,2026-04-18,SKU-GREEN-001,SKU-IVORY-001,1L,4L,0.3,2,5,1.0,night,5,26.4,44877.66,3.35,40098.25,12.4,12.0,0
TR-0558,2026-04-19,SKU-BLUE-001,SKU-GRAY-001,4L,4L,0.9,4,1,0.7,day,6,20.06,68196.42,2.47,32028.07,8.02,9.12,0
TR-0559,2026-04-20,SKU-GOLD-001,SKU-YELLOW-001,4L,4L,0.3,3,1,1.0,day,0,21.73,55406.38,2.46,34153.81,8.18,9.88,1
TR-0560,2026-04-21,SKU-GREEN-001,SKU-RED-001,18L,1L,0.6,3,7,0.3,night,1,22.51,57401.43,2.52,35149.55,12.05,10.23,0
TR-0561,2026-04-22,SKU-GOLD-001,SKU-WHITE-001,4L,1L,0.9,2,5,1.0,day,2,28.41,48298.06,3.34,42658.97,12.58,12.91,1
TR-0562,2026-04-23,SKU-BLUE-001,SKU-GOLD-001,4L,4L,0.6,2,4,0.3,day,3,28.69,48773.65,3.57,43015.03,8.81,13.04,0
TR-0563,2026-04-24,SKU-WHITE-001,SKU-WHITE-001,4L,18L,0.9,3,2,0.3,day,4,14.84,37833.08,1.62,20382.82,11.35,6.74,0
TR-0564,2026-04-25,SKU-SILVER-001,SKU-BLACK-001,4L,18L,0.6,5,0,0.7,night,5,33.96,144329.68,4.46,49721.72,13.09,15.44,1
TR-0565,2026-04-26,SKU-BLUE-001,SKU-GRAY-001,18L,4L,0.9,2,7,0.7,night,6,24.22,41181.68,2.92,37331.2,12.2,11.01,0
TR-0566,2026-04-27,SKU-YELLOW-001,SKU-PURPLE-001,18L,4L,0.9,2,5,0.7,night,0,27.94,47493.92,3.64,42056.94,12.54,12.7,0
TR-0567,2026-04-28,SKU-YELLOW-001,SKU-YELLOW-001,18L,18L,0.6,3,7,0.7,day,1,13.36,34070.48,1.46,18504.88,7.41,6.07,0
TR-0568,2026-04-29,SKU-GOLD-001,SKU-SILVER-001,18L,1L,0.3,5,6,0.7,day,2,21.29,90462.04,2.39,33590.24,11.94,9.68,0
TR-0569,2026-04-30,SKU-BLACK-001,SKU-GOLD-001,4L,4L,0.3,3,1,0.3,day,3,31.28,79755.63,4.1,46306.73,9.04,14.22,0
TR-0570,2026-05-01,SKU-BLACK-001,SKU-BLUE-001,1L,4L,0.3,5,3,1.0,night,4,21.18,90034.13,2.56,33462.09,11.93,9.63,0
TR-0571,2026-05-02,SKU-GREEN-001,SKU-PURPLE-001,18L,18L,0.3,5,2,0.3,night,5,20.03,85114.8,2.37,31988.92,8.02,9.1,0
TR-0572,2026-05-03,SKU-RED-001,SKU-GOLD-001,1L,18L,0.6,5,5,0.7,night,6,27.99,118969.85,3.3,42127.34,12.54,12.72,0
TR-0573,2026-05-04,SKU-IVORY-001,SKU-SILVER-001,4L,18L,0.9,4,5,0.3,night,0,27.54,93622.47,3.09,41545.84,12.5,12.52,0
TR-0574,2026-05-05,SKU-RED-001,SKU-ORANGE-001,4L,1L,0.3,5,0,0.7,night,1,20.19,85802.72,2.31,32194.93,11.84,9.18,0
TR-0575,2026-05-06,SKU-BLUE-001,SKU-YELLOW-001,1L,18L,0.3,4,6,1.0,night,2,27.63,93941.15,3.55,41665.14,12.51,12.56,1
TR-0576,2026-05-07,SKU-GOLD-001,SKU-YELLOW-001,4L,18L,0.6,3,4,1.0,night,3,25.24,64367.34,2.84,38626.3,12.29,11.47,1
TR-0577,2026-05-08,SKU-BLUE-001,SKU-BLACK-001,4L,1L,0.9,5,1,0.3,night,4,21.96,93314.26,2.64,34444.38,12.0,9.98,0
TR-0578,2026-05-09,SKU-GRAY-001,SKU-GREEN-001,1L,18L,0.9,4,1,0.7,night,5,19.79,67299.06,2.3,31692.16,11.8,9.0,0
TR-0579,2026-05-10,SKU-RED-001,SKU-BLACK-001,18L,4L,0.6,4,0,0.7,day,6,24.35,82790.93,3.1,37491.26,12.21,11.07,0
TR-0580,2026-05-11,SKU-BLACK-001,SKU-ORANGE-001,4L,4L,0.6,5,3,0.3,night,0,25.5,108363.89,3.34,38951.22,8.52,11.59,0
TR-0581,2026-05-12,SKU-BLUE-001,SKU-GOLD-001,1L,18L,0.9,4,0,0.3,day,1,29.41,99982.92,3.65,43926.76,12.67,13.37,0
TR-0582,2026-05-13,SKU-BLUE-001,SKU-GOLD-001,1L,18L,0.9,5,3,1.0,night,2,29.04,123422.47,3.61,43460.74,12.64,13.2,0
TR-0583,2026-05-14,SKU-GRAY-001,SKU-YELLOW-001,1L,4L,0.3,3,7,1.0,day,3,22.91,58424.31,2.75,35660.08,12.08,10.41,0
TR-0584,2026-05-15,SKU-BLUE-001,SKU-ORANGE-001,4L,4L,0.6,2,6,0.3,day,4,23.28,39579.27,2.85,36131.54,8.32,10.58,0
TR-0585,2026-04-01,SKU-BLACK-001,SKU-BLUE-001,4L,4L,0.9,2,3,0.3,day,2,20.03,34042.53,2.43,31986.39,8.02,9.1,0
TR-0586,2026-04-02,SKU-BLUE-001,SKU-GRAY-001,4L,18L,0.9,2,3,0.7,night,3,23.5,39952.52,2.84,36410.98,12.14,10.68,0
TR-0587,2026-04-03,SKU-ORANGE-001,SKU-IVORY-001,1L,1L,0.3,5,2,0.7,day,4,20.35,86474.22,2.51,32396.02,8.05,9.25,0
TR-0588,2026-04-04,SKU-RED-001,SKU-RED-001,18L,1L,0.6,4,6,0.7,day,5,15.68,53328.83,1.71,21462.66,11.43,7.13,0
TR-0589,2026-04-05,SKU-BLUE-001,SKU-PURPLE-001,18L,18L,0.3,5,7,0.3,day,6,19.91,84636.85,2.23,31845.79,8.01,9.05,0
TR-0590,2026-04-06,SKU-YELLOW-001,SKU-SILVER-001,1L,18L,0.9,5,0,0.7,night,0,23.36,99281.45,2.57,36231.34,12.12,10.62,0
TR-0591,2026-04-07,SKU-WHITE-001,SKU-YELLOW-001,1L,4L,0.9,5,3,0.3,day,1,22.53,95753.48,2.61,35174.84,12.05,10.24,0
TR-0592,2026-04-08,SKU-WHITE-001,SKU-YELLOW-001,18L,1L,0.9,4,5,1.0,night,2,20.89,71030.67,2.43,33089.02,11.9,9.5,0
TR-0593,2026-04-09,SKU-SILVER-001,SKU-WHITE-001,4L,18L,0.9,3,3,0.3,day,3,28.35,72302.15,3.27,42586.64,12.58,12.89,1
TR-0594,2026-04-10,SKU-PURPLE-001,SKU-WHITE-001,18L,18L,0.3,4,6,1.0,day,4,28.05,95375.79,3.8,42202.17,8.75,12.75,1
TR-0595,2026-04-11,SKU-PURPLE-001,SKU-RED-001,18L,4L,0.6,5,4,0.3,night,5,23.23,98707.76,2.79,36059.54,12.11,10.56,0
TR-0596,2026-04-12,SKU-BLUE-001,SKU-RED-001,1L,18L,0.9,2,5,0.7,night,6,21.81,37082.35,2.58,34262.19,11.98,9.92,0
TR-0597,2026-04-13,SKU-RED-001,SKU-PURPLE-001,18L,4L,0.6,2,2,0.3,night,0,22.54,38311.89,2.71,35182.7,12.05,10.24,0
TR-0598,2026-04-14,SKU-IVORY-001,SKU-RED-001,4L,4L,0.6,3,2,1.0,day,1,21.56,54967.62,2.75,33934.82,8.16,9.8,0
TR-0599,2026-04-15,SKU-YELLOW-001,SKU-GRAY-001,4L,18L,0.9,2,5,0.7,day,2,22.15,37647.27,2.67,34685.13,12.01,10.07,0
TR-0600,2026-04-16,SKU-SILVER-001,SKU-GOLD-001,18L,4L,0.6,2,0,0.7,day,3,19.22,32667.51,2.16,30956.96,11.75,8.73,0
TR-0601,2026-04-17,SKU-GOLD-001,SKU-YELLOW-001,1L,18L,0.9,2,6,0.7,day,4,26.26,44633.8,2.95,39915.68,12.39,11.93,1
TR-0602,2026-04-18,SKU-GREEN-001,SKU-GRAY-001,18L,1L,0.6,5,4,1.0,day,5,20.41,86742.19,2.37,32476.27,11.86,9.28,0
TR-0603,2026-04-19,SKU-RED-001,SKU-RED-001,1L,1L,0.6,4,6,1.0,day,6,12.01,40839.43,1.31,16787.49,7.29,5.46,0
TR-0604,2026-04-20,SKU-GRAY-001,SKU-BLACK-001,18L,4L,0.3,3,2,0.3,night,0,28.08,71606.34,3.59,42239.35,12.55,12.76,0
TR-0605,2026-04-21,SKU-PURPLE-001,SKU-SILVER-001,4L,4L,0.9,2,2,0.3,day,1,29.71,50504.59,3.81,44310.92,8.9,13.5,1
TR-0606,2026-04-22,SKU-ORANGE-001,SKU-RED-001,4L,4L,0.6,2,2,1.0,day,2,16.87,28680.67,1.95,27972.16,7.73,7.67,0
TR-0607,2026-04-23,SKU-WHITE-001,SKU-ORANGE-001,18L,18L,0.3,4,1,0.7,day,3,21.85,74303.08,2.76,34313.99,8.19,9.93,0
TR-0608,2026-04-24,SKU-BLACK-001,SKU-RED-001,18L,1L,0.3,2,2,1.0,night,4,24.19,41121.03,3.08,37285.8,12.2,10.99,0
TR-0609,2026-04-25,SKU-SILVER-001,SKU-IVORY-001,18L,1L,0.3,2,4,1.0,day,5,25.35,43088.75,2.85,38758.96,12.3,11.52,1
TR-0610,2026-04-26,SKU-RED-001,SKU-GREEN-001,4L,1L,0.9,4,4,0.7,day,6,19.9,67651.51,2.24,31824.1,11.81,9.04,0
TR-0611,2026-04-27,SKU-GOLD-001,SKU-GREEN-001,1L,18L,0.6,3,7,0.7,night,0,28.83,73504.63,3.46,43186.8,12.62,13.1,1
TR-0612,2026-04-28,SKU-WHITE-001,SKU-GOLD-001,4L,18L,0.9,3,5,0.7,day,1,29.21,74479.54,3.43,43673.39,12.66,13.28,0
TR-0613,2026-04-29,SKU-RED-001,SKU-BLUE-001,1L,1L,0.3,3,3,0.3,night,2,20.44,52111.61,2.43,32509.36,8.06,9.29,0
TR-0614,2026-04-30,SKU-IVORY-001,SKU-YELLOW-001,4L,18L,0.6,4,5,1.0,night,3,19.3,65619.21,2.17,31063.34,11.75,8.77,0
TR-0615,2026-05-01,SKU-WHITE-001,SKU-SILVER-001,1L,1L,0.9,5,6,0.3,night,4,25.9,110074.38,3.0,39463.45,8.55,11.77,0
TR-0616,2026-05-02,SKU-ORANGE-001,SKU-ORANGE-001,18L,4L,0.6,3,5,1.0,night,5,14.66,37386.39,1.6,20159.87,11.33,6.66,0
TR-0617,2026-05-03,SKU-PURPLE-001,SKU-GRAY-001,4L,18L,0.6,4,4,0.7,day,6,24.76,84199.36,3.03,38018.48,12.25,11.26,0
TR-0618,2026-05-04,SKU-RED-001,SKU-SILVER-001,4L,1L,0.9,3,0,0.3,night,0,27.6,70373.03,3.32,41623.79,12.51,12.54,0
TR-0619,2026-05-05,SKU-IVORY-001,SKU-GOLD-001,4L,4L,0.3,3,4,0.3,day,1,26.13,66621.34,3.01,39751.29,8.58,11.88,0
TR-0620,2026-05-06,SKU-IVORY-001,SKU-ORANGE-001,18L,18L,0.3,2,2,0.3,day,2,22.11,37591.45,2.7,34643.33,8.21,10.05,0
TR-0621,2026-05-07,SKU-BLACK-001,SKU-WHITE-001,18L,4L,0.6,5,5,1.0,day,3,33.36,141777.57,4.57,48957.45,13.03,15.16,1
TR-0622,2026-05-08,SKU-BLUE-001,SKU-BLUE-001,1L,1L,0.3,2,2,1.0,night,4,10.84,18429.26,1.18,15297.31,7.19,4.93,0
TR-0623,2026-05-09,SKU-WHITE-001,SKU-GOLD-001,1L,18L,0.6,4,5,0.3,day,5,30.14,102466.81,3.53,44856.56,12.74,13.7,0
TR-0624,2026-05-10,SKU-YELLOW-001,SKU-RED-001,18L,18L,0.9,4,4,0.3,night,6,23.0,78183.82,2.84,35766.67,8.29,10.45,0
TR-0625,2026-05-11,SKU-YELLOW-001,SKU-WHITE-001,1L,1L,0.6,5,2,0.3,day,0,19.43,82590.45,2.28,31232.97,7.97,8.83,0
TR-0626,2026-05-12,SKU-ORANGE-001,SKU-IVORY-001,4L,4L,0.9,4,3,1.0,day,1,19.36,65819.67,2.4,31138.38,7.96,8.8,0
TR-0627,2026-05-13,SKU-RED-001,SKU-GOLD-001,1L,1L,0.9,4,3,1.0,day,2,22.86,77737.9,2.74,35599.75,8.28,10.39,0
TR-0628,2026-05-14,SKU-YELLOW-001,SKU-WHITE-001,18L,1L,0.6,4,3,0.3,day,3,22.22,75544.21,2.58,34778.58,12.02,10.1,0
TR-0629,2026-05-15,SKU-BLUE-001,SKU-GREEN-001,18L,1L,0.3,4,2,0.3,day,4,22.67,77075.69,2.61,35351.86,12.06,10.3,0
TR-0630,2026-04-01,SKU-PURPLE-001,SKU-PURPLE-001,4L,1L,0.6,3,3,0.3,day,2,15.52,39568.98,1.69,21249.23,11.41,7.05,0
TR-0631,2026-04-02,SKU-IVORY-001,SKU-ORANGE-001,1L,1L,0.3,4,1,0.7,night,3,20.82,70774.69,2.56,32993.2,8.09,9.46,0
TR-0632,2026-04-03,SKU-RED-001,SKU-IVORY-001,1L,1L,0.3,2,7,1.0,day,4,24.16,41074.17,3.04,37250.71,8.4,10.98,0
TR-0633,2026-04-04,SKU-ORANGE-001,SKU-PURPLE-001,18L,1L,0.6,4,6,1.0,night,5,24.22,82347.33,3.01,37325.2,12.2,11.01,0
TR-0634,2026-04-05,SKU-BLACK-001,SKU-SILVER-001,4L,18L,0.6,5,0,0.3,night,6,34.69,147419.62,4.54,50647.05,13.15,15.77,1
TR-0635,2026-04-06,SKU-BLACK-001,SKU-SILVER-001,1L,1L,0.6,4,5,0.7,day,0,32.47,110394.13,4.3,47824.01,9.15,14.76,1
TR-0636,2026-04-07,SKU-PURPLE-001,SKU-ORANGE-001,18L,1L,0.6,3,7,1.0,night,1,24.85,63369.08,3.08,38128.06,12.26,11.3,0
TR-0637,2026-04-08,SKU-RED-001,SKU-BLACK-001,1L,4L,0.6,5,3,1.0,day,2,23.82,101232.75,3.04,36815.69,12.17,10.83,0
TR-0638,2026-04-09,SKU-BLUE-001,SKU-YELLOW-001,4L,4L,0.3,3,0,0.7,day,3,24.16,61614.03,3.17,37252.1,8.4,10.98,1
TR-0639,2026-04-10,SKU-YELLOW-001,SKU-RED-001,1L,1L,0.3,5,4,0.7,night,4,22.0,93512.57,2.73,34503.76,8.2,10.0,0
TR-0640,2026-04-11,SKU-RED-001,SKU-RED-001,1L,18L,0.6,4,7,0.3,day,5,16.84,57266.87,1.84,22936.8,11.53,7.66,0
TR-0641,2026-04-12,SKU-PURPLE-001,SKU-SILVER-001,4L,4L,0.9,3,6,1.0,night,6,29.07,74139.26,3.74,43503.55,8.84,13.22,1
TR-0642,2026-04-13,SKU-SILVER-001,SKU-BLUE-001,18L,1L,0.6,5,0,0.7,night,0,30.24,128535.87,3.81,44992.02,12.75,13.75,1
TR-0643,2026-04-14,SKU-RED-001,SKU-RED-001,4L,18L,0.3,5,4,1.0,day,1,14.9,63317.11,1.63,20461.27,11.35,6.77,0
TR-0644,2026-04-15,SKU-BLACK-001,SKU-WHITE-001,18L,18L,0.6,3,6,1.0,day,2,30.52,77831.55,4.26,45346.4,8.97,13.87,1
TR-0645,2026-04-16,SKU-RED-001,SKU-GOLD-001,1L,1L,0.6,4,7,0.3,night,3,27.27,92734.19,3.22,41213.33,8.68,12.4,0
TR-0646,2026-04-17,SKU-BLACK-001,SKU-YELLOW-001,4L,1L,0.3,3,5,0.7,day,4,31.66,80720.56,4.23,46788.33,12.88,14.39,1
TR-0647,2026-04-18,SKU-WHITE-001,SKU-RED-001,4L,18L,0.3,5,0,0.7,night,5,26.18,111272.33,3.35,39822.19,12.38,11.9,0
TR-0648,2026-04-19,SKU-PURPLE-001,SKU-YELLOW-001,4L,4L,0.9,5,1,0.7,day,6,24.21,102890.13,3.23,37312.02,8.4,11.0,1
TR-0649,2026-04-20,SKU-GOLD-001,SKU-ORANGE-001,18L,4L,0.3,2,7,0.3,day,0,28.1,47771.95,3.2,42265.09,12.55,12.77,1
TR-0650,2026-04-21,SKU-ORANGE-001,SKU-YELLOW-001,1L,1L,0.9,4,2,0.7,night,1,19.05,64782.73,2.3,30750.22,7.93,8.66,0
TR-0651,2026-04-22,SKU-BLUE-001,SKU-GREEN-001,18L,18L,0.9,4,6,0.3,night,2,20.27,68908.48,2.34,32294.62,8.04,9.21,0
TR-0652,2026-04-23,SKU-YELLOW-001,SKU-PURPLE-001,4L,18L,0.3,3,7,0.7,night,3,29.69,75717.12,3.83,44291.08,12.7,13.5,0
TR-0653,2026-04-24,SKU-RED-001,SKU-PURPLE-001,1L,4L,0.9,5,4,0.3,day,4,22.69,96446.12,2.73,35382.26,12.06,10.32,0
TR-0654,2026-04-25,SKU-BLUE-001,SKU-BLACK-001,1L,1L,0.6,4,5,0.7,night,5,19.51,66329.84,2.37,31329.35,7.97,8.87,0
TR-0655,2026-04-26,SKU-RED-001,SKU-IVORY-001,18L,18L,0.3,4,7,1.0,night,6,23.76,80775.86,2.99,36736.95,8.36,10.8,0
TR-0656,2026-04-27,SKU-ORANGE-001,SKU-GRAY-001,1L,18L,0.3,2,0,0.7,day,0,19.01,32319.34,2.11,30696.3,11.73,8.64,0
TR-0657,2026-04-28,SKU-IVORY-001,SKU-BLACK-001,18L,18L,0.9,2,6,0.3,day,1,31.2,53048.32,4.25,46215.32,9.04,14.18,0
TR-0658,2026-04-29,SKU-RED-001,SKU-PURPLE-001,4L,18L,0.6,4,3,0.7,night,2,21.8,74134.0,2.63,34250.69,11.98,9.91,0
TR-0659,2026-04-30,SKU-IVORY-001,SKU-BLUE-001,1L,4L,0.6,5,5,0.3,night,3,30.53,129771.53,3.93,45362.06,12.78,13.88,0
TR-0660,2026-05-01,SKU-YELLOW-001,SKU-WHITE-001,4L,1L,0.3,2,6,0.3,day,4,24.32,41344.13,2.81,37452.82,12.21,11.05,0
TR-0661,2026-05-02,SKU-BLACK-001,SKU-BLUE-001,4L,4L,0.6,2,1,0.3,day,5,19.33,32857.32,2.35,31099.07,7.96,8.79,0
TR-0662,2026-05-03,SKU-GOLD-001,SKU-WHITE-001,18L,1L,0.3,5,2,1.0,day,6,27.8,118142.14,3.28,41879.46,12.53,12.64,1
TR-0663,2026-05-04,SKU-WHITE-001,SKU-YELLOW-001,4L,1L,0.3,5,4,0.7,night,0,22.19,94289.01,2.58,34736.28,12.02,10.08,0
TR-0664,2026-05-05,SKU-WHITE-001,SKU-ORANGE-001,1L,4L,0.9,5,6,0.7,day,1,25.66,109056.06,3.18,39158.5,12.33,11.66,0
TR-0665,2026-05-06,SKU-PURPLE-001,SKU-GRAY-001,18L,4L,0.6,5,1,1.0,day,2,22.81,96937.46,2.82,35529.4,12.07,10.37,0
TR-0666,2026-05-07,SKU-ORANGE-001,SKU-BLUE-001,4L,4L,0.3,2,0,0.3,night,3,21.34,36270.01,2.64,33654.02,8.14,9.7,0
TR-0667,2026-05-08,SKU-GOLD-001,SKU-RED-001,4L,18L,0.6,3,3,1.0,night,4,26.24,66900.17,3.11,39890.46,12.39,11.93,1
TR-0668,2026-05-09,SKU-GOLD-001,SKU-GREEN-001,4L,18L,0.3,4,7,0.3,day,5,30.22,102747.16,3.61,44961.51,12.75,13.74,1
TR-0669,2026-05-10,SKU-BLACK-001,SKU-ORANGE-001,18L,18L,0.9,2,6,1.0,night,6,24.2,41137.65,3.2,37298.24,8.4,11.0,0
TR-0670,2026-05-11,SKU-BLACK-001,SKU-PURPLE-001,1L,4L,0.9,3,6,1.0,night,0,20.83,53103.87,2.46,33004.6,11.89,9.47,0
TR-0671,2026-05-12,SKU-GRAY-001,SKU-WHITE-001,18L,18L,0.3,2,4,1.0,day,1,22.57,38367.08,2.87,35224.01,8.25,10.26,0
TR-0672,2026-05-13,SKU-GOLD-001,SKU-GREEN-001,1L,1L,0.6,2,3,0.7,day,2,25.08,42630.36,3.05,38415.78,8.48,11.4,1
TR-0673,2026-05-14,SKU-PURPLE-001,SKU-IVORY-001,18L,4L,0.6,5,5,0.7,day,3,29.59,125746.11,3.88,44156.59,12.69,13.45,1
TR-0674,2026-05-15,SKU-YELLOW-001,SKU-PURPLE-001,1L,18L,0.3,2,6,0.7,day,4,29.44,50046.95,3.8,43968.31,12.68,13.38,0
TR-0675,2026-04-01,SKU-BLACK-001,SKU-BLACK-001,1L,1L,0.9,2,5,0.3,night,2,13.39,22758.12,1.46,18538.16,7.42,6.09,0
TR-0676,2026-04-02,SKU-SILVER-001,SKU-IVORY-001,4L,18L,0.6,3,7,0.7,day,3,27.04,68956.54,3.04,40916.81,12.46,12.29,1
TR-0677,2026-04-03,SKU-BLACK-001,SKU-GOLD-001,18L,4L,0.6,2,1,1.0,night,4,31.61,53732.01,4.14,46727.18,12.87,14.37,0
TR-0678,2026-04-04,SKU-YELLOW-001,SKU-IVORY-001,4L,4L,0.9,3,4,0.3,day,5,18.48,47124.26,2.08,30020.13,7.88,8.4,0
TR-0679,2026-04-05,SKU-RED-001,SKU-GREEN-001,4L,4L,0.3,5,5,0.3,night,6,19.39,82400.38,2.18,31176.05,7.96,8.81,0
TR-0680,2026-04-06,SKU-ORANGE-001,SKU-GOLD-001,18L,18L,0.9,4,4,1.0,night,0,22.45,76321.99,2.58,35069.73,8.24,10.2,0
TR-0681,2026-04-07,SKU-SILVER-001,SKU-BLUE-001,1L,4L,0.9,4,5,0.7,day,1,31.32,106490.61,3.93,46362.79,12.85,14.24,1
TR-0682,2026-04-08,SKU-IVORY-001,SKU-RED-001,18L,4L,0.6,3,5,1.0,night,2,25.84,65885.25,3.22,39383.9,12.35,11.74,0
TR-0683,2026-04-09,SKU-GRAY-001,SKU-IVORY-001,1L,18L,0.3,3,5,1.0,night,3,23.49,59902.82,2.88,36398.02,12.14,10.68,0
TR-0684,2026-04-10,SKU-IVORY-001,SKU-IVORY-001,18L,1L,0.6,2,3,1.0,night,4,14.32,24350.2,1.56,19730.1,11.3,6.51,0
TR-0685,2026-04-11,SKU-BLACK-001,SKU-WHITE-001,1L,4L,0.6,5,3,0.3,night,5,34.62,147118.85,4.71,50556.98,13.15,15.73,1
TR-0686,2026-04-12,SKU-GOLD-001,SKU-PURPLE-001,18L,18L,0.9,4,4,0.7,night,6,27.79,94486.4,3.53,41869.24,8.73,12.63,1
TR-0687,2026-04-13,SKU-RED-001,SKU-BLACK-001,18L,18L,0.6,2,3,1.0,night,0,20.94,35596.03,2.73,33149.43,8.1,9.52,0
TR-0688,2026-04-14,SKU-GREEN-001,SKU-GOLD-001,1L,18L,0.6,2,1,0.7,day,1,26.76,45489.63,3.23,40556.41,12.43,12.16,0
TR-0689,2026-04-15,SKU-YELLOW-001,SKU-ORANGE-001,4L,1L,0.6,2,0,0.3,night,2,22.15,37650.1,2.64,34687.24,12.01,10.07,0
TR-0690,2026-04-16,SKU-IVORY-001,SKU-YELLOW-001,18L,1L,0.3,3,7,0.3,day,3,22.6,57637.52,2.53,35267.39,12.05,10.27,0
TR-0691,2026-04-17,SKU-YELLOW-001,SKU-GREEN-001,4L,18L,0.3,3,5,0.7,night,4,25.73,65599.14,3.21,39241.1,12.34,11.69,0
TR-0692,2026-04-18,SKU-BLACK-001,SKU-ORANGE-001,4L,4L,0.6,2,2,0.7,day,5,24.25,41224.97,3.2,37363.61,8.4,11.02,0
TR-0693,2026-04-19,SKU-GREEN-001,SKU-SILVER-001,1L,1L,0.3,4,5,0.7,night,6,27.3,92804.47,3.36,41239.64,8.68,12.41,0
TR-0694,2026-04-20,SKU-GRAY-001,SKU-WHITE-001,4L,4L,0.6,4,6,0.3,night,0,24.45,83122.89,3.08,37615.52,8.42,11.11,0
TR-0695,2026-04-21,SKU-YELLOW-001,SKU-SILVER-001,18L,4L,0.9,5,3,1.0,night,1,23.51,99925.24,2.59,36424.14,12.14,10.69,0
TR-0696,2026-04-22,SKU-GREEN-001,SKU-YELLOW-001,1L,4L,0.9,3,4,0.7,night,2,25.11,64036.1,3.14,38460.97,12.28,11.41,0
TR-0697,2026-04-23,SKU-GREEN-001,SKU-BLACK-001,1L,1L,0.6,5,4,0.7,day,3,22.2,94369.53,2.8,34760.39,8.22,10.09,0
TR-0698,2026-04-24,SKU-BLUE-001,SKU-PURPLE-001,4L,18L,0.3,2,7,0.7,night,4,20.82,35396.33,2.33,32999.92,11.89,9.46,0
TR-0699,2026-04-25,SKU-GRAY-001,SKU-IVORY-001,18L,4L,0.3,2,6,0.3,day,5,25.82,43899.35,3.14,39365.83,12.35,11.74,0
TR-0700,2026-04-26,SKU-ORANGE-001,SKU-SILVER-001,18L,1L,0.9,2,6,1.0,day,6,25.72,43729.03,3.01,39238.31,12.34,11.69,0
TR-0701,2026-04-27,SKU-PURPLE-001,SKU-WHITE-001,18L,18L,0.3,3,1,1.0,day,0,26.95,68725.36,3.68,40801.43,8.65,12.25,1
TR-0702,2026-04-28,SKU-PURPLE-001,SKU-WHITE-001,1L,18L,0.6,5,4,1.0,night,1,29.76,126466.21,3.99,44372.23,12.71,13.53,1
TR-0703,2026-04-29,SKU-YELLOW-001,SKU-SILVER-001,18L,18L,0.3,3,4,0.7,night,2,22.68,57822.48,2.5,35359.71,8.26,10.31,0
TR-0704,2026-04-30,SKU-YELLOW-001,SKU-ORANGE-001,18L,1L,0.9,4,1,0.3,night,3,22.14,75265.13,2.64,34674.11,12.01,10.06,0
TR-0705,2026-05-01,SKU-ORANGE-001,SKU-YELLOW-001,1L,18L,0.6,2,5,0.7,night,4,22.5,38243.16,2.68,35131.24,12.05,10.23,0
TR-0706,2026-05-02,SKU-WHITE-001,SKU-GREEN-001,18L,1L,0.6,3,0,1.0,day,5,25.72,65591.67,3.36,39237.38,12.34,11.69,0
TR-0707,2026-05-03,SKU-GREEN-001,SKU-GOLD-001,1L,1L,0.9,4,4,1.0,day,6,23.88,81207.49,2.92,36898.52,8.37,10.86,0
TR-0708,2026-05-04,SKU-RED-001,SKU-GREEN-001,4L,4L,0.3,4,3,0.7,night,0,17.35,58980.26,1.96,28578.17,7.78,7.89,0
TR-0709,2026-05-05,SKU-BLUE-001,SKU-RED-001,1L,1L,0.9,3,6,1.0,day,1,18.97,48367.36,2.27,30640.57,7.92,8.62,0
TR-0710,2026-05-06,SKU-SILVER-001,SKU-GREEN-001,4L,18L,0.3,3,5,0.7,night,2,29.47,75153.3,3.59,44009.67,12.68,13.4,1
TR-0711,2026-05-07,SKU-RED-001,SKU-WHITE-001,1L,4L,0.9,3,5,0.7,day,3,27.65,70504.42,3.51,41689.37,12.51,12.57,0
TR-0712,2026-05-08,SKU-ORANGE-001,SKU-GREEN-001,18L,18L,0.3,3,7,1.0,day,4,19.49,49689.04,2.3,31300.23,7.97,8.86,0
TR-0713,2026-05-09,SKU-IVORY-001,SKU-GREEN-001,18L,18L,0.3,5,4,1.0,day,5,23.18,98519.75,3.0,36003.24,8.31,10.54,0
TR-0714,2026-05-10,SKU-GRAY-001,SKU-GREEN-001,1L,18L,0.3,4,4,1.0,day,6,21.24,72217.4,2.46,33533.25,11.93,9.65,0
TR-0715,2026-05-11,SKU-BLUE-001,SKU-PURPLE-001,1L,4L,0.9,2,7,0.3,day,0,21.41,36402.31,2.39,33753.07,11.95,9.73,0
TR-0716,2026-05-12,SKU-IVORY-001,SKU-WHITE-001,4L,4L,0.3,2,0,1.0,night,1,12.03,20454.1,1.4,16813.23,7.29,5.47,0
TR-0717,2026-05-13,SKU-PURPLE-001,SKU-GRAY-001,4L,18L,0.9,5,4,0.7,day,2,24.16,102676.43,2.97,37248.02,12.2,10.98,0
TR-0718,2026-05-14,SKU-GOLD-001,SKU-BLUE-001,18L,1L,0.9,4,2,0.7,night,3,29.07,98825.28,3.62,43493.42,12.64,13.21,1
TR-0719,2026-05-15,SKU-RED-001,SKU-GREEN-001,4L,18L,0.3,4,6,1.0,night,4,20.89,71027.38,2.35,33087.79,11.9,9.5,0
TR-0720,2026-04-01,SKU-SILVER-001,SKU-YELLOW-001,18L,18L,0.6,2,3,1.0,day,2,21.14,35931.45,2.33,33400.55,8.12,9.61,1
TR-0721,2026-04-02,SKU-GRAY-001,SKU-BLACK-001,18L,4L,0.9,4,4,1.0,day,3,26.54,90246.15,3.42,40281.98,12.41,12.06,0
TR-0722,2026-04-03,SKU-ORANGE-001,SKU-SILVER-001,4L,18L,0.6,3,2,1.0,night,4,24.96,63640.19,2.92,38263.38,12.27,11.34,0
TR-0723,2026-04-04,SKU-BLACK-001,SKU-SILVER-001,4L,1L,0.9,3,4,0.7,day,5,34.73,88549.9,4.54,50696.03,13.16,15.78,1
TR-0724,2026-04-05,SKU-IVORY-001,SKU-YELLOW-001,1L,4L,0.6,3,0,1.0,day,6,18.22,46458.11,2.05,29687.65,11.66,8.28,0
TR-0725,2026-04-06,SKU-IVORY-001,SKU-IVORY-001,18L,1L,0.3,5,1,1.0,night,0,13.88,58993.75,1.51,19166.58,11.26,6.31,0
TR-0726,2026-04-07,SKU-SILVER-001,SKU-IVORY-001,4L,18L,0.9,3,5,0.7,night,1,26.13,66622.4,2.94,39751.82,12.38,11.88,1
TR-0727,2026-04-08,SKU-ORANGE-001,SKU-BLUE-001,1L,4L,0.6,2,3,0.7,night,2,23.83,40504.44,2.91,36824.18,12.17,10.83,0
TR-0728,2026-04-09,SKU-GOLD-001,SKU-BLUE-001,4L,18L,0.6,2,5,1.0,day,3,30.17,51292.27,3.74,44900.63,12.74,13.71,1
TR-0729,2026-04-10,SKU-PURPLE-001,SKU-BLACK-001,4L,18L,0.9,5,7,0.3,night,4,23.15,98393.75,2.71,35965.51,12.1,10.52,0
TR-0730,2026-04-11,SKU-ORANGE-001,SKU-IVORY-001,1L,1L,0.3,5,5,0.7,night,5,22.04,93652.06,2.69,34545.54,8.2,10.02,0
TR-0731,2026-04-12,SKU-BLUE-001,SKU-SILVER-001,18L,4L,0.6,3,1,1.0,day,6,29.85,76106.9,3.77,44485.62,12.71,13.57,1
TR-0732,2026-04-13,SKU-GRAY-001,SKU-WHITE-001,4L,18L,0.9,2,1,1.0,day,0,23.23,39497.64,2.95,36070.43,12.11,10.56,0
TR-0733,2026-04-14,SKU-GRAY-001,SKU-SILVER-001,18L,4L,0.9,5,0,0.7,night,1,25.96,110339.75,3.07,39542.92,12.36,11.8,0
TR-0734,2026-04-15,SKU-IVORY-001,SKU-BLACK-001,4L,1L,0.3,2,7,0.3,night,2,34.36,58414.75,4.59,50232.96,13.12,15.62,0
TR-0735,2026-04-16,SKU-RED-001,SKU-PURPLE-001,18L,1L,0.3,3,4,0.3,night,3,24.34,62073.54,2.91,37481.44,12.21,11.06,0
TR-0736,2026-04-17,SKU-RED-001,SKU-SILVER-001,18L,4L,0.9,2,6,1.0,night,4,28.2,47932.01,3.39,42384.92,12.56,12.82,0
TR-0737,2026-04-18,SKU-RED-001,SKU-RED-001,4L,4L,0.3,2,0,1.0,day,5,10.18,17298.65,1.11,14450.86,7.13,4.63,0
TR-0738,2026-04-19,SKU-GOLD-001,SKU-PURPLE-001,18L,18L,0.6,4,3,0.3,night,6,28.74,97699.96,3.63,43072.18,8.81,13.06,1
TR-0739,2026-04-20,SKU-RED-001,SKU-RED-001,4L,4L,0.3,3,1,0.7,day,0,11.75,29964.4,1.28,16455.5,7.27,5.34,0
TR-0740,2026-04-21,SKU-IVORY-001,SKU-ORANGE-001,18L,4L,0.6,3,0,1.0,night,1,21.5,54819.79,2.63,33861.04,11.95,9.77,0
TR-0741,2026-04-22,SKU-IVORY-001,SKU-GREEN-001,4L,1L,0.9,4,6,0.3,day,2,27.63,93925.38,3.48,41659.23,12.51,12.56,0
TR-0742,2026-04-23,SKU-SILVER-001,SKU-YELLOW-001,1L,1L,0.6,5,5,0.3,night,3,23.23,98734.43,2.56,36067.53,8.31,10.56,1
TR-0743,2026-04-24,SKU-SILVER-001,SKU-SILVER-001,18L,4L,0.9,3,1,0.7,day,4,14.06,35850.5,1.53,19393.3,11.28,6.39,0
TR-0744,2026-04-25,SKU-BLACK-001,SKU-BLACK-001,1L,4L,0.9,4,3,0.7,day,5,14.36,48813.69,1.57,19772.5,11.31,6.53,0
TR-0745,2026-04-26,SKU-ORANGE-001,SKU-WHITE-001,1L,4L,0.6,3,5,0.3,day,6,26.53,67658.34,3.27,40268.87,12.41,12.06,0
TR-0746,2026-04-27,SKU-GOLD-001,SKU-GRAY-001,1L,1L,0.3,4,2,0.3,night,0,25.05,85153.93,2.9,38375.8,8.48,11.38,1
TR-0747,2026-04-28,SKU-IVORY-001,SKU-GREEN-001,1L,4L,0.9,2,7,1.0,day,1,26.31,44719.41,3.34,39979.77,12.39,11.96,0
TR-0748,2026-04-29,SKU-BLUE-001,SKU-BLUE-001,1L,18L,0.3,3,5,0.7,day,2,16.26,41466.78,1.77,22196.43,11.48,7.39,0
TR-0749,2026-04-30,SKU-BLUE-001,SKU-BLACK-001,4L,18L,0.6,2,1,0.3,night,3,22.21,37749.56,2.67,34761.7,12.02,10.09,0
TR-0750,2026-05-01,SKU-PURPLE-001,SKU-SILVER-001,1L,4L,0.6,4,2,0.7,day,4,31.76,107980.75,4.03,46920.6,12.89,14.44,1
TR-0751,2026-05-02,SKU-SILVER-001,SKU-GREEN-001,18L,1L,0.3,2,0,0.3,night,5,29.22,49669.79,3.57,43685.94,12.66,13.28,1
TR-0752,2026-05-03,SKU-SILVER-001,SKU-GOLD-001,18L,18L,0.9,2,1,0.3,day,6,16.84,28620.92,1.9,27927.42,7.73,7.65,0
TR-0753,2026-05-04,SKU-GRAY-001,SKU-PURPLE-001,4L,1L,0.9,5,7,0.7,day,0,24.87,105690.23,3.05,38150.55,12.26,11.3,0
TR-0754,2026-05-05,SKU-GOLD-001,SKU-IVORY-001,1L,1L,0.6,5,5,0.7,day,1,24.71,105033.63,2.85,37953.92,8.45,11.23,1
TR-0755,2026-05-06,SKU-GOLD-001,SKU-SILVER-001,4L,4L,0.9,3,0,1.0,night,2,14.69,37462.91,1.67,25198.07,7.54,6.68,0
TR-0756,2026-05-07,SKU-YELLOW-001,SKU-WHITE-001,4L,4L,0.9,5,5,0.7,day,3,19.07,81049.23,2.24,30771.43,7.93,8.67,0
TR-0757,2026-05-08,SKU-BLACK-001,SKU-GREEN-001,18L,1L,0.6,5,0,0.3,night,4,24.3,103258.61,3.03,37422.36,12.21,11.04,0
TR-0758,2026-05-09,SKU-GOLD-001,SKU-IVORY-001,1L,4L,0.3,5,3,0.3,day,5,28.81,122429.48,3.3,43163.37,12.62,13.09,1
TR-0759,2026-05-10,SKU-SILVER-001,SKU-BLACK-001,1L,18L,0.6,2,0,0.3,night,6,34.84,59234.95,4.56,50847.02,13.17,15.84,1
TR-0760,2026-05-11,SKU-GRAY-001,SKU-YELLOW-001,18L,4L,0.9,4,4,0.3,day,0,23.08,78472.14,2.77,35874.6,12.1,10.49,0
TR-0761,2026-05-12,SKU-WHITE-001,SKU-YELLOW-001,4L,1L,0.6,2,2,1.0,night,1,20.34,34578.84,2.37,32387.9,11.85,9.25,0
TR-0762,2026-05-13,SKU-ORANGE-001,SKU-YELLOW-001,18L,1L,0.6,2,7,0.3,night,2,24.72,42023.51,2.92,37961.45,12.25,11.24,0
TR-0763,2026-05-14,SKU-IVORY-001,SKU-GREEN-001,4L,1L,0.9,2,3,0.3,night,3,26.64,45286.95,3.37,40404.67,12.42,12.11,0
TR-0764,2026-05-15,SKU-BLUE-001,SKU-SILVER-001,18L,1L,0.3,4,6,1.0,night,4,32.16,109338.39,4.02,47428.81,12.92,14.62,1
TR-0765,2026-04-01,SKU-WHITE-001,SKU-BLUE-001,18L,4L,0.6,5,5,0.7,night,2,30.56,129897.17,4.02,45399.69,12.78,13.89,0
TR-0766,2026-04-02,SKU-SILVER-001,SKU-GREEN-001,4L,18L,0.6,5,5,1.0,day,3,28.21,119901.39,3.46,42406.3,12.56,12.82,1
TR-0767,2026-04-03,SKU-ORANGE-001,SKU-SILVER-001,18L,1L,0.3,3,1,0.3,night,4,27.41,69885.38,3.19,41380.4,12.49,12.46,0
TR-0768,2026-04-04,SKU-YELLOW-001,SKU-BLACK-001,18L,1L,0.3,4,4,0.7,night,5,31.27,106331.76,4.19,46303.33,12.84,14.22,0
TR-0769,2026-04-05,SKU-GRAY-001,SKU-BLUE-001,18L,18L,0.6,4,7,0.3,day,6,23.76,80769.04,2.87,36734.4,8.36,10.8,0
TR-0770,2026-04-06,SKU-YELLOW-001,SKU-SILVER-001,1L,18L,0.3,2,7,0.3,day,0,27.38,46550.61,3.01,41350.72,12.49,12.45,0
TR-0771,2026-04-07,SKU-GREEN-001,SKU-GOLD-001,18L,1L,0.9,4,6,1.0,day,1,27.89,94812.39,3.35,41991.27,12.54,12.68,0
TR-0772,2026-04-08,SKU-WHITE-001,SKU-SILVER-001,18L,4L,0.9,5,1,0.7,day,2,26.49,112572.47,3.07,40211.54,12.41,12.04,0
TR-0773,2026-04-09,SKU-GOLD-001,SKU-GREEN-001,18L,4L,0.9,2,2,0.7,day,3,27.09,46047.15,3.27,40973.8,12.46,12.31,1
TR-0774,2026-04-10,SKU-ORANGE-001,SKU-ORANGE-001,18L,4L,0.3,3,3,1.0,night,4,14.57,37149.79,1.59,20041.78,11.32,6.62,0
TR-0775,2026-04-11,SKU-WHITE-001,SKU-GRAY-001,1L,1L,0.9,4,1,0.3,day,5,22.39,76109.49,2.85,34990.18,8.24,10.18,0
TR-0776,2026-04-12,SKU-ORANGE-001,SKU-RED-001,4L,4L,0.6,3,3,0.7,day,6,18.03,45980.66,2.08,29449.35,7.84,8.2,0
TR-0777,2026-04-13,SKU-GRAY-001,SKU-GOLD-001,18L,1L,0.6,5,7,0.7,day,0,28.16,119658.86,3.24,42333.67,12.56,12.8,0
TR-0778,2026-04-14,SKU-GREEN-001,SKU-YELLOW-001,4L,4L,0.3,5,6,0.7,night,1,23.43,99573.79,2.96,36318.89,8.33,10.65,0
TR-0779,2026-04-15,SKU-IVORY-001,SKU-GREEN-001,4L,1L,0.9,5,5,1.0,day,2,25.49,108350.11,3.25,38947.09,12.32,11.59,0
TR-0780,2026-04-16,SKU-ORANGE-001,SKU-BLUE-001,18L,18L,0.3,2,6,0.7,night,3,22.55,38333.75,2.77,35199.07,8.25,10.25,0
TR-0781,2026-04-17,SKU-SILVER-001,SKU-BLUE-001,1L,4L,0.3,2,7,0.3,day,4,34.36,58419.73,4.26,50236.7,13.12,15.62,1
TR-0782,2026-04-18,SKU-GRAY-001,SKU-GOLD-001,18L,4L,0.6,5,2,0.3,night,5,27.32,116093.9,3.15,41266.09,12.48,12.42,0
TR-0783,2026-04-19,SKU-GRAY-001,SKU-GRAY-001,1L,1L,0.6,5,7,0.3,night,6,14.33,60898.93,1.56,19737.11,7.5,6.51,0
TR-0784,2026-04-20,SKU-IVORY-001,SKU-GREEN-001,1L,4L,0.6,2,0,1.0,day,0,24.0,40801.21,3.08,37046.36,12.18,10.91,0
TR-0785,2026-04-21,SKU-GREEN-001,SKU-IVORY-001,1L,18L,0.9,2,5,0.3,night,1,27.75,47171.64,3.49,41815.67,12.52,12.61,0
TR-0786,2026-04-22,SKU-RED-001,SKU-GREEN-001,4L,1L,0.9,2,3,0.7,night,2,19.41,32989.7,2.18,31198.17,11.76,8.82,0
TR-0787,2026-04-23,SKU-ORANGE-001,SKU-BLUE-001,4L,18L,0.6,3,7,1.0,day,3,24.65,62855.8,3.0,37871.88,12.24,11.2,0
TR-0788,2026-04-24,SKU-GREEN-001,SKU-GREEN-001,1L,1L,0.9,5,0,0.7,day,4,10.97,46628.4,1.2,15463.58,7.2,4.99,0
TR-0789,2026-04-25,SKU-GOLD-001,SKU-WHITE-001,18L,1L,0.6,4,4,0.3,night,5,30.05,102179.53,3.52,44749.02,12.73,13.66,1
TR-0790,2026-04-26,SKU-BLACK-001,SKU-BLUE-001,18L,18L,0.6,3,2,0.3,night,6,20.05,51126.47,2.43,32017.67,8.02,9.11,0
TR-0791,2026-04-27,SKU-RED-001,SKU-IVORY-001,4L,1L,0.3,2,4,0.3,night,0,27.48,46722.99,3.4,41479.78,12.5,12.49,0
TR-0792,2026-04-28,SKU-BLACK-001,SKU-BLACK-001,18L,4L,0.9,2,2,0.3,day,1,15.13,25724.64,1.65,20759.09,11.38,6.88,0
TR-0793,2026-04-29,SKU-GREEN-001,SKU-IVORY-001,1L,18L,0.9,4,2,1.0,night,2,24.86,84531.05,3.18,38142.64,12.26,11.3,0
TR-0794,2026-04-30,SKU-SILVER-001,SKU-GREEN-001,18L,18L,0.9,4,4,1.0,day,3,25.06,85199.3,3.11,38392.78,8.48,11.39,1
TR-0795,2026-05-01,SKU-GOLD-001,SKU-WHITE-001,18L,4L,0.3,5,5,0.7,night,4,29.75,126417.88,3.49,44357.76,12.7,13.52,1
TR-0796,2026-05-02,SKU-PURPLE-001,SKU-IVORY-001,4L,18L,0.6,3,4,0.7,night,5,29.31,74735.94,3.85,43801.36,12.66,13.32,1
TR-0797,2026-05-03,SKU-IVORY-001,SKU-IVORY-001,1L,18L,0.3,2,1,1.0,day,6,13.33,22663.16,1.45,18467.07,11.21,6.06,0
TR-0798,2026-05-04,SKU-PURPLE-001,SKU-GRAY-001,4L,4L,0.6,4,6,0.3,night,0,23.55,80074.21,2.9,36474.3,8.34,10.71,0
TR-0799,2026-05-05,SKU-RED-001,SKU-GRAY-001,4L,18L,0.6,4,0,0.3,night,1,20.46,69562.09,2.31,32539.28,11.86,9.3,0
TR-0800,2026-05-06,SKU-SILVER-001,SKU-BLUE-001,1L,4L,0.3,3,2,0.7,day,2,30.94,78884.93,3.89,45872.16,12.81,14.06,1
TR-0801,2026-05-07,SKU-IVORY-001,SKU-SILVER-001,18L,1L,0.3,5,0,0.7,night,3,25.61,108852.32,2.88,39097.49,12.33,11.64,0
TR-0802,2026-05-08,SKU-GRAY-001,SKU-RED-001,18L,18L,0.3,4,1,0.3,day,4,19.02,64674.41,2.15,30709.67,7.93,8.65,0
TR-0803,2026-05-09,SKU-BLACK-001,SKU-WHITE-001,1L,4L,0.6,3,0,0.7,night,5,32.68,83336.02,4.5,48093.73,12.97,14.85,1
TR-0804,2026-05-10,SKU-ORANGE-001,SKU-BLACK-001,18L,1L,0.3,4,6,1.0,day,6,27.31,92848.35,3.53,41256.07,12.48,12.41,0
TR-0805,2026-05-11,SKU-GREEN-001,SKU-GRAY-001,4L,1L,0.3,4,7,1.0,day,0,22.49,76479.82,2.6,35128.81,12.04,10.22,0
TR-0806,2026-05-12,SKU-RED-001,SKU-ORANGE-001,18L,18L,0.9,3,2,0.7,night,1,16.92,43133.91,1.96,28028.51,7.74,7.69,0
TR-0807,2026-05-13,SKU-GREEN-001,SKU-RED-001,4L,18L,0.6,2,2,1.0,night,2,18.39,31269.59,2.07,29910.39,11.67,8.36,0
TR-0808,2026-05-14,SKU-BLACK-001,SKU-WHITE-001,1L,18L,0.6,2,1,1.0,night,3,32.37,55028.55,4.46,47697.85,12.94,14.71,1
TR-0809,2026-05-15,SKU-BLACK-001,SKU-ORANGE-001,1L,4L,0.6,2,4,1.0,night,4,26.75,45470.89,3.47,40542.38,12.43,12.16,0
TR-0810,2026-04-01,SKU-GRAY-001,SKU-ORANGE-001,18L,18L,0.9,4,7,1.0,night,2,17.11,58181.63,1.9,28279.22,7.76,7.78,0
TR-0811,2026-04-02,SKU-GOLD-001,SKU-YELLOW-001,4L,18L,0.3,3,6,0.3,day,3,27.94,71238.13,3.14,42055.57,12.54,12.7,1
TR-0812,2026-04-03,SKU-GREEN-001,SKU-GOLD-001,4L,18L,0.9,4,4,0.7,night,4,27.47,93398.69,3.31,41462.08,12.5,12.49,0
TR-0813,2026-04-04,SKU-GRAY-001,SKU-GOLD-001,4L,4L,0.3,5,5,0.7,night,5,24.92,105895.17,2.88,38211.92,8.47,11.33,0
TR-0814,2026-04-05,SKU-GREEN-001,SKU-YELLOW-001,18L,4L,0.9,2,4,0.3,night,6,26.21,44554.46,3.26,39856.28,12.38,11.91,0
TR-0815,2026-04-06,SKU-GOLD-001,SKU-GRAY-001,4L,18L,0.3,3,1,0.7,day,0,26.68,68027.25,3.08,40452.99,12.43,12.13,1
TR-0816,2026-04-07,SKU-PURPLE-001,SKU-RED-001,4L,4L,0.3,3,2,1.0,day,1,18.3,46653.07,2.25,29784.95,7.86,8.32,0
TR-0817,2026-04-08,SKU-BLACK-001,SKU-IVORY-001,1L,18L,0.6,4,3,1.0,night,2,31.35,106594.49,4.26,46401.68,12.85,14.25,1
TR-0818,2026-04-09,SKU-BLACK-001,SKU-YELLOW-001,18L,18L,0.3,3,2,1.0,day,3,27.19,69326.36,3.74,41101.39,8.67,12.36,1
TR-0819,2026-04-10,SKU-ORANGE-001,SKU-WHITE-001,4L,1L,0.9,5,2,0.7,day,4,24.34,103440.86,3.03,37476.94,12.21,11.06,0
TR-0820,2026-04-11,SKU-BLUE-001,SKU-RED-001,1L,1L,0.6,4,4,0.3,day,5,19.95,67813.8,2.38,31884.85,8.01,9.07,0
TR-0821,2026-04-12,SKU-YELLOW-001,SKU-GRAY-001,4L,18L,0.6,4,0,0.7,night,6,21.21,72123.31,2.57,33498.03,11.93,9.64,0
TR-0822,2026-04-13,SKU-YELLOW-001,SKU-GRAY-001,1L,18L,0.9,4,7,1.0,night,0,22.34,75950.74,2.69,34930.76,12.03,10.15,0
TR-0823,2026-04-14,SKU-PURPLE-001,SKU-ORANGE-001,4L,1L,0.3,3,7,0.7,day,1,25.64,65379.1,3.16,39131.28,12.33,11.65,0
TR-0824,2026-04-15,SKU-YELLOW-001,SKU-SILVER-001,1L,1L,0.3,2,3,0.3,day,2,23.5,39942.07,2.59,36403.15,8.34,10.68,0
TR-0825,2026-04-16,SKU-RED-001,SKU-SILVER-001,4L,1L,0.9,4,2,1.0,day,3,26.89,91419.6,3.24,40721.24,12.44,12.22,0
TR-0826,2026-04-17,SKU-WHITE-001,SKU-YELLOW-001,1L,18L,0.6,3,5,0.7,day,4,22.02,56159.77,2.56,34529.83,12.0,10.01,0
TR-0827,2026-04-18,SKU-RED-001,SKU-SILVER-001,4L,1L,0.3,5,3,0.3,day,5,30.21,128381.13,3.61,44945.69,12.75,13.73,0
TR-0828,2026-04-19,SKU-YELLOW-001,SKU-GRAY-001,4L,4L,0.9,4,5,1.0,day,6,19.17,65163.93,2.35,30892.92,7.94,8.71,0
TR-0829,2026-04-20,SKU-ORANGE-001,SKU-SILVER-001,18L,1L,0.9,4,2,0.3,night,0,26.51,90135.78,3.09,40240.67,12.41,12.05,0
TR-0830,2026-04-21,SKU-WHITE-001,SKU-YELLOW-001,1L,4L,0.9,3,0,0.3,night,1,21.41,54606.83,2.49,33754.75,11.95,9.73,0
TR-0831,2026-04-22,SKU-GRAY-001,SKU-YELLOW-001,18L,18L,0.9,2,2,0.7,night,2,18.98,32267.0,2.33,30657.11,7.93,8.63,0
TR-0832,2026-04-23,SKU-BLACK-001,SKU-GRAY-001,1L,18L,0.9,5,1,1.0,night,3,25.42,108041.29,3.3,38854.61,12.31,11.56,0
TR-0833,2026-04-24,SKU-WHITE-001,SKU-RED-001,1L,1L,0.6,4,4,0.7,day,4,24.63,83749.25,3.18,37849.99,8.44,11.2,0
TR-0834,2026-04-25,SKU-PURPLE-001,SKU-ORANGE-001,4L,4L,0.3,3,0,0.3,day,5,21.78,55550.04,2.74,34225.51,8.18,9.9,0
TR-0835,2026-04-26,SKU-GOLD-001,SKU-RED-001,1L,1L,0.3,5,7,0.7,night,6,25.74,109399.04,3.05,39261.21,8.54,11.7,1
TR-0836,2026-04-27,SKU-IVORY-001,SKU-GRAY-001,18L,1L,0.9,5,1,0.3,day,0,23.39,99394.17,2.87,36265.1,12.13,10.63,0
TR-0837,2026-04-28,SKU-WHITE-001,SKU-WHITE-001,4L,4L,0.6,5,4,0.3,night,1,13.43,57063.97,1.46,18588.68,7.42,6.1,0
TR-0838,2026-04-29,SKU-GREEN-001,SKU-GREEN-001,4L,1L,0.6,2,4,0.7,night,2,15.0,25504.18,1.64,20594.04,11.36,6.82,0
TR-0839,2026-04-30,SKU-IVORY-001,SKU-BLACK-001,1L,4L,0.6,3,2,0.3,night,3,32.4,82612.24,4.38,47732.49,12.95,14.73,0
TR-0840,2026-05-01,SKU-GOLD-001,SKU-SILVER-001,1L,4L,0.6,3,0,1.0,night,4,17.64,44983.4,1.99,28951.61,11.6,8.02,0
TR-0841,2026-05-02,SKU-WHITE-001,SKU-BLACK-001,4L,1L,0.3,2,0,0.7,night,5,33.2,56447.84,4.56,48760.42,13.02,15.09,0
TR-0842,2026-05-03,SKU-BLACK-001,SKU-IVORY-001,18L,18L,0.9,3,1,0.3,day,6,29.11,74228.55,4.02,43548.12,8.85,13.23,1
TR-0843,2026-05-04,SKU-GREEN-001,SKU-ORANGE-001,18L,4L,0.6,2,1,1.0,day,0,19.33,32860.33,2.29,31101.31,11.76,8.79,0
TR-0844,2026-05-05,SKU-IVORY-001,SKU-RED-001,18L,18L,0.9,5,1,0.7,night,1,21.9,93070.69,2.79,34371.44,8.19,9.95,0
TR-0845,2026-05-06,SKU-IVORY-001,SKU-WHITE-001,4L,1L,0.9,5,0,1.0,night,2,14.18,60267.53,1.64,19548.03,11.29,6.45,0
TR-0846,2026-05-07,SKU-GRAY-001,SKU-PURPLE-001,18L,1L,0.3,2,6,0.3,day,3,26.9,45721.63,3.27,40730.1,12.45,12.23,0
TR-0847,2026-05-08,SKU-SILVER-001,SKU-YELLOW-001,4L,18L,0.6,4,5,0.7,day,4,25.66,87244.59,2.82,39158.4,12.33,11.66,1
TR-0848,2026-05-09,SKU-SILVER-001,SKU-WHITE-001,4L,18L,0.9,2,6,0.3,night,5,28.64,48688.59,3.3,42951.35,12.6,13.02,1
TR-0849,2026-05-10,SKU-GREEN-001,SKU-BLUE-001,4L,18L,0.9,4,7,1.0,day,6,21.42,72842.77,2.47,33767.35,11.95,9.74,0
TR-0850,2026-05-11,SKU-ORANGE-001,SKU-RED-001,1L,18L,0.3,5,1,1.0,day,0,19.65,83515.91,2.25,31510.11,11.79,8.93,0
TR-0851,2026-05-12,SKU-WHITE-001,SKU-WHITE-001,4L,4L,0.9,5,4,0.7,day,1,11.58,49232.51,1.26,16243.43,7.25,5.27,0
TR-0852,2026-05-13,SKU-SILVER-001,SKU-GRAY-001,4L,18L,0.6,3,5,0.3,day,2,29.21,74482.26,3.42,43674.75,12.66,13.28,1
TR-0853,2026-05-14,SKU-GRAY-001,SKU-BLACK-001,4L,1L,0.6,4,0,0.7,day,3,25.91,88100.77,3.35,39478.9,12.36,11.78,0
TR-0854,2026-05-15,SKU-SILVER-001,SKU-RED-001,4L,4L,0.9,5,3,1.0,day,4,24.33,103389.58,2.96,37461.58,8.41,11.06,1
TR-0855,2026-04-01,SKU-YELLOW-001,SKU-YELLOW-001,4L,1L,0.3,3,2,0.7,day,2,14.69,37467.73,1.6,20200.47,11.34,6.68,0
TR-0856,2026-04-02,SKU-IVORY-001,SKU-ORANGE-001,1L,4L,0.6,5,2,1.0,day,3,22.43,95314.43,2.74,35043.36,12.04,10.19,0
TR-0857,2026-04-03,SKU-RED-001,SKU-IVORY-001,18L,1L,0.9,4,5,0.7,day,4,25.89,88035.37,3.22,39454.42,12.35,11.77,0
TR-0858,2026-04-04,SKU-SILVER-001,SKU-IVORY-001,4L,18L,0.9,5,7,0.3,night,5,28.03,119112.09,3.15,42169.93,12.55,12.74,1
TR-0859,2026-04-05,SKU-IVORY-001,SKU-ORANGE-001,4L,18L,0.6,5,6,1.0,day,6,24.05,102204.41,2.91,37106.67,12.19,10.93,0
TR-0860,2026-04-06,SKU-RED-001,SKU-RED-001,18L,4L,0.9,5,5,1.0,day,0,13.93,59205.24,1.52,19229.91,11.27,6.33,0
TR-0861,2026-04-07,SKU-IVORY-001,SKU-BLUE-001,4L,1L,0.9,5,3,0.3,night,1,29.42,125016.62,3.81,43938.13,12.67,13.37,0
TR-0862,2026-04-08,SKU-SILVER-001,SKU-IVORY-001,1L,18L,0.3,5,3,0.3,night,2,27.72,117817.87,3.11,41782.36,12.52,12.6,1
TR-0863,2026-04-09,SKU-WHITE-001,SKU-PURPLE-001,1L,4L,0.6,4,2,1.0,night,3,29.69,100937.88,3.98,44284.23,12.7,13.49,0
TR-0864,2026-04-10,SKU-BLACK-001,SKU-SILVER-001,18L,4L,0.9,3,4,0.3,night,4,35.28,89963.35,4.6,51401.49,13.21,16.04,1
TR-0865,2026-04-11,SKU-YELLOW-001,SKU-GRAY-001,18L,18L,0.9,2,6,0.3,day,5,21.05,35790.71,2.55,33295.19,8.11,9.57,0
TR-0866,2026-04-12,SKU-GRAY-001,SKU-BLACK-001,1L,18L,0.6,4,3,0.3,night,6,28.32,96291.58,3.61,42544.98,12.57,12.87,0
TR-0867,2026-04-13,SKU-GREEN-001,SKU-RED-001,18L,1L,0.3,2,1,1.0,night,0,18.68,31751.73,2.1,30271.35,11.7,8.49,0
TR-0868,2026-04-14,SKU-RED-001,SKU-WHITE-001,4L,18L,0.9,4,7,1.0,night,1,27.63,93944.83,3.5,41666.51,12.51,12.56,0
TR-0869,2026-04-15,SKU-IVORY-001,SKU-YELLOW-001,18L,1L,0.6,5,6,0.7,night,2,20.44,86872.04,2.3,32515.16,11.86,9.29,0
TR-0870,2026-04-16,SKU-WHITE-001,SKU-YELLOW-001,4L,1L,0.6,3,7,0.7,day,3,22.6,57628.33,2.62,35262.8,12.05,10.27,0
TR-0871,2026-04-17,SKU-RED-001,SKU-WHITE-001,18L,4L,0.6,4,7,0.7,day,4,28.35,96394.79,3.58,42583.61,12.58,12.89,0
TR-0872,2026-04-18,SKU-WHITE-001,SKU-GREEN-001,18L,4L,0.9,5,2,0.7,day,5,27.17,115467.0,3.52,41078.35,12.47,12.35,0
TR-0873,2026-04-19,SKU-YELLOW-001,SKU-PURPLE-001,4L,4L,0.6,5,0,1.0,night,6,23.59,100240.86,3.16,36518.65,8.34,10.72,0
TR-0874,2026-04-20,SKU-SILVER-001,SKU-GREEN-001,18L,1L,0.3,5,6,0.7,day,0,29.88,126988.11,3.64,44528.53,12.72,13.58,1
TR-0875,2026-04-21,SKU-GREEN-001,SKU-YELLOW-001,4L,18L,0.6,5,6,0.3,night,1,26.81,113929.53,3.32,40617.94,12.44,12.18,0
TR-0876,2026-04-22,SKU-RED-001,SKU-IVORY-001,18L,4L,0.3,2,4,1.0,day,2,25.6,43520.34,3.19,39082.07,12.33,11.64,0
TR-0877,2026-04-23,SKU-GREEN-001,SKU-BLUE-001,18L,1L,0.6,4,3,0.7,night,3,21.48,73026.17,2.48,33836.0,11.95,9.76,0
TR-0878,2026-04-24,SKU-BLACK-001,SKU-BLACK-001,18L,18L,0.6,3,0,0.7,day,4,11.29,28785.25,1.23,15866.97,7.23,5.13,0
TR-0879,2026-04-25,SKU-SILVER-001,SKU-GREEN-001,18L,4L,0.6,5,7,0.3,day,5,30.94,131515.09,3.75,45884.2,12.81,14.07,1
TR-0880,2026-04-26,SKU-IVORY-001,SKU-GREEN-001,1L,4L,0.3,4,5,0.3,day,6,28.31,96239.76,3.55,42525.58,12.57,12.87,0
TR-0881,2026-04-27,SKU-GOLD-001,SKU-PURPLE-001,1L,4L,0.3,2,1,0.7,night,0,30.01,51016.41,3.77,44694.1,12.73,13.64,1
TR-0882,2026-04-28,SKU-ORANGE-001,SKU-BLUE-001,18L,18L,0.6,2,6,1.0,day,1,20.86,35465.39,2.59,33051.63,8.1,9.48,0
TR-0883,2026-04-29,SKU-ORANGE-001,SKU-SILVER-001,18L,4L,0.6,2,3,1.0,night,2,25.05,42588.51,2.93,38384.44,12.28,11.39,0
TR-0884,2026-04-30,SKU-YELLOW-001,SKU-PURPLE-001,4L,18L,0.3,5,4,0.7,night,3,28.46,120963.3,3.69,42724.3,12.59,12.94,0
TR-0885,2026-05-01,SKU-RED-001,SKU-ORANGE-001,1L,4L,0.9,3,3,0.3,night,4,21.6,55085.7,2.47,33993.75,11.96,9.82,0
TR-0886,2026-05-02,SKU-BLACK-001,SKU-GRAY-001,4L,4L,0.3,4,2,0.3,day,5,25.37,86263.44,3.29,38791.13,8.51,11.53,0
TR-0887,2026-05-03,SKU-GRAY-001,SKU-WHITE-001,4L,1L,0.6,5,4,1.0,night,6,24.17,102716.49,3.05,37260.02,12.2,10.99,0
TR-0888,2026-05-04,SKU-WHITE-001,SKU-RED-001,1L,1L,0.6,5,3,0.7,night,0,24.43,103827.86,3.15,37592.84,8.42,11.1,0
TR-0889,2026-05-05,SKU-GREEN-001,SKU-RED-001,4L,4L,0.3,4,4,0.3,day,1,18.91,64279.68,2.13,30561.91,7.92,8.59,0
TR-0890,2026-05-06,SKU-YELLOW-001,SKU-GOLD-001,4L,1L,0.9,2,0,0.3,night,2,25.9,44021.94,2.91,39457.6,12.35,11.77,0
TR-0891,2026-05-07,SKU-YELLOW-001,SKU-BLACK-001,18L,18L,0.3,5,6,0.3,night,3,30.72,130580.93,4.13,45604.45,8.99,13.97,0
TR-0892,2026-05-08,SKU-RED-001,SKU-GOLD-001,1L,1L,0.6,5,1,0.7,night,4,24.05,102197.1,2.87,37104.48,8.39,10.93,0
TR-0893,2026-05-09,SKU-YELLOW-001,SKU-YELLOW-001,1L,18L,0.9,4,6,1.0,night,5,14.43,49072.93,1.57,19869.55,11.31,6.56,0
TR-0894,2026-05-10,SKU-BLUE-001,SKU-YELLOW-001,4L,18L,0.3,2,5,0.7,night,6,28.23,47992.94,3.61,42430.55,12.57,12.83,1
TR-0895,2026-05-11,SKU-IVORY-001,SKU-BLUE-001,18L,4L,0.6,2,3,0.7,night,0,28.64,48685.09,3.72,42948.73,12.6,13.02,0
TR-0896,2026-05-12,SKU-IVORY-001,SKU-RED-001,4L,4L,0.3,3,3,0.3,day,1,24.1,61454.14,3.03,37172.3,8.39,10.95,0
TR-0897,2026-05-13,SKU-PURPLE-001,SKU-BLUE-001,4L,4L,0.9,4,4,0.3,day,2,17.69,60140.39,1.99,29012.45,7.81,8.04,0
TR-0898,2026-05-14,SKU-SILVER-001,SKU-BLUE-001,18L,4L,0.3,3,2,0.3,night,3,32.74,83490.28,4.08,48170.73,12.98,14.88,1
TR-0899,2026-05-15,SKU-ORANGE-001,SKU-GOLD-001,18L,1L,0.6,3,7,0.3,night,4,28.12,71708.94,3.2,42290.56,12.56,12.78,0
TR-0900,2026-04-01,SKU-PURPLE-001,SKU-WHITE-001,18L,18L,0.9,4,6,0.3,day,2,29.9,101672.85,4.01,44559.35,8.92,13.59,1
TR-0901,2026-04-02,SKU-GREEN-001,SKU-GRAY-001,1L,18L,0.3,4,6,0.3,night,3,23.53,80010.7,2.71,36450.53,12.14,10.7,0
TR-0902,2026-04-03,SKU-RED-001,SKU-WHITE-001,4L,4L,0.6,3,7,0.3,day,4,27.17,69273.83,3.45,41075.17,8.67,12.35,0
TR-0903,2026-04-04,SKU-WHITE-001,SKU-SILVER-001,4L,1L,0.6,4,2,1.0,night,5,26.65,90595.18,3.08,40412.63,12.42,12.11,0
TR-0904,2026-04-05,SKU-WHITE-001,SKU-BLACK-001,1L,1L,0.3,3,4,0.7,night,6,31.38,80022.88,4.36,46440.12,9.05,14.26,0
TR-0905,2026-04-06,SKU-SILVER-001,SKU-YELLOW-001,18L,18L,0.3,5,3,1.0,day,0,21.17,89989.51,2.33,33448.73,8.12,9.62,1
TR-0906,2026-04-07,SKU-ORANGE-001,SKU-ORANGE-001,4L,1L,0.9,2,1,1.0,night,1,12.61,21440.41,1.38,17551.64,11.15,5.73,0
TR-0907,2026-04-08,SKU-GOLD-001,SKU-GOLD-001,1L,18L,0.3,3,3,0.3,day,2,16.39,41803.66,1.79,22364.57,11.49,7.45,0
TR-0908,2026-04-09,SKU-GOLD-001,SKU-WHITE-001,1L,18L,0.6,5,3,0.3,night,3,30.07,127784.2,3.52,44766.93,12.73,13.67,1
TR-0909,2026-04-10,SKU-RED-001,SKU-SILVER-001,18L,1L,0.6,2,7,0.7,night,4,29.86,50765.13,3.57,44505.98,12.71,13.57,0
TR-0910,2026-04-11,SKU-BLUE-001,SKU-GOLD-001,4L,18L,0.9,5,0,0.7,night,5,28.84,122574.72,3.59,43206.87,12.62,13.11,0
TR-0911,2026-04-12,SKU-RED-001,SKU-WHITE-001,1L,4L,0.3,2,7,1.0,night,6,28.51,48472.91,3.6,42789.88,12.59,12.96,0
TR-0912,2026-04-13,SKU-RED-001,SKU-GRAY-001,1L,18L,0.6,2,2,0.7,day,0,20.11,34191.88,2.27,32098.2,11.83,9.14,0
TR-0913,2026-04-14,SKU-WHITE-001,SKU-BLUE-001,1L,4L,0.6,4,1,1.0,day,1,29.01,98622.59,3.85,43417.55,12.64,13.18,0
TR-0914,2026-04-15,SKU-RED-001,SKU-IVORY-001,1L,18L,0.9,5,4,0.7,day,2,25.55,108591.39,3.19,39019.35,12.32,11.61,0
TR-0915,2026-04-16,SKU-GRAY-001,SKU-RED-001,1L,1L,0.3,3,4,0.7,night,3,19.16,48849.82,2.17,30881.37,7.94,8.71,0
TR-0916,2026-04-17,SKU-WHITE-001,SKU-GREEN-001,18L,18L,0.9,3,3,1.0,day,4,23.22,59201.29,3.09,36047.88,8.31,10.55,0
TR-0917,2026-04-18,SKU-IVORY-001,SKU-GRAY-001,18L,4L,0.3,5,7,0.7,night,5,25.4,107969.98,3.09,38833.26,12.31,11.55,0
TR-0918,2026-04-19,SKU-GOLD-001,SKU-PURPLE-001,4L,4L,0.6,2,4,0.3,night,6,29.13,49514.86,3.68,43569.95,8.85,13.24,1
TR-0919,2026-04-20,SKU-BLACK-001,SKU-GREEN-001,4L,4L,0.6,5,2,0.7,day,0,21.45,91160.02,2.72,33799.26,8.15,9.75,0
TR-0920,2026-04-21,SKU-GRAY-001,SKU-ORANGE-001,18L,4L,0.3,3,6,0.3,night,1,21.76,55479.73,2.41,34190.42,11.98,9.89,0
TR-0921,2026-04-22,SKU-IVORY-001,SKU-WHITE-001,18L,4L,0.3,3,6,0.3,day,2,18.73,47765.42,2.13,25340.14,11.7,8.51,0
TR-0922,2026-04-23,SKU-BLUE-001,SKU-RED-001,4L,1L,0.3,3,5,0.7,day,3,22.84,58253.39,2.69,35574.78,12.08,10.38,0
TR-0923,2026-04-24,SKU-ORANGE-001,SKU-BLACK-001,18L,1L,0.9,4,3,0.3,night,4,28.16,95739.03,3.63,42338.14,12.56,12.8,0
TR-0924,2026-04-25,SKU-BLUE-001,SKU-RED-001,1L,18L,0.3,3,4,0.7,day,5,22.52,57431.69,2.66,35164.66,12.05,10.24,0
TR-0925,2026-04-26,SKU-GRAY-001,SKU-WHITE-001,4L,1L,0.3,2,6,1.0,day,6,25.35,43090.62,3.18,38760.36,12.3,11.52,0
TR-0926,2026-04-27,SKU-SILVER-001,SKU-ORANGE-001,1L,18L,0.6,3,3,0.3,day,0,27.2,69363.2,3.17,41119.78,12.47,12.36,1
TR-0927,2026-04-28,SKU-BLACK-001,SKU-RED-001,18L,1L,0.6,2,0,0.3,night,1,24.9,42332.93,3.16,38193.1,12.26,11.32,0
TR-0928,2026-04-29,SKU-GRAY-001,SKU-BLUE-001,4L,18L,0.6,4,2,0.3,night,2,24.47,83187.08,2.95,37639.55,12.22,11.12,0
TR-0929,2026-04-30,SKU-GREEN-001,SKU-IVORY-001,1L,18L,0.9,3,5,0.3,night,3,27.03,68915.56,3.41,40896.36,12.46,12.28,0
TR-0930,2026-05-01,SKU-GRAY-001,SKU-WHITE-001,18L,1L,0.9,4,5,0.3,day,4,26.3,89422.63,3.28,39973.71,12.39,11.95,0
TR-0931,2026-05-02,SKU-ORANGE-001,SKU-BLUE-001,4L,18L,0.6,5,4,0.3,night,5,25.56,108641.96,3.1,39034.49,12.32,11.62,0
TR-0932,2026-05-03,SKU-IVORY-001,SKU-BLUE-001,1L,4L,0.3,2,7,0.3,day,6,31.56,53644.67,4.04,46661.78,12.87,14.34,0
TR-0933,2026-05-04,SKU-WHITE-001,SKU-GREEN-001,4L,4L,0.6,3,0,0.7,night,0,23.72,60497.87,3.14,36695.02,8.36,10.78,0
TR-0934,2026-05-05,SKU-SILVER-001,SKU-RED-001,1L,18L,0.6,3,1,0.7,night,1,27.28,69556.39,3.29,41216.2,12.48,12.4,1
TR-0935,2026-05-06,SKU-GREEN-001,SKU-WHITE-001,18L,1L,0.6,2,7,1.0,night,2,28.13,47813.85,3.62,42296.47,12.56,12.78,0
TR-0936,2026-05-07,SKU-RED-001,SKU-GRAY-001,4L,4L,0.3,2,0,0.7,night,3,17.8,30266.79,2.02,29159.63,7.82,8.09,0
TR-0937,2026-05-08,SKU-GOLD-001,SKU-ORANGE-001,18L,1L,0.9,4,2,1.0,day,4,24.15,82123.56,2.77,37241.44,12.2,10.98,1
TR-0938,2026-05-09,SKU-SILVER-001,SKU-ORANGE-001,18L,1L,0.6,5,1,1.0,night,5,25.05,106454.25,2.93,38379.35,12.28,11.39,1
TR-0939,2026-05-10,SKU-BLACK-001,SKU-ORANGE-001,4L,1L,0.6,5,0,0.7,day,6,26.17,111241.72,3.41,39813.03,12.38,11.9,0
TR-0940,2026-05-11,SKU-BLACK-001,SKU-PURPLE-001,4L,18L,0.9,3,3,0.7,day,0,20.92,53336.16,2.47,33120.54,11.9,9.51,0
TR-0941,2026-05-12,SKU-BLACK-001,SKU-IVORY-001,1L,4L,0.3,5,3,0.7,day,1,32.35,137499.7,4.37,47676.38,12.94,14.71,1
TR-0942,2026-05-13,SKU-GOLD-001,SKU-WHITE-001,4L,1L,0.6,2,7,0.3,night,2,31.23,53094.05,3.65,46249.55,12.84,14.2,1
TR-0943,2026-05-14,SKU-GREEN-001,SKU-SILVER-001,4L,18L,0.9,4,7,1.0,day,3,28.76,97795.83,3.52,43108.06,12.61,13.07,0
TR-0944,2026-05-15,SKU-BLUE-001,SKU-GOLD-001,18L,18L,0.6,3,4,0.7,day,4,27.71,70648.96,3.47,41761.51,8.72,12.59,0
TR-0945,2026-04-01,SKU-IVORY-001,SKU-WHITE-001,4L,18L,0.9,4,3,0.7,day,2,15.66,53260.29,1.8,21437.01,11.42,7.12,0
TR-0946,2026-04-02,SKU-IVORY-001,SKU-SILVER-001,18L,1L,0.9,5,2,0.7,day,3,25.31,107579.12,2.85,38716.21,12.3,11.51,0
TR-0947,2026-04-03,SKU-GOLD-001,SKU-GOLD-001,4L,18L,0.6,3,1,1.0,night,4,13.04,33259.82,1.42,18100.27,11.19,5.93,0
TR-0948,2026-04-04,SKU-GOLD-001,SKU-BLACK-001,1L,18L,0.9,3,1,1.0,day,5,31.8,81101.85,4.16,46978.64,12.89,14.46,1
TR-0949,2026-04-05,SKU-IVORY-001,SKU-PURPLE-001,1L,4L,0.3,3,4,0.7,night,6,29.58,75420.9,3.88,44143.23,12.69,13.44,0
TR-0950,2026-04-06,SKU-GOLD-001,SKU-ORANGE-001,18L,1L,0.9,4,2,0.7,day,0,24.55,83481.66,2.81,37749.82,12.23,11.16,1
TR-0951,2026-04-07,SKU-GRAY-001,SKU-WHITE-001,1L,18L,0.3,5,6,1.0,night,1,25.39,107918.67,3.18,38817.89,12.31,11.54,0
TR-0952,2026-04-08,SKU-BLUE-001,SKU-GREEN-001,4L,18L,0.3,2,3,0.3,night,2,22.57,38376.84,2.6,35231.33,12.05,10.26,0
TR-0953,2026-04-09,SKU-RED-001,SKU-YELLOW-001,18L,1L,0.9,5,5,0.3,day,3,25.99,110442.85,3.17,39573.8,12.36,11.81,0
TR-0954,2026-04-10,SKU-GRAY-001,SKU-ORANGE-001,4L,18L,0.6,5,7,1.0,night,4,19.54,83048.13,2.17,31370.03,11.78,8.88,0
TR-0955,2026-04-11,SKU-GRAY-001,SKU-RED-001,18L,4L,0.9,2,0,0.3,night,5,20.56,34944.14,2.32,32661.39,11.87,9.34,0
TR-0956,2026-04-12,SKU-GREEN-001,SKU-YELLOW-001,18L,4L,0.3,3,1,1.0,night,6,24.03,61270.79,3.02,37080.79,12.18,10.92,0
TR-0957,2026-04-13,SKU-PURPLE-001,SKU-RED-001,18L,4L,0.9,3,4,0.3,night,0,23.35,59534.58,2.8,36214.23,12.12,10.61,0
TR-0958,2026-04-14,SKU-SILVER-001,SKU-GREEN-001,4L,1L,0.6,5,5,0.7,night,1,29.39,124897.12,3.58,43902.35,12.67,13.36,1
TR-0959,2026-04-15,SKU-WHITE-001,SKU-IVORY-001,18L,1L,0.9,4,2,0.7,day,2,15.23,51780.1,1.75,20882.93,11.38,6.92,0
TR-0960,2026-04-16,SKU-BLUE-001,SKU-YELLOW-001,18L,4L,0.9,4,3,0.3,day,3,28.22,95938.12,3.61,42412.67,12.57,12.83,1
TR-0961,2026-04-17,SKU-YELLOW-001,SKU-GREEN-001,4L,1L,0.9,5,1,0.7,night,4,23.41,99486.3,2.95,36292.69,12.13,10.64,0
TR-0962,2026-04-18,SKU-PURPLE-001,SKU-SILVER-001,18L,4L,0.9,3,7,1.0,day,5,32.09,81826.47,4.07,47340.31,12.92,14.59,1
TR-0963,2026-04-19,SKU-YELLOW-001,SKU-GREEN-001,18L,1L,0.3,2,1,0.3,day,6,25.31,43021.68,3.16,38708.74,12.3,11.5,0
TR-0964,2026-04-20,SKU-BLUE-001,SKU-BLACK-001,4L,1L,0.3,4,4,0.7,day,0,22.86,77733.4,2.74,35598.06,12.08,10.39,0
TR-0965,2026-04-21,SKU-GRAY-001,SKU-IVORY-001,18L,18L,0.9,2,2,0.3,day,1,21.23,36089.63,2.64,33518.97,8.13,9.65,0
TR-0966,2026-04-22,SKU-IVORY-001,SKU-SILVER-001,18L,1L,0.3,5,3,1.0,day,2,25.41,107982.9,2.86,38837.12,12.31,11.55,0
TR-0967,2026-04-23,SKU-RED-001,SKU-PURPLE-001,1L,1L,0.6,2,3,0.7,day,3,19.2,32647.61,2.35,30942.06,7.95,8.73,0
TR-0968,2026-04-24,SKU-PURPLE-001,SKU-YELLOW-001,4L,1L,0.6,4,2,0.3,night,4,28.88,98179.59,3.74,43251.72,12.63,13.13,1
TR-0969,2026-04-25,SKU-GREEN-001,SKU-GRAY-001,4L,1L,0.9,4,7,0.3,day,5,23.3,79215.53,2.69,36152.87,12.12,10.59,0
TR-0970,2026-04-26,SKU-YELLOW-001,SKU-YELLOW-001,1L,4L,0.6,5,2,0.3,night,6,15.81,67186.33,1.72,21619.97,11.44,7.19,0
TR-0971,2026-04-27,SKU-GOLD-001,SKU-GRAY-001,18L,18L,0.3,3,5,0.7,day,0,24.43,62301.02,2.83,37594.98,8.42,11.11,1
TR-0972,2026-04-28,SKU-WHITE-001,SKU-ORANGE-001,4L,4L,0.6,3,4,1.0,night,1,21.91,55858.37,2.77,34379.4,8.19,9.96,0
TR-0973,2026-04-29,SKU-WHITE-001,SKU-BLUE-001,1L,1L,0.6,4,1,1.0,night,2,25.75,87550.52,3.5,39272.92,8.54,11.7,0
TR-0974,2026-04-30,SKU-GREEN-001,SKU-PURPLE-001,1L,1L,0.3,3,2,0.7,day,3,18.72,47747.37,2.23,30331.13,7.9,8.51,0
TR-0975,2026-05-01,SKU-WHITE-001,SKU-BLUE-001,18L,18L,0.3,5,7,1.0,day,4,28.0,119009.95,3.74,42139.34,8.75,12.73,0
TR-0976,2026-05-02,SKU-BLACK-001,SKU-IVORY-001,4L,4L,0.3,4,0,1.0,night,5,27.52,93573.28,3.85,41527.43,8.7,12.51,1
TR-0977,2026-05-03,SKU-ORANGE-001,SKU-RED-001,1L,1L,0.3,5,2,0.7,night,6,18.26,77625.85,2.1,29746.24,7.86,8.3,0
TR-0978,2026-05-04,SKU-GREEN-001,SKU-BLACK-001,18L,4L,0.9,5,3,0.7,night,0,24.24,103003.73,3.02,37346.04,12.2,11.02,0
TR-0979,2026-05-05,SKU-RED-001,SKU-PURPLE-001,18L,18L,0.9,2,6,0.7,night,1,19.54,33220.59,2.39,31371.03,7.98,8.88,0
TR-0980,2026-05-06,SKU-ORANGE-001,SKU-BLUE-001,18L,18L,0.6,4,6,1.0,night,2,21.19,72058.73,2.62,33473.86,8.13,9.63,0
TR-0981,2026-05-07,SKU-RED-001,SKU-PURPLE-001,4L,18L,0.6,2,1,0.7,day,3,21.81,37081.56,2.64,34261.6,11.98,9.91,0
TR-0982,2026-05-08,SKU-GRAY-001,SKU-YELLOW-001,1L,4L,0.9,3,6,0.3,night,4,23.88,60886.16,2.86,36888.82,12.17,10.85,0
TR-0983,2026-05-09,SKU-SILVER-001,SKU-GRAY-001,1L,18L,0.6,2,6,0.7,night,5,28.22,47971.92,3.31,42414.8,12.57,12.83,1
TR-0984,2026-05-10,SKU-WHITE-001,SKU-BLACK-001,1L,1L,0.6,4,3,1.0,day,6,30.23,102773.94,4.23,44971.53,8.95,13.74,0
TR-0985,2026-05-11,SKU-SILVER-001,SKU-ORANGE-001,1L,1L,0.3,3,2,0.3,day,0,24.59,62705.44,2.88,37796.83,8.44,11.18,1
TR-0986,2026-05-12,SKU-SILVER-001,SKU-SILVER-001,18L,1L,0.9,2,7,1.0,day,1,15.21,25858.45,1.66,20859.27,11.38,6.91,0
TR-0987,2026-05-13,SKU-BLACK-001,SKU-ORANGE-001,1L,18L,0.3,2,7,0.3,night,2,30.17,51289.01,3.85,44898.19,12.74,13.71,0
TR-0988,2026-05-14,SKU-SILVER-001,SKU-BLACK-001,1L,18L,0.3,3,7,1.0,day,3,35.37,90199.35,4.61,51519.28,13.22,16.08,1
TR-0989,2026-05-15,SKU-WHITE-001,SKU-RED-001,4L,4L,0.6,5,4,0.7,night,4,24.92,105893.72,3.21,38211.49,8.47,11.33,0
TR-0990,2026-04-01,SKU-WHITE-001,SKU-GRAY-001,4L,4L,0.9,3,2,0.3,day,2,22.85,58264.91,2.9,35580.53,8.28,10.39,0
TR-0991,2026-04-02,SKU-BLACK-001,SKU-RED-001,1L,18L,0.9,5,2,0.7,night,3,24.12,102505.12,3.08,37196.72,12.19,10.96,0
TR-0992,2026-04-03,SKU-BLACK-001,SKU-GREEN-001,18L,4L,0.6,4,2,0.3,night,4,25.02,85055.07,3.11,38338.8,12.27,11.37,0
TR-0993,2026-04-04,SKU-WHITE-001,SKU-ORANGE-001,1L,4L,0.3,3,3,0.7,night,5,25.05,63881.97,3.11,38384.05,12.28,11.39,0
TR-0994,2026-04-05,SKU-ORANGE-001,SKU-SILVER-001,4L,18L,0.9,4,4,0.7,day,6,26.63,90553.64,3.11,40397.09,12.42,12.11,0
TR-0995,2026-04-06,SKU-GREEN-001,SKU-ORANGE-001,1L,1L,0.6,4,5,0.7,day,0,18.98,64530.33,2.25,30655.74,7.93,8.63,0
TR-0996,2026-04-07,SKU-PURPLE-001,SKU-PURPLE-001,4L,18L,0.6,4,0,1.0,night,1,13.07,44445.36,1.43,18137.3,11.19,5.94,0
TR-0997,2026-04-08,SKU-BLUE-001,SKU-GOLD-001,1L,4L,0.6,4,6,1.0,night,2,30.62,104091.2,3.78,45464.62,12.78,13.92,0
TR-0998,2026-04-09,SKU-GREEN-001,SKU-GOLD-001,18L,18L,0.6,4,0,0.7,day,3,24.07,81833.63,2.94,37132.91,8.39,10.94,0
TR-0999,2026-04-10,SKU-GOLD-001,SKU-BLACK-001,1L,4L,0.9,5,3,1.0,night,4,32.09,136366.29,4.19,47336.96,12.92,14.58,1
TR-1000,2026-04-11,SKU-PURPLE-001,SKU-BLUE-001,18L,18L,0.3,2,2,0.7,day,5,16.7,28384.51,1.88,27750.44,7.72,7.59,0
TR-1001,2026-04-12,SKU-ORANGE-001,SKU-PURPLE-001,1L,4L,0.9,2,4,0.7,night,6,24.13,41026.44,3.0,37214.98,12.19,10.97,0
TR-1002,2026-04-13,SKU-GREEN-001,SKU-WHITE-001,1L,4L,0.3,3,3,1.0,day,0,27.54,70220.01,3.56,41547.42,12.5,12.52,0
TR-1003,2026-04-14,SKU-ORANGE-001,SKU-BLUE-001,4L,4L,0.3,4,3,1.0,night,1,20.94,71210.18,2.6,33156.22,8.1,9.52,0
TR-1004,2026-04-15,SKU-BLUE-001,SKU-GRAY-001,1L,18L,0.9,2,0,0.7,day,2,21.9,37231.45,2.67,34373.81,11.99,9.95,0
TR-1005,2026-04-16,SKU-GOLD-001,SKU-GRAY-001,4L,4L,0.3,5,0,0.7,night,3,23.26,98870.19,2.7,36108.19,8.31,10.57,1
TR-1006,2026-04-17,SKU-YELLOW-001,SKU-RED-001,1L,18L,0.3,5,5,0.3,day,4,26.38,112099.69,3.21,40069.96,12.4,11.99,0
TR-1007,2026-04-18,SKU-PURPLE-001,SKU-IVORY-001,1L,18L,0.6,5,7,0.3,day,5,31.1,132170.44,4.05,46080.45,12.83,14.14,1
TR-1008,2026-04-19,SKU-BLACK-001,SKU-GOLD-001,18L,4L,0.3,3,0,1.0,day,6,32.39,82584.59,4.22,47718.69,12.94,14.72,0
TR-1009,2026-04-20,SKU-BLACK-001,SKU-BLUE-001,18L,4L,0.6,2,7,1.0,day,0,22.54,38316.66,2.7,35186.27,12.05,10.25,0
TR-1010,2026-04-21,SKU-BLACK-001,SKU-BLUE-001,18L,4L,0.6,4,4,0.3,day,1,23.71,80606.14,2.83,36673.42,12.16,10.78,0
TR-1011,2026-04-22,SKU-PURPLE-001,SKU-GREEN-001,4L,4L,0.9,5,6,0.3,night,2,20.91,88853.99,2.47,33108.68,8.1,9.5,0
TR-1012,2026-04-23,SKU-IVORY-001,SKU-BLACK-001,1L,1L,0.6,2,4,0.3,night,3,30.74,52259.0,4.2,45624.38,8.99,13.97,0
TR-1013,2026-04-24,SKU-IVORY-001,SKU-BLUE-001,1L,1L,0.3,3,5,1.0,day,4,25.85,65926.3,3.42,39404.39,8.55,11.75,0
TR-1014,2026-04-25,SKU-BLACK-001,SKU-GREEN-001,18L,1L,0.3,3,0,1.0,day,5,22.86,58291.29,2.87,35593.69,12.08,10.39,0
TR-1015,2026-04-26,SKU-BLUE-001,SKU-BLUE-001,1L,4L,0.9,4,4,1.0,night,6,13.76,46768.47,1.5,19006.91,11.25,6.25,0
TR-1016,2026-04-27,SKU-GREEN-001,SKU-SILVER-001,1L,4L,0.6,3,3,0.7,day,0,29.04,74046.05,3.55,43457.03,12.64,13.2,0
TR-1017,2026-04-28,SKU-GRAY-001,SKU-ORANGE-001,1L,4L,0.9,2,4,1.0,day,1,18.29,31086.69,2.03,29773.46,11.66,8.31,0
TR-1018,2026-04-29,SKU-SILVER-001,SKU-PURPLE-001,4L,1L,0.3,4,6,1.0,night,2,32.18,109396.48,4.08,47450.56,12.93,14.63,1
TR-1019,2026-04-30,SKU-GOLD-001,SKU-PURPLE-001,4L,4L,0.6,5,7,0.3,night,3,30.18,128283.82,3.79,44916.54,8.94,13.72,1
TR-1020,2026-05-01,SKU-GOLD-001,SKU-YELLOW-001,4L,1L,0.3,3,1,0.3,day,4,26.23,66881.87,2.95,39881.33,12.38,11.92,1
TR-1021,2026-05-02,SKU-SILVER-001,SKU-GRAY-001,4L,4L,0.6,2,0,0.3,night,5,24.15,41050.27,2.87,37232.82,8.4,10.98,1
TR-1022,2026-05-03,SKU-ORANGE-001,SKU-GOLD-001,18L,18L,0.9,3,3,0.3,day,6,23.8,60685.73,2.73,36788.78,8.36,10.82,0
TR-1023,2026-05-04,SKU-BLACK-001,SKU-GRAY-001,1L,4L,0.3,5,2,0.3,day,0,27.95,118786.41,3.57,42072.4,12.54,12.7,0
TR-1024,2026-05-05,SKU-WHITE-001,SKU-GOLD-001,4L,1L,0.6,4,0,0.3,day,1,28.81,97944.37,3.39,43163.67,12.62,13.09,0
TR-1025,2026-05-06,SKU-YELLOW-001,SKU-IVORY-001,1L,18L,0.6,3,5,1.0,night,2,19.69,50201.82,2.21,31556.17,11.79,8.95,0
TR-1026,2026-05-07,SKU-BLACK-001,SKU-RED-001,4L,18L,0.3,4,5,0.3,day,3,26.96,91661.18,3.39,40811.67,12.45,12.25,0
TR-1027,2026-05-08,SKU-RED-001,SKU-BLUE-001,1L,1L,0.3,3,4,1.0,night,4,18.94,48305.43,2.27,30609.66,7.92,8.61,0
TR-1028,2026-05-09,SKU-GREEN-001,SKU-BLUE-001,18L,4L,0.9,2,3,0.7,night,5,21.08,35827.71,2.43,33322.88,11.92,9.58,0
TR-1029,2026-05-10,SKU-GREEN-001,SKU-PURPLE-001,1L,4L,0.9,3,2,0.3,day,6,21.85,55710.66,2.57,34305.68,11.99,9.93,0
TR-1030,2026-05-11,SKU-YELLOW-001,SKU-GREEN-001,1L,1L,0.3,2,7,0.3,night,0,25.29,42990.66,3.16,38685.52,8.5,11.49,0
TR-1031,2026-05-12,SKU-GOLD-001,SKU-GRAY-001,4L,1L,0.3,2,3,1.0,day,1,26.29,44696.92,3.03,39962.93,12.39,11.95,1
TR-1032,2026-05-13,SKU-IVORY-001,SKU-BLACK-001,4L,18L,0.3,3,7,0.7,day,2,34.12,87014.14,4.57,49929.52,13.1,15.51,0
TR-1033,2026-05-14,SKU-SILVER-001,SKU-IVORY-001,18L,4L,0.3,3,6,0.7,day,3,26.88,68531.41,3.02,40704.63,12.44,12.22,1
TR-1034,2026-05-15,SKU-YELLOW-001,SKU-WHITE-001,4L,4L,0.3,2,6,0.3,day,4,20.89,35508.4,2.43,33083.83,8.1,9.49,0
TR-1035,2026-04-01,SKU-IVORY-001,SKU-SILVER-001,18L,1L,0.3,5,6,1.0,night,2,26.52,112694.28,2.98,40248.02,12.41,12.05,0
TR-1036,2026-04-02,SKU-GOLD-001,SKU-GREEN-001,1L,4L,0.3,3,0,0.7,night,3,27.5,70123.52,3.31,41499.26,12.5,12.5,1
TR-1037,2026-04-03,SKU-GRAY-001,SKU-WHITE-001,4L,18L,0.9,3,1,0.3,day,4,24.8,63237.17,3.12,38062.22,12.25,11.27,0
TR-1038,2026-04-04,SKU-GREEN-001,SKU-BLACK-001,4L,1L,0.9,4,0,1.0,day,5,22.7,77173.6,2.85,35388.52,12.06,10.32,0
TR-1039,2026-04-05,SKU-IVORY-001,SKU-SILVER-001,4L,18L,0.3,5,3,0.3,night,6,27.27,115884.24,3.06,41203.3,12.48,12.39,0
TR-1040,2026-04-06,SKU-IVORY-001,SKU-RED-001,4L,4L,0.6,5,1,0.7,night,0,22.46,95440.76,2.85,35081.19,8.24,10.21,0
TR-1041,2026-04-07,SKU-GRAY-001,SKU-BLACK-001,4L,4L,0.9,4,3,1.0,day,1,23.26,79099.11,3.06,36109.29,8.31,10.57,0
TR-1042,2026-04-08,SKU-GREEN-001,SKU-ORANGE-001,18L,1L,0.3,2,7,0.7,day,2,23.23,39482.81,2.71,36059.32,12.11,10.56,0
TR-1043,2026-04-09,SKU-SILVER-001,SKU-WHITE-001,18L,4L,0.6,2,7,0.7,day,3,28.48,48411.3,3.28,42743.75,12.59,12.94,1
TR-1044,2026-04-10,SKU-IVORY-001,SKU-GRAY-001,4L,18L,0.3,2,0,1.0,day,4,21.93,37274.75,2.71,34406.23,11.99,9.97,0
TR-1045,2026-04-11,SKU-RED-001,SKU-BLACK-001,1L,1L,0.6,5,6,1.0,day,5,22.2,94347.9,2.87,34753.92,8.22,10.09,0
TR-1046,2026-04-12,SKU-ORANGE-001,SKU-RED-001,18L,4L,0.6,2,7,0.3,day,6,23.35,39689.72,2.66,36214.23,12.12,10.61,0
TR-1047,2026-04-13,SKU-YELLOW-001,SKU-PURPLE-001,1L,1L,0.6,3,0,0.7,night,0,23.98,61138.11,3.2,37014.57,8.38,10.9,0
TR-1048,2026-04-14,SKU-GRAY-001,SKU-BLACK-001,4L,18L,0.9,5,2,0.7,night,1,26.69,113434.95,3.43,40469.82,12.43,12.13,0
TR-1049,2026-04-15,SKU-GREEN-001,SKU-BLACK-001,18L,4L,0.3,5,7,0.7,night,2,25.82,109745.84,3.19,39365.06,12.35,11.74,0
TR-1050,2026-04-16,SKU-ORANGE-001,SKU-YELLOW-001,1L,1L,0.9,5,7,0.7,night,3,19.95,84800.75,2.4,31894.88,8.01,9.07,0
TR-1051,2026-04-17,SKU-GRAY-001,SKU-GOLD-001,18L,4L,0.6,5,1,1.0,night,4,24.96,106094.25,2.89,38271.54,12.27,11.35,0
TR-1052,2026-04-18,SKU-WHITE-001,SKU-GOLD-001,4L,1L,0.6,5,4,0.7,night,5,29.0,123231.16,3.41,43403.45,12.64,13.18,0
TR-1053,2026-04-19,SKU-GOLD-001,SKU-GREEN-001,18L,1L,0.3,4,6,0.7,night,6,29.2,99267.56,3.5,43658.98,12.65,13.27,1
TR-1054,2026-04-20,SKU-IVORY-001,SKU-YELLOW-001,1L,18L,0.6,2,7,0.3,night,0,22.56,38343.78,2.53,35206.57,12.05,10.25,0
TR-1055,2026-04-21,SKU-SILVER-001,SKU-YELLOW-001,1L,1L,0.6,3,3,0.3,night,1,22.68,57824.84,2.5,35360.88,8.26,10.31,1
TR-1056,2026-04-22,SKU-YELLOW-001,SKU-ORANGE-001,1L,18L,0.9,4,0,1.0,day,2,19.96,67847.68,2.4,31897.53,11.81,9.07,0
TR-1057,2026-04-23,SKU-PURPLE-001,SKU-ORANGE-001,18L,1L,0.6,3,7,0.7,night,3,25.31,64540.95,3.13,38712.95,12.3,11.5,0
TR-1058,2026-04-24,SKU-YELLOW-001,SKU-GREEN-001,4L,4L,0.9,3,1,1.0,night,4,20.36,51920.46,2.62,32413.95,8.05,9.25,0
TR-1059,2026-04-25,SKU-IVORY-001,SKU-BLACK-001,1L,1L,0.6,4,4,0.7,day,5,29.27,99512.43,4.04,43750.64,8.86,13.3,0
TR-1060,2026-04-26,SKU-GRAY-001,SKU-WHITE-001,18L,18L,0.3,4,0,0.3,night,6,23.01,78250.37,2.92,35791.58,8.29,10.46,0
TR-1061,2026-04-27,SKU-BLUE-001,SKU-IVORY-001,1L,4L,0.6,3,1,0.3,night,0,28.59,72912.27,3.72,42891.15,12.6,13.0,1
TR-1062,2026-04-28,SKU-SILVER-001,SKU-GREEN-001,1L,1L,0.3,5,5,0.7,day,1,27.08,115106.26,3.33,40970.32,8.66,12.31,1
TR-1063,2026-04-29,SKU-GREEN-001,SKU-GREEN-001,18L,4L,0.3,5,2,0.3,day,2,16.13,68540.71,1.76,22025.56,11.47,7.33,0
TR-1064,2026-04-30,SKU-RED-001,SKU-RED-001,4L,1L,0.3,4,1,0.3,night,3,15.41,52392.38,1.68,21112.12,11.4,7.0,0
TR-1065,2026-05-01,SKU-GOLD-001,SKU-RED-001,1L,18L,0.3,4,0,0.3,day,4,27.83,94638.78,3.28,41926.28,12.53,12.65,1
TR-1066,2026-05-02,SKU-SILVER-001,SKU-BLACK-001,4L,18L,0.3,4,0,0.3,day,5,35.0,118991.7,4.57,51042.35,13.18,15.91,1
TR-1067,2026-05-03,SKU-IVORY-001,SKU-ORANGE-001,1L,1L,0.9,5,5,0.3,day,6,21.68,92161.0,2.65,34099.01,8.17,9.86,0
TR-1068,2026-05-04,SKU-GREEN-001,SKU-BLACK-001,1L,1L,0.9,2,4,1.0,night,0,20.95,35614.15,2.66,33163.0,8.1,9.52,0
TR-1069,2026-05-05,SKU-GREEN-001,SKU-ORANGE-001,4L,18L,0.6,4,2,0.7,night,1,20.73,70473.71,2.44,32880.53,11.88,9.42,0
TR-1070,2026-05-06,SKU-PURPLE-001,SKU-WHITE-001,4L,1L,0.9,2,1,0.3,night,2,30.4,51672.65,4.06,45185.41,12.76,13.82,1
TR-1071,2026-05-07,SKU-YELLOW-001,SKU-YELLOW-001,1L,1L,0.6,5,5,0.7,day,3,12.61,53601.62,1.38,17551.82,7.35,5.73,0
TR-1072,2026-05-08,SKU-PURPLE-001,SKU-WHITE-001,18L,4L,0.6,5,4,0.7,day,4,30.64,130207.27,4.09,45492.55,12.79,13.93,1
TR-1073,2026-05-09,SKU-BLACK-001,SKU-YELLOW-001,18L,18L,0.9,3,1,1.0,night,5,25.95,66183.08,3.61,39532.55,8.56,11.8,1
TR-1074,2026-05-10,SKU-RED-001,SKU-ORANGE-001,18L,1L,0.9,3,1,0.7,day,6,19.51,49745.25,2.24,31328.29,11.77,8.87,0
TR-1075,2026-05-11,SKU-SILVER-001,SKU-ORANGE-001,4L,1L,0.6,4,1,0.3,night,0,26.41,89787.34,3.08,40110.23,12.4,12.0,1
TR-1076,2026-05-12,SKU-PURPLE-001,SKU-IVORY-001,1L,1L,0.6,3,2,1.0,night,1,24.95,63631.02,3.38,38258.8,8.47,11.34,1
TR-1077,2026-05-13,SKU-GOLD-001,SKU-GOLD-001,4L,1L,0.6,5,3,0.3,night,2,16.1,68428.37,1.76,21991.92,11.46,7.32,0
TR-1078,2026-05-14,SKU-BLACK-001,SKU-PURPLE-001,4L,18L,0.6,5,7,0.7,night,3,22.39,95160.84,2.63,34997.36,12.04,10.18,0
TR-1079,2026-05-15,SKU-GRAY-001,SKU-IVORY-001,4L,18L,0.9,5,6,0.7,day,4,23.75,100920.48,2.91,36722.18,12.16,10.79,0
TR-1080,2026-04-01,SKU-RED-001,SKU-PURPLE-001,1L,18L,0.9,3,0,0.3,day,2,21.59,55042.78,2.61,33972.33,11.96,9.81,0
TR-1081,2026-04-02,SKU-GRAY-001,SKU-BLACK-001,18L,4L,0.9,3,2,0.3,day,3,27.34,69726.26,3.51,41300.99,12.49,12.43,0
TR-1082,2026-04-03,SKU-YELLOW-001,SKU-RED-001,1L,1L,0.6,4,0,0.3,night,4,21.72,73836.13,2.7,34139.19,8.17,9.87,0
TR-1083,2026-04-04,SKU-BLUE-001,SKU-IVORY-001,18L,18L,0.6,5,7,0.7,day,5,27.55,117103.71,3.61,41568.49,8.7,12.52,1
TR-1084,2026-04-05,SKU-GREEN-001,SKU-SILVER-001,18L,18L,0.3,4,4,0.7,night,6,26.55,90274.79,3.27,40292.7,8.61,12.07,0
TR-1085,2026-04-06,SKU-IVORY-001,SKU-GRAY-001,1L,18L,0.6,2,6,1.0,night,0,23.64,40189.22,2.9,36588.19,12.15,10.75,0
TR-1086,2026-04-07,SKU-BLACK-001,SKU-SILVER-001,18L,4L,0.3,3,4,0.3,day,1,36.8,93835.5,4.77,53334.12,13.35,16.73,1
TR-1087,2026-04-08,SKU-ORANGE-001,SKU-GRAY-001,18L,1L,0.9,2,2,0.3,night,2,20.07,34114.52,2.22,32040.29,11.82,9.12,0
TR-1088,2026-04-09,SKU-PURPLE-001,SKU-GRAY-001,18L,18L,0.6,2,2,0.3,day,3,22.27,37859.13,2.76,34843.73,8.22,10.12,0
TR-1089,2026-04-10,SKU-PURPLE-001,SKU-IVORY-001,18L,1L,0.6,3,4,0.7,night,4,29.52,75286.91,3.88,44076.36,12.68,13.42,1
TR-1090,2026-04-11,SKU-GRAY-001,SKU-BLACK-001,4L,1L,0.3,5,0,1.0,night,5,25.93,110212.73,3.35,39504.88,12.36,11.79,0
TR-1091,2026-04-12,SKU-BLUE-001,SKU-IVORY-001,4L,4L,0.9,3,6,0.7,night,6,26.16,66703.62,3.45,39792.36,8.58,11.89,1
TR-1092,2026-04-13,SKU-ORANGE-001,SKU-BLACK-001,4L,18L,0.3,4,6,1.0,night,0,28.11,95563.44,3.62,42272.41,12.56,12.78,0
TR-1093,2026-04-14,SKU-ORANGE-001,SKU-YELLOW-001,1L,18L,0.3,3,1,0.3,day,1,23.29,59399.64,2.76,36146.88,12.12,10.59,0
TR-1094,2026-04-15,SKU-BLUE-001,SKU-GOLD-001,4L,18L,0.3,5,3,0.3,day,2,31.21,132640.93,3.85,46221.35,12.84,14.19,0
TR-1095,2026-04-16,SKU-PURPLE-001,SKU-BLACK-001,4L,4L,0.6,4,7,0.3,day,3,21.02,71478.01,2.48,33256.48,8.11,9.56,0
TR-1096,2026-04-17,SKU-ORANGE-001,SKU-BLUE-001,4L,4L,0.6,5,6,1.0,night,4,21.11,89730.28,2.61,33371.1,8.12,9.6,0
TR-1097,2026-04-18,SKU-ORANGE-001,SKU-GREEN-001,18L,18L,0.9,3,6,0.3,day,5,20.28,51706.13,2.39,32306.98,8.04,9.22,0
TR-1098,2026-04-19,SKU-BLUE-001,SKU-WHITE-001,1L,1L,0.9,2,1,0.3,night,6,27.07,46027.46,3.64,40959.06,8.66,12.31,1
TR-1099,2026-04-20,SKU-GREEN-001,SKU-GREEN-001,1L,1L,0.6,2,4,1.0,day,0,11.5,19541.64,1.25,16130.1,7.25,5.23,0
TR-1100,2026-04-21,SKU-GOLD-001,SKU-IVORY-001,18L,1L,0.9,2,3,1.0,night,1,26.11,44391.84,3.0,39734.53,12.37,11.87,1
TR-1101,2026-04-22,SKU-BLUE-001,SKU-WHITE-001,1L,1L,0.6,2,6,1.0,night,2,27.26,46347.49,3.66,41198.65,8.68,12.39,1
TR-1102,2026-04-23,SKU-GREEN-001,SKU-SILVER-001,1L,18L,0.9,4,6,1.0,day,3,28.81,97938.93,3.52,43161.63,12.62,13.09,0
TR-1103,2026-04-24,SKU-RED-001,SKU-GRAY-001,1L,4L,0.3,4,6,1.0,night,4,21.52,73183.05,2.43,33894.73,11.96,9.78,0
TR-1104,2026-04-25,SKU-SILVER-001,SKU-IVORY-001,4L,18L,0.3,5,7,0.3,day,5,28.88,122730.35,3.24,43253.47,12.63,13.13,1
TR-1105,2026-04-26,SKU-RED-001,SKU-GOLD-001,18L,1L,0.9,3,3,0.7,day,6,26.46,67468.67,3.13,40174.2,12.41,12.03,0
TR-1106,2026-04-27,SKU-PURPLE-001,SKU-PURPLE-001,18L,4L,0.9,4,1,0.3,day,0,14.87,50565.66,1.62,20428.32,11.35,6.76,0
TR-1107,2026-04-28,SKU-ORANGE-001,SKU-PURPLE-001,4L,4L,0.3,2,2,0.3,day,1,22.74,38660.97,2.85,35444.04,8.27,10.34,0
TR-1108,2026-04-29,SKU-BLUE-001,SKU-YELLOW-001,4L,1L,0.3,5,6,0.3,day,2,30.06,127740.02,3.81,44753.7,12.73,13.66,1
TR-1109,2026-04-30,SKU-SILVER-001,SKU-GREEN-001,4L,1L,0.9,2,4,0.3,night,3,29.45,50071.26,3.59,43986.51,12.68,13.39,1
TR-1110,2026-05-01,SKU-YELLOW-001,SKU-IVORY-001,4L,18L,0.3,4,7,1.0,night,4,20.54,69827.6,2.31,32638.67,11.87,9.34,0
TR-1111,2026-05-02,SKU-GOLD-001,SKU-BLACK-001,4L,1L,0.9,2,0,0.7,day,5,32.0,54405.4,4.18,47231.31,12.91,14.55,1
TR-1112,2026-05-03,SKU-IVORY-001,SKU-BLUE-001,1L,4L,0.3,3,4,1.0,night,6,28.07,71568.94,3.66,42220.68,12.55,12.76,0
TR-1113,2026-05-04,SKU-PURPLE-001,SKU-ORANGE-001,18L,18L,0.9,3,3,0.7,day,0,21.14,53910.98,2.67,33407.44,8.12,9.61,0
TR-1114,2026-05-05,SKU-BLACK-001,SKU-WHITE-001,4L,18L,0.6,2,7,0.7,night,1,34.81,59185.18,4.73,50809.76,13.16,15.82,1
TR-1115,2026-05-06,SKU-WHITE-001,SKU-BLUE-001,1L,1L,0.3,4,5,1.0,night,2,27.82,94575.52,3.72,41902.6,8.73,12.64,0
TR-1116,2026-05-07,SKU-YELLOW-001,SKU-BLUE-001,4L,18L,0.3,3,3,0.3,night,3,29.15,74335.93,3.71,43601.71,12.65,13.25,0
TR-1117,2026-05-08,SKU-GRAY-001,SKU-WHITE-001,4L,4L,0.6,5,7,0.3,day,4,24.78,105321.98,3.11,38040.27,8.45,11.26,0
TR-1118,2026-05-09,SKU-BLACK-001,SKU-GREEN-001,4L,18L,0.9,4,1,1.0,night,5,22.41,76190.58,2.82,35020.54,12.04,10.19,0
TR-1119,2026-05-10,SKU-YELLOW-001,SKU-GREEN-001,1L,18L,0.3,2,2,0.3,night,6,25.67,43639.53,3.2,39171.31,12.33,11.67,0
TR-1120,2026-05-11,SKU-PURPLE-001,SKU-GOLD-001,1L,18L,0.6,2,3,0.3,day,0,32.07,54516.2,4.0,47314.27,12.92,14.58,0
TR-1121,2026-05-12,SKU-BLACK-001,SKU-GOLD-001,1L,4L,0.6,5,7,1.0,day,1,33.98,144417.41,4.4,49748.0,13.09,15.45,0
TR-1122,2026-05-13,SKU-GRAY-001,SKU-ORANGE-001,18L,18L,0.9,5,1,0.7,day,2,15.69,66694.49,1.75,26472.68,7.63,7.13,0
TR-1123,2026-05-14,SKU-GOLD-001,SKU-YELLOW-001,4L,4L,0.9,3,3,1.0,day,3,21.87,55772.18,2.47,34336.38,8.19,9.94,1
TR-1124,2026-05-15,SKU-WHITE-001,SKU-SILVER-001,18L,4L,0.9,4,4,0.7,night,4,27.75,94339.57,3.2,41814.28,12.52,12.61,0
TR-1125,2026-04-01,SKU-IVORY-001,SKU-SILVER-001,1L,1L,0.9,2,0,1.0,day,2,21.11,35894.27,2.39,33372.72,8.12,9.6,0
TR-1126,2026-04-02,SKU-GOLD-001,SKU-GREEN-001,1L,18L,0.9,2,5,0.7,day,3,27.72,47120.14,3.33,41777.11,12.52,12.6,1
TR-1127,2026-04-03,SKU-ORANGE-001,SKU-GRAY-001,18L,4L,0.9,4,5,0.7,day,4,19.63,66730.34,2.17,31479.27,11.78,8.92,0
TR-1128,2026-04-04,SKU-IVORY-001,SKU-SILVER-001,4L,4L,0.6,3,5,0.3,night,5,24.57,62643.11,2.77,37765.72,8.43,11.17,0
TR-1129,2026-04-05,SKU-GREEN-001,SKU-SILVER-001,18L,18L,0.6,3,6,1.0,night,6,25.72,65585.06,3.18,39234.08,8.54,11.69,0
TR-1130,2026-04-06,SKU-WHITE-001,SKU-BLUE-001,4L,4L,0.6,3,5,1.0,night,0,26.89,68568.59,3.62,40723.18,8.64,12.22,0
TR-1131,2026-04-07,SKU-BLUE-001,SKU-GREEN-001,4L,18L,0.3,2,7,1.0,day,1,22.35,37998.23,2.57,34947.87,12.03,10.16,0
TR-1132,2026-04-08,SKU-BLUE-001,SKU-RED-001,4L,4L,0.3,2,0,0.3,night,2,18.89,32105.97,2.26,30536.56,7.92,8.58,0
TR-1133,2026-04-09,SKU-WHITE-001,SKU-YELLOW-001,4L,1L,0.6,5,6,1.0,day,3,21.95,93277.22,2.55,34433.28,12.0,9.98,0
TR-1134,2026-04-10,SKU-BLACK-001,SKU-BLACK-001,4L,1L,0.3,4,6,1.0,night,4,15.26,51888.16,1.66,20923.37,11.39,6.94,0
TR-1135,2026-04-11,SKU-PURPLE-001,SKU-SILVER-001,1L,4L,0.3,2,4,0.3,night,5,34.04,57859.85,4.28,49817.54,13.09,15.47,1
TR-1136,2026-04-12,SKU-ORANGE-001,SKU-ORANGE-001,18L,1L,0.9,2,2,0.3,day,6,15.37,26133.62,1.68,21065.28,11.4,6.99,0
TR-1137,2026-04-13,SKU-SILVER-001,SKU-YELLOW-001,18L,1L,0.9,2,3,1.0,day,0,23.72,40319.72,2.61,36685.89,12.16,10.78,1
TR-1138,2026-04-14,SKU-YELLOW-001,SKU-RED-001,1L,1L,0.3,5,4,0.7,night,1,22.64,96231.94,2.8,35318.12,8.26,10.29,0
TR-1139,2026-04-15,SKU-GRAY-001,SKU-GREEN-001,4L,4L,0.6,2,4,0.3,day,2,19.56,33248.84,2.28,31392.18,7.98,8.89,0
TR-1140,2026-04-16,SKU-BLACK-001,SKU-BLUE-001,1L,1L,0.3,4,2,0.7,day,3,19.16,65130.7,2.33,30880.47,7.94,8.71,0
TR-1141,2026-04-17,SKU-SILVER-001,SKU-ORANGE-001,18L,4L,0.9,5,4,0.7,night,4,25.84,109809.99,3.02,39384.27,12.35,11.74,1
TR-1142,2026-04-18,SKU-ORANGE-001,SKU-YELLOW-001,18L,18L,0.9,2,0,0.7,night,5,17.67,30039.76,2.15,28989.66,7.81,8.03,0
TR-1143,2026-04-19,SKU-YELLOW-001,SKU-GOLD-001,1L,18L,0.6,4,0,0.3,day,6,25.52,86758.73,2.87,38976.53,12.32,11.6,0
TR-1144,2026-04-20,SKU-PURPLE-001,SKU-GREEN-001,4L,18L,0.3,2,0,0.3,night,0,22.31,37930.87,2.62,34897.45,12.03,10.14,0
TR-1145,2026-04-21,SKU-BLUE-001,SKU-GOLD-001,4L,1L,0.6,5,7,1.0,night,1,30.81,130950.2,3.81,45715.03,12.8,14.01,0
TR-1146,2026-04-22,SKU-IVORY-001,SKU-PURPLE-001,1L,1L,0.9,3,2,1.0,night,2,25.11,64027.69,3.39,38456.78,8.48,11.41,0
TR-1147,2026-04-23,SKU-SILVER-001,SKU-WHITE-001,1L,18L,0.9,5,2,0.3,night,3,27.4,116451.0,3.17,41373.03,12.49,12.45,1
TR-1148,2026-04-24,SKU-IVORY-001,SKU-ORANGE-001,4L,18L,0.3,2,7,0.7,night,4,25.2,42834.68,3.04,38568.75,12.29,11.45,0
TR-1149,2026-04-25,SKU-GREEN-001,SKU-YELLOW-001,1L,4L,0.6,4,6,0.3,day,5,27.07,92029.88,3.35,40949.69,12.46,12.3,0
TR-1150,2026-04-26,SKU-GREEN-001,SKU-BLUE-001,1L,4L,0.9,4,2,0.3,night,6,21.11,71787.79,2.44,33372.43,11.92,9.6,0
TR-1151,2026-04-27,SKU-BLACK-001,SKU-BLUE-001,4L,18L,0.9,5,5,0.3,night,0,23.3,99045.55,2.79,36160.7,12.12,10.59,0
TR-1152,2026-04-28,SKU-BLACK-001,SKU-GREEN-001,18L,4L,0.3,4,4,1.0,night,1,24.04,81735.31,3.0,37096.1,12.19,10.93,0
TR-1153,2026-04-29,SKU-IVORY-001,SKU-GOLD-001,18L,18L,0.6,5,3,0.3,night,2,24.92,105910.3,2.87,38216.45,8.47,11.33,0
TR-1154,2026-04-30,SKU-GREEN-001,SKU-GRAY-001,18L,4L,0.3,4,3,0.7,day,3,21.34,72544.29,2.47,33655.62,11.94,9.7,0
TR-1155,2026-05-01,SKU-ORANGE-001,SKU-RED-001,18L,1L,0.6,3,1,1.0,night,4,19.27,49130.44,2.21,31021.43,11.75,8.76,0
TR-1156,2026-05-02,SKU-BLUE-001,SKU-SILVER-001,4L,1L,0.6,2,5,0.3,day,5,33.0,56106.15,4.11,48504.61,13.0,15.0,1
TR-1157,2026-05-03,SKU-SILVER-001,SKU-WHITE-001,4L,18L,0.6,4,6,0.3,night,6,29.26,99489.5,3.37,43742.06,12.66,13.3,1
TR-1158,2026-05-04,SKU-IVORY-001,SKU-SILVER-001,18L,4L,0.3,4,1,0.7,night,0,25.62,87121.44,2.88,39112.3,12.33,11.65,0
TR-1159,2026-05-05,SKU-ORANGE-001,SKU-RED-001,18L,1L,0.6,2,2,0.7,night,1,20.45,34764.07,2.34,32526.57,11.86,9.3,0
TR-1160,2026-05-06,SKU-YELLOW-001,SKU-YELLOW-001,18L,18L,0.9,2,6,0.3,night,2,13.93,23679.39,1.52,19227.88,7.47,6.33,0
TR-1161,2026-05-07,SKU-IVORY-001,SKU-IVORY-001,4L,4L,0.9,3,6,0.3,day,3,13.68,34889.1,1.49,18913.45,7.44,6.22,0
TR-1162,2026-05-08,SKU-WHITE-001,SKU-ORANGE-001,1L,4L,0.6,4,1,0.3,night,4,25.52,86755.97,3.16,38975.5,12.32,11.6,0
TR-1163,2026-05-09,SKU-RED-001,SKU-GREEN-001,1L,4L,0.9,4,0,0.3,night,5,19.47,66210.29,2.19,31284.6,11.77,8.85,0
TR-1164,2026-05-10,SKU-WHITE-001,SKU-IVORY-001,1L,4L,0.9,2,1,0.7,night,6,15.16,25780.1,1.74,20800.61,11.38,6.89,0
TR-1165,2026-05-11,SKU-BLUE-001,SKU-GREEN-001,4L,4L,0.6,4,5,0.7,night,0,19.18,65197.14,2.23,30905.35,7.94,8.72,0
TR-1166,2026-05-12,SKU-PURPLE-001,SKU-PURPLE-001,18L,18L,0.6,2,0,0.7,night,1,10.78,18321.99,1.18,15217.0,7.18,4.9,0
TR-1167,2026-05-13,SKU-BLACK-001,SKU-BLACK-001,4L,18L,0.3,2,4,1.0,night,2,14.99,25480.12,1.64,20576.02,11.36,6.81,0
TR-1168,2026-05-14,SKU-GRAY-001,SKU-IVORY-001,18L,18L,0.6,5,6,0.7,day,3,21.9,93088.56,2.71,34376.79,8.19,9.96,0
TR-1169,2026-05-15,SKU-SILVER-001,SKU-PURPLE-001,1L,18L,0.6,4,7,1.0,night,4,32.08,109071.33,4.07,47328.84,12.92,14.58,1
TR-1170,2026-04-01,SKU-SILVER-001,SKU-PURPLE-001,1L,4L,0.9,5,7,0.3,day,2,34.01,144557.47,4.28,49789.94,13.09,15.46,1
TR-1171,2026-04-02,SKU-GRAY-001,SKU-BLACK-001,18L,18L,0.3,4,4,0.7,night,3,24.8,84306.99,3.23,38058.76,8.45,11.27,0
TR-1172,2026-04-03,SKU-GOLD-001,SKU-GRAY-001,4L,4L,0.3,4,3,1.0,day,4,23.24,78999.45,2.7,36071.99,8.31,10.56,1
TR-1173,2026-04-04,SKU-BLUE-001,SKU-PURPLE-001,18L,1L,0.6,2,4,0.3,night,5,20.8,35358.02,2.32,32971.25,11.89,9.45,0
TR-1174,2026-04-05,SKU-RED-001,SKU-IVORY-001,1L,1L,0.9,5,2,1.0,day,6,21.07,89554.45,2.7,33318.44,8.12,9.58,0
TR-1175,2026-04-06,SKU-PURPLE-001,SKU-IVORY-001,1L,1L,0.3,5,1,1.0,night,0,25.69,109178.19,3.46,39195.07,8.54,11.68,1
TR-1176,2026-04-07,SKU-IVORY-001,SKU-WHITE-001,1L,18L,0.6,4,7,0.7,night,1,18.06,61420.61,2.06,24491.67,11.64,8.21,0
TR-1177,2026-04-08,SKU-IVORY-001,SKU-WHITE-001,4L,1L,0.3,5,1,0.3,night,2,17.0,72229.75,1.94,23130.3,11.55,7.73,0
TR-1178,2026-04-09,SKU-PURPLE-001,SKU-GOLD-001,4L,4L,0.6,5,3,1.0,day,3,27.29,116003.75,3.48,41239.09,8.68,12.41,0
TR-1179,2026-04-10,SKU-GREEN-001,SKU-ORANGE-001,4L,4L,0.9,5,0,1.0,night,4,16.36,69535.24,1.96,27323.39,7.69,7.44,0
TR-1180,2026-04-11,SKU-WHITE-001,SKU-IVORY-001,1L,1L,0.6,3,4,0.7,day,5,13.8,35177.32,1.59,19057.31,7.45,6.27,0
TR-1181,2026-04-12,SKU-ORANGE-001,SKU-GREEN-001,1L,1L,0.9,3,6,0.3,night,6,20.51,52300.14,2.42,32603.46,8.06,9.32,0
TR-1182,2026-04-13,SKU-ORANGE-001,SKU-YELLOW-001,4L,18L,0.9,4,6,0.7,day,0,22.93,77977.46,2.72,35689.42,12.08,10.42,0
TR-1183,2026-04-14,SKU-BLACK-001,SKU-PURPLE-001,18L,1L,0.9,3,5,0.3,night,1,23.1,58895.78,2.71,35895.4,12.1,10.5,0
TR-1184,2026-04-15,SKU-WHITE-001,SKU-ORANGE-001,1L,4L,0.3,4,7,0.7,day,2,26.27,89334.54,3.24,39940.74,12.39,11.94,0
TR-1185,2026-04-16,SKU-RED-001,SKU-GOLD-001,1L,1L,0.3,2,3,0.7,day,3,24.54,41718.53,2.92,37733.12,8.43,11.15,0
TR-1186,2026-04-17,SKU-GREEN-001,SKU-WHITE-001,18L,4L,0.3,3,4,1.0,night,4,27.85,71021.95,3.59,41947.67,12.53,12.66,0
TR-1187,2026-04-18,SKU-BLACK-001,SKU-BLACK-001,18L,18L,0.3,2,6,1.0,night,5,12.94,22001.38,1.41,17971.62,7.38,5.88,0
TR-1188,2026-04-19,SKU-GRAY-001,SKU-SILVER-001,4L,1L,0.9,5,2,0.7,night,6,26.07,110781.88,3.08,39675.32,12.37,11.85,0
TR-1189,2026-04-20,SKU-WHITE-001,SKU-SILVER-001,18L,18L,0.9,3,0,1.0,day,0,22.8,58148.83,2.67,35522.59,8.27,10.37,0
TR-1190,2026-04-21,SKU-SILVER-001,SKU-PURPLE-001,4L,1L,0.9,4,7,1.0,day,1,31.56,107319.05,4.01,46672.91,12.87,14.35,1
TR-1191,2026-04-22,SKU-BLUE-001,SKU-GOLD-001,18L,4L,0.9,3,0,0.7,night,2,29.0,73944.73,3.61,43406.46,12.64,13.18,0
TR-1192,2026-04-23,SKU-GREEN-001,SKU-GOLD-001,4L,18L,0.6,4,3,1.0,day,3,27.28,92766.07,3.29,41225.27,12.48,12.4,0
TR-1193,2026-04-24,SKU-GREEN-001,SKU-GOLD-001,4L,4L,0.3,5,3,0.3,night,4,26.51,112675.1,3.2,40242.28,8.61,12.05,0
TR-1194,2026-04-25,SKU-ORANGE-001,SKU-ORANGE-001,4L,4L,0.6,3,3,0.7,night,5,12.01,30632.41,1.31,16788.9,7.29,5.46,0
TR-1195,2026-04-26,SKU-SILVER-001,SKU-SILVER-001,1L,1L,0.3,4,1,0.3,night,6,13.01,44231.16,1.42,18057.12,7.38,5.91,0
TR-1196,2026-04-27,SKU-BLACK-001,SKU-RED-001,4L,1L,0.6,3,5,0.3,night,0,26.76,68233.56,3.36,40555.96,12.43,12.16,0
TR-1197,2026-04-28,SKU-IVORY-001,SKU-WHITE-001,1L,18L,0.3,4,6,0.7,day,1,17.61,59884.63,2.01,23916.71,11.6,8.01,0
TR-1198,2026-04-29,SKU-GREEN-001,SKU-IVORY-001,18L,1L,0.3,5,4,0.7,night,2,27.23,115728.49,3.44,41156.66,12.48,12.38,0
TR-1199,2026-04-30,SKU-IVORY-001,SKU-BLACK-001,4L,4L,0.9,4,7,0.7,day,3,30.56,103887.46,4.18,45388.35,8.98,13.89,0
TR-1200,2026-05-01,SKU-IVORY-001,SKU-PURPLE-001,1L,4L,0.9,3,7,1.0,night,4,29.27,74643.51,3.85,43755.23,12.66,13.31,0
TR-1201,2026-05-02,SKU-ORANGE-001,SKU-WHITE-001,4L,18L,0.3,3,4,0.7,day,5,25.61,65294.29,3.17,39088.95,12.33,11.64,0
TR-1202,2026-05-03,SKU-ORANGE-001,SKU-GOLD-001,18L,1L,0.3,3,7,0.7,night,6,27.18,69307.32,3.1,41091.89,12.47,12.35,0
TR-1203,2026-05-04,SKU-GOLD-001,SKU-YELLOW-001,18L,1L,0.6,4,6,0.3,night,0,27.62,93901.83,3.1,41650.42,12.51,12.55,1
TR-1204,2026-05-05,SKU-ORANGE-001,SKU-PURPLE-001,4L,1L,0.3,3,0,0.3,night,1,24.45,62336.96,3.03,37612.92,12.22,11.11,0
TR-1205,2026-05-06,SKU-GREEN-001,SKU-YELLOW-001,18L,4L,0.6,5,2,0.7,day,2,24.83,105537.43,3.11,38104.79,12.26,11.29,0
TR-1206,2026-05-07,SKU-WHITE-001,SKU-GRAY-001,18L,4L,0.3,5,1,0.7,day,3,24.73,105110.0,3.11,37976.79,12.25,11.24,0
TR-1207,2026-05-08,SKU-ORANGE-001,SKU-WHITE-001,4L,18L,0.3,2,6,0.7,night,4,26.34,44782.98,3.25,40027.37,12.39,11.97,0
TR-1208,2026-05-09,SKU-YELLOW-001,SKU-ORANGE-001,4L,4L,0.9,3,1,1.0,day,5,17.71,45165.64,2.15,29042.56,7.81,8.05,0
TR-1209,2026-05-10,SKU-ORANGE-001,SKU-YELLOW-001,18L,18L,0.9,4,0,0.7,day,6,18.41,62585.4,2.23,29927.69,7.87,8.37,0
TR-1210,2026-05-11,SKU-IVORY-001,SKU-YELLOW-001,4L,4L,0.9,4,7,0.3,day,0,18.93,64347.61,2.13,30587.34,7.92,8.6,0
TR-1211,2026-05-12,SKU-WHITE-001,SKU-BLUE-001,4L,18L,0.9,4,1,0.7,day,1,28.84,98067.97,3.84,43209.94,12.62,13.11,0
TR-1212,2026-05-13,SKU-BLUE-001,SKU-GRAY-001,4L,18L,0.9,2,6,1.0,day,2,23.3,39611.16,2.82,36155.41,12.12,10.59,0
TR-1213,2026-05-14,SKU-RED-001,SKU-GRAY-001,4L,4L,0.9,2,3,0.7,day,3,17.16,29179.19,1.95,28345.39,7.76,7.8,0
TR-1214,2026-05-15,SKU-ORANGE-001,SKU-BLACK-001,4L,4L,0.9,3,2,0.7,night,4,23.61,60195.77,3.13,36544.24,8.35,10.73,0
TR-1215,2026-04-01,SKU-PURPLE-001,SKU-GOLD-001,4L,18L,0.6,5,6,1.0,day,2,30.63,130164.86,3.84,45479.85,12.78,13.92,0
TR-1216,2026-04-02,SKU-GREEN-001,SKU-WHITE-001,18L,1L,0.9,4,4,0.7,day,3,27.77,94404.78,3.58,41838.69,12.52,12.62,0
TR-1217,2026-04-03,SKU-WHITE-001,SKU-SILVER-001,1L,18L,0.3,3,3,1.0,night,4,26.74,68181.01,3.09,40529.74,12.43,12.15,0
TR-1218,2026-04-04,SKU-YELLOW-001,SKU-IVORY-001,4L,4L,0.9,5,1,1.0,night,5,15.03,63875.61,1.71,25628.52,7.57,6.83,0
TR-1219,2026-04-05,SKU-SILVER-001,SKU-IVORY-001,18L,1L,0.3,4,6,0.3,day,6,28.74,97732.75,3.22,43084.45,12.61,13.07,1
TR-1220,2026-04-06,SKU-BLUE-001,SKU-IVORY-001,18L,18L,0.6,5,5,0.7,day,0,26.2,111334.2,3.46,39840.72,8.58,11.91,1
TR-1221,2026-04-07,SKU-SILVER-001,SKU-BLUE-001,18L,1L,0.9,5,4,0.3,day,1,31.83,135298.06,3.98,47017.07,12.89,14.47,1
TR-1222,2026-04-08,SKU-RED-001,SKU-PURPLE-001,1L,4L,0.9,3,5,1.0,day,2,21.95,55982.53,2.65,34441.37,12.0,9.98,0
TR-1223,2026-04-09,SKU-GREEN-001,SKU-IVORY-001,4L,1L,0.3,2,1,0.7,night,3,26.23,44584.86,3.33,39879.04,12.38,11.92,0
TR-1224,2026-04-10,SKU-GREEN-001,SKU-SILVER-001,4L,18L,0.3,3,1,0.3,day,4,29.55,75357.97,3.6,44111.82,12.69,13.43,0
TR-1225,2026-04-11,SKU-PURPLE-001,SKU-YELLOW-001,18L,18L,0.3,5,6,1.0,night,5,25.89,110016.97,3.41,39446.26,8.55,11.77,1
TR-1226,2026-04-12,SKU-YELLOW-001,SKU-GRAY-001,4L,4L,0.3,3,4,0.7,day,6,19.92,50791.95,2.43,31850.71,8.01,9.05,0
TR-1227,2026-04-13,SKU-BLUE-001,SKU-WHITE-001,18L,18L,0.9,2,1,0.7,night,0,26.27,44661.46,3.55,39936.39,8.59,11.94,1
TR-1228,2026-04-14,SKU-ORANGE-001,SKU-GOLD-001,1L,1L,0.6,3,7,0.7,day,1,23.98,61145.93,2.75,37018.47,8.38,10.9,0
TR-1229,2026-04-15,SKU-GOLD-001,SKU-WHITE-001,18L,4L,0.6,3,2,0.3,day,2,29.07,74117.23,3.42,43492.56,12.64,13.21,1
TR-1230,2026-04-16,SKU-PURPLE-001,SKU-GOLD-001,18L,18L,0.9,4,5,0.7,day,3,27.9,94876.69,3.54,42015.34,8.74,12.68,0
TR-1231,2026-04-17,SKU-ORANGE-001,SKU-IVORY-001,4L,1L,0.9,4,5,1.0,night,4,22.62,76911.64,2.76,35290.45,12.06,10.28,0
TR-1232,2026-04-18,SKU-ORANGE-001,SKU-PURPLE-001,18L,1L,0.9,3,0,1.0,day,5,22.15,56472.07,2.78,34685.7,12.01,10.07,0
TR-1233,2026-04-19,SKU-RED-001,SKU-GRAY-001,1L,18L,0.3,5,5,0.3,night,6,23.26,98875.58,2.62,36109.8,12.11,10.57,0
TR-1234,2026-04-20,SKU-SILVER-001,SKU-WHITE-001,18L,18L,0.6,2,1,0.3,night,0,25.34,43076.1,2.94,38749.48,8.5,11.52,1
TR-1235,2026-04-21,SKU-GOLD-001,SKU-PURPLE-001,1L,18L,0.9,4,6,0.7,day,1,31.51,107128.5,3.94,46601.58,12.86,14.32,1
TR-1236,2026-04-22,SKU-GOLD-001,SKU-SILVER-001,4L,18L,0.9,2,5,0.3,day,2,21.55,36633.1,2.42,33925.85,11.96,9.79,0
TR-1237,2026-04-23,SKU-BLACK-001,SKU-BLUE-001,4L,4L,0.3,2,0,1.0,night,3,18.08,30740.27,2.22,29514.11,7.84,8.22,0
TR-1238,2026-04-24,SKU-BLACK-001,SKU-BLUE-001,18L,4L,0.9,4,4,0.7,night,4,21.74,73927.07,2.62,34173.23,11.98,9.88,0
TR-1239,2026-04-25,SKU-BLACK-001,SKU-BLACK-001,4L,1L,0.9,4,6,1.0,night,5,14.57,49543.8,1.59,20045.81,11.32,6.62,0
TR-1240,2026-04-26,SKU-IVORY-001,SKU-GRAY-001,18L,1L,0.3,5,2,0.7,night,6,23.77,101018.23,2.92,36751.45,12.16,10.8,0
TR-1241,2026-04-27,SKU-YELLOW-001,SKU-SILVER-001,4L,1L,0.9,2,5,1.0,night,0,23.62,40152.17,2.6,36560.45,12.15,10.74,0
TR-1242,2026-04-28,SKU-GREEN-001,SKU-SILVER-001,4L,18L,0.3,3,3,0.3,night,1,30.24,77123.45,3.68,44992.99,12.75,13.75,0
TR-1243,2026-04-29,SKU-PURPLE-001,SKU-RED-001,4L,4L,0.3,3,1,0.7,day,2,19.37,49383.91,2.37,31147.94,7.96,8.8,0
TR-1244,2026-04-30,SKU-GREEN-001,SKU-WHITE-001,18L,1L,0.6,2,0,0.3,night,3,27.78,47230.52,3.59,41859.75,12.53,12.63,0
TR-1245,2026-05-01,SKU-SILVER-001,SKU-GOLD-001,4L,1L,0.3,5,7,0.7,night,4,21.21,90125.54,2.38,33489.47,11.93,9.64,0
TR-1246,2026-05-02,SKU-BLACK-001,SKU-WHITE-001,1L,4L,0.9,5,0,1.0,night,5,31.55,134086.41,4.38,46654.22,12.87,14.34,1
TR-1247,2026-05-03,SKU-RED-001,SKU-PURPLE-001,1L,18L,0.3,3,3,0.7,day,6,22.1,56352.66,2.67,34626.1,12.01,10.05,0
TR-1248,2026-05-04,SKU-GOLD-001,SKU-BLACK-001,1L,1L,0.9,4,3,0.3,day,0,31.06,105602.88,4.08,46030.49,9.02,14.12,1
TR-1249,2026-05-05,SKU-PURPLE-001,SKU-PURPLE-001,1L,18L,0.9,4,1,0.7,day,1,13.58,46171.47,1.48,18783.44,11.23,6.17,0
TR-1250,2026-05-06,SKU-IVORY-001,SKU-PURPLE-001,4L,4L,0.6,3,6,0.3,night,2,28.74,73289.84,3.79,43079.6,8.81,13.06,0
TR-1251,2026-05-07,SKU-GREEN-001,SKU-RED-001,4L,4L,0.3,2,0,0.3,day,3,17.38,29538.17,1.96,28614.14,7.78,7.9,0
TR-1252,2026-05-08,SKU-GRAY-001,SKU-ORANGE-001,4L,4L,0.3,4,4,1.0,day,4,17.02,57857.41,1.89,28157.85,7.75,7.73,0
TR-1253,2026-05-09,SKU-WHITE-001,SKU-YELLOW-001,18L,18L,0.6,2,1,1.0,day,5,17.02,28930.56,2.01,28159.24,7.75,7.74,0
TR-1254,2026-05-10,SKU-GRAY-001,SKU-IVORY-001,1L,4L,0.6,3,4,0.3,day,6,25.27,64426.1,3.08,38655.63,12.3,11.48,0
TR-1255,2026-05-11,SKU-GOLD-001,SKU-BLUE-001,4L,1L,0.6,3,3,1.0,day,0,29.56,75366.89,3.67,44116.27,12.69,13.43,1
TR-1256,2026-05-12,SKU-IVORY-001,SKU-RED-001,4L,18L,0.9,5,4,0.7,night,1,25.57,108657.72,3.19,39039.21,12.32,11.62,0
TR-1257,2026-05-13,SKU-IVORY-001,SKU-SILVER-001,4L,1L,0.3,3,6,0.3,night,2,28.11,71669.99,3.15,42271.12,12.56,12.78,0
TR-1258,2026-05-14,SKU-WHITE-001,SKU-ORANGE-001,1L,18L,0.3,5,1,1.0,day,3,24.32,103373.5,3.03,37456.77,12.21,11.06,0
TR-1259,2026-05-15,SKU-RED-001,SKU-PURPLE-001,1L,1L,0.9,4,3,1.0,night,4,18.32,62298.57,2.25,29820.32,7.87,8.33,0
TR-1260,2026-04-01,SKU-WHITE-001,SKU-SILVER-001,1L,18L,0.9,3,5,0.3,night,2,28.86,73597.64,3.33,43233.23,12.62,13.12,0
TR-1261,2026-04-02,SKU-IVORY-001,SKU-PURPLE-001,1L,4L,0.3,4,7,1.0,day,3,29.58,100577.55,3.88,44149.35,12.69,13.45,0
TR-1262,2026-04-03,SKU-IVORY-001,SKU-GOLD-001,1L,4L,0.3,4,1,0.3,night,4,27.66,94039.08,3.17,41701.79,12.51,12.57,0
TR-1263,2026-04-04,SKU-BLUE-001,SKU-SILVER-001,4L,18L,0.3,2,1,1.0,day,5,29.88,50801.52,3.77,44533.22,12.72,13.58,1
TR-1264,2026-04-05,SKU-IVORY-001,SKU-SILVER-001,4L,1L,0.6,2,7,0.7,night,6,26.84,45635.53,3.02,40665.64,12.44,12.2,0
TR-1265,2026-04-06,SKU-RED-001,SKU-PURPLE-001,18L,18L,0.6,2,0,1.0,night,0,17.92,30459.43,2.21,29303.85,7.83,8.14,0
TR-1266,2026-04-07,SKU-WHITE-001,SKU-GREEN-001,4L,1L,0.6,4,7,0.3,day,1,30.13,102430.87,3.84,44843.11,12.74,13.69,0
TR-1267,2026-04-08,SKU-YELLOW-001,SKU-WHITE-001,1L,4L,0.6,4,3,0.7,night,2,21.38,72698.58,2.49,33713.37,11.94,9.72,0
TR-1268,2026-04-09,SKU-GOLD-001,SKU-BLUE-001,1L,18L,0.3,2,2,1.0,night,3,29.11,49489.63,3.62,43551.06,12.65,13.23,1
TR-1269,2026-04-10,SKU-ORANGE-001,SKU-YELLOW-001,4L,1L,0.6,3,7,0.3,day,4,24.47,62394.89,2.89,37641.83,12.22,11.12,0
TR-1270,2026-04-11,SKU-ORANGE-001,SKU-BLUE-001,4L,18L,0.9,3,3,0.7,night,5,23.63,60267.76,2.89,36580.17,12.15,10.74,0
TR-1271,2026-04-12,SKU-WHITE-001,SKU-WHITE-001,18L,4L,0.6,4,2,1.0,day,6,13.46,45750.53,1.47,18625.87,11.22,6.12,0
TR-1272,2026-04-13,SKU-YELLOW-001,SKU-GREEN-001,1L,1L,0.9,3,7,0.3,night,0,23.88,60892.71,3.01,36892.08,8.37,10.85,0
TR-1273,2026-04-14,SKU-BLACK-001,SKU-BLACK-001,1L,4L,0.3,4,4,0.7,day,1,15.75,53539.46,1.72,21541.51,11.43,7.16,0
TR-1274,2026-04-15,SKU-PURPLE-001,SKU-BLACK-001,18L,1L,0.3,5,0,0.7,day,2,20.64,87704.7,2.44,32764.51,11.88,9.38,0
TR-1275,2026-04-16,SKU-IVORY-001,SKU-BLUE-001,18L,1L,0.3,2,6,1.0,day,3,29.2,49636.6,3.79,43661.09,12.65,13.27,0
TR-1276,2026-04-17,SKU-GOLD-001,SKU-ORANGE-001,1L,4L,0.9,4,2,0.7,day,4,25.06,85187.77,2.87,38388.47,12.28,11.39,1
TR-1277,2026-04-18,SKU-PURPLE-001,SKU-PURPLE-001,4L,1L,0.6,5,4,1.0,night,5,13.92,59144.19,1.52,19211.63,11.27,6.33,0
TR-1278,2026-04-19,SKU-IVORY-001,SKU-GOLD-001,18L,1L,0.6,3,1,0.3,day,6,27.67,70561.48,3.17,41717.85,12.52,12.58,0
TR-1279,2026-04-20,SKU-PURPLE-001,SKU-YELLOW-001,4L,1L,0.6,5,4,0.7,night,0,28.31,120316.51,3.68,42530.61,12.57,12.87,1
TR-1280,2026-04-21,SKU-GOLD-001,SKU-GOLD-001,1L,18L,0.9,3,4,0.7,night,1,14.3,36464.27,1.56,19699.64,11.3,6.5,0
TR-1281,2026-04-22,SKU-GOLD-001,SKU-ORANGE-001,4L,18L,0.9,2,7,1.0,day,2,25.38,43142.94,2.9,38799.53,12.31,11.54,1
TR-1282,2026-04-23,SKU-RED-001,SKU-GRAY-001,1L,1L,0.6,3,6,1.0,day,3,18.21,46424.9,2.06,29671.07,7.86,8.28,0
TR-1283,2026-04-24,SKU-BLACK-001,SKU-SILVER-001,1L,4L,0.9,3,4,1.0,day,4,33.83,86273.82,4.45,49560.02,13.08,15.38,1
TR-1284,2026-04-25,SKU-BLUE-001,SKU-GRAY-001,18L,1L,0.9,3,7,1.0,day,5,24.09,61425.93,2.91,37158.22,12.19,10.95,0
TR-1285,2026-04-26,SKU-WHITE-001,SKU-BLUE-001,18L,4L,0.9,2,5,0.3,night,6,31.51,53575.14,4.13,46609.73,12.86,14.32,0
TR-1286,2026-04-27,SKU-PURPLE-001,SKU-RED-001,4L,4L,0.9,3,5,1.0,day,0,18.46,47065.73,2.27,29990.92,7.88,8.39,0
TR-1287,2026-04-28,SKU-GOLD-001,SKU-RED-001,1L,18L,0.6,2,7,1.0,day,1,27.35,46492.88,3.23,41307.5,12.49,12.43,1
TR-1288,2026-04-29,SKU-YELLOW-001,SKU-GREEN-001,18L,1L,0.6,5,1,0.3,day,2,24.96,106073.06,3.12,38265.19,12.27,11.34,0
TR-1289,2026-04-30,SKU-ORANGE-001,SKU-GOLD-001,4L,4L,0.9,4,4,0.7,day,3,23.14,78676.16,2.66,35950.97,8.3,10.52,0
TR-1290,2026-05-01,SKU-ORANGE-001,SKU-RED-001,1L,18L,0.6,2,0,0.7,day,4,20.02,34027.73,2.29,31975.31,11.82,9.1,0
TR-1291,2026-05-02,SKU-BLACK-001,SKU-BLUE-001,1L,4L,0.3,5,5,0.3,night,5,24.34,103460.56,2.9,37482.84,12.21,11.07,0
TR-1292,2026-05-03,SKU-RED-001,SKU-ORANGE-001,4L,1L,0.6,4,4,0.7,night,6,21.29,72378.92,2.43,33593.71,11.94,9.68,0
TR-1293,2026-05-04,SKU-BLACK-001,SKU-BLACK-001,18L,4L,0.3,3,4,0.7,night,0,15.41,39302.4,1.68,21116.17,11.4,7.01,0
TR-1294,2026-05-05,SKU-GREEN-001,SKU-RED-001,1L,18L,0.3,5,6,0.3,night,1,22.68,96384.14,2.54,35363.7,12.06,10.31,0
TR-1295,2026-05-06,SKU-GREEN-001,SKU-YELLOW-001,1L,4L,0.9,5,0,1.0,day,2,22.91,97367.61,2.9,35658.21,12.08,10.41,0
TR-1296,2026-05-07,SKU-GRAY-001,SKU-GOLD-001,1L,1L,0.6,2,2,1.0,night,3,22.98,39064.97,2.67,35746.5,8.29,10.45,0
TR-1297,2026-05-08,SKU-WHITE-001,SKU-SILVER-001,4L,18L,0.3,4,3,0.7,night,4,28.19,95830.04,3.25,42372.21,12.56,12.81,0
TR-1298,2026-05-09,SKU-GREEN-001,SKU-IVORY-001,4L,1L,0.9,5,5,1.0,day,5,25.58,108694.86,3.26,39050.33,12.33,11.63,0
TR-1299,2026-05-10,SKU-RED-001,SKU-PURPLE-001,1L,4L,0.6,2,6,0.3,day,6,24.6,41820.92,2.94,37809.78,12.24,11.18,0
TR-1300,2026-05-11,SKU-YELLOW-001,SKU-ORANGE-001,1L,1L,0.6,2,1,1.0,night,0,18.16,30868.53,2.2,29610.13,7.85,8.25,0
TR-1301,2026-05-12,SKU-WHITE-001,SKU-RED-001,18L,4L,0.6,5,0,0.3,night,1,26.87,114211.18,3.42,40702.28,12.44,12.22,0
TR-1302,2026-05-13,SKU-ORANGE-001,SKU-GRAY-001,18L,1L,0.6,5,3,0.3,day,2,20.21,85885.95,2.24,32219.86,11.84,9.19,0
TR-1303,2026-05-14,SKU-IVORY-001,SKU-BLUE-001,4L,18L,0.3,2,5,0.3,day,3,31.01,52717.81,3.98,45967.88,12.82,14.1,0
TR-1304,2026-05-15,SKU-BLACK-001,SKU-BLUE-001,4L,1L,0.6,2,6,0.7,night,4,22.59,38406.85,2.71,35253.79,12.05,10.27,0
TR-1305,2026-04-01,SKU-GRAY-001,SKU-WHITE-001,4L,18L,0.9,2,6,0.7,night,2,25.78,43828.04,3.22,39312.43,12.34,11.72,0
TR-1306,2026-04-02,SKU-GREEN-001,SKU-GOLD-001,1L,4L,0.9,4,7,0.3,night,3,29.87,101567.45,3.57,44519.9,12.72,13.58,0
TR-1307,2026-04-03,SKU-BLACK-001,SKU-YELLOW-001,4L,1L,0.3,4,6,0.3,night,4,33.5,113888.21,4.43,49131.95,13.05,15.23,1
TR-1308,2026-04-04,SKU-ORANGE-001,SKU-IVORY-001,4L,1L,0.9,4,3,0.3,day,5,24.2,82274.21,2.93,37297.83,12.2,11.0,0
TR-1309,2026-04-05,SKU-SILVER-001,SKU-WHITE-001,4L,4L,0.9,5,0,0.3,night,6,24.55,104341.65,2.86,37746.7,8.43,11.16,1
TR-1310,2026-04-06,SKU-BLACK-001,SKU-BLUE-001,4L,18L,0.9,4,2,1.0,night,0,20.75,70565.21,2.51,32914.79,11.89,9.43,0
TR-1311,2026-04-07,SKU-PURPLE-001,SKU-RED-001,1L,18L,0.9,4,4,0.7,night,1,22.35,75996.43,2.69,34947.86,12.03,10.16,0
TR-1312,2026-04-08,SKU-SILVER-001,SKU-GOLD-001,18L,18L,0.9,4,0,0.7,night,2,15.8,53716.82,1.79,26607.9,7.64,7.18,0
TR-1313,2026-04-09,SKU-WHITE-001,SKU-ORANGE-001,1L,1L,0.9,4,7,0.3,night,3,24.12,81991.29,3.01,37191.93,8.39,10.96,0
TR-1314,2026-04-10,SKU-PURPLE-001,SKU-WHITE-001,1L,4L,0.6,4,6,1.0,night,4,31.25,106255.65,4.15,46274.84,12.84,14.21,1
TR-1315,2026-04-11,SKU-BLACK-001,SKU-SILVER-001,4L,4L,0.9,2,0,1.0,day,5,29.36,49913.74,3.96,43868.57,8.87,13.35,1
TR-1316,2026-04-12,SKU-BLUE-001,SKU-GOLD-001,4L,1L,0.6,2,3,0.7,day,6,30.42,51709.99,3.76,45213.36,12.77,13.83,0
TR-1317,2026-04-13,SKU-GREEN-001,SKU-BLACK-001,18L,18L,0.3,2,0,0.7,night,0,21.42,36407.74,2.71,33757.13,8.15,9.73,0
TR-1318,2026-04-14,SKU-YELLOW-001,SKU-RED-001,4L,18L,0.9,3,3,0.7,night,1,24.37,62134.27,2.99,37511.76,12.22,11.08,0
TR-1319,2026-04-15,SKU-SILVER-001,SKU-SILVER-001,1L,18L,0.3,4,5,0.7,day,2,16.06,54610.3,1.75,21942.36,11.46,7.3,0
TR-1320,2026-04-16,SKU-YELLOW-001,SKU-RED-001,18L,4L,0.9,4,2,0.7,night,3,23.66,80444.81,2.91,36613.03,12.15,10.75,0
TR-1321,2026-04-17,SKU-YELLOW-001,SKU-WHITE-001,1L,1L,0.9,4,2,1.0,day,4,17.13,58232.91,2.02,28298.42,7.76,7.79,0
TR-1322,2026-04-18,SKU-RED-001,SKU-IVORY-001,1L,1L,0.6,5,4,1.0,night,5,22.11,93958.78,2.81,34637.39,8.21,10.05,0
TR-1323,2026-04-19,SKU-RED-001,SKU-WHITE-001,4L,4L,0.6,2,6,0.3,night,6,26.4,44872.4,3.37,40094.31,8.6,12.0,0
TR-1324,2026-04-20,SKU-RED-001,SKU-GREEN-001,1L,4L,0.9,4,1,1.0,day,0,18.48,62842.58,2.08,30023.96,11.68,8.4,0
TR-1325,2026-04-21,SKU-YELLOW-001,SKU-YELLOW-001,4L,4L,0.9,5,0,1.0,night,1,9.75,41439.81,1.06,13909.78,7.09,4.43,0
TR-1326,2026-04-22,SKU-SILVER-001,SKU-IVORY-001,4L,1L,0.3,2,6,0.7,night,2,27.58,46891.76,3.1,41606.13,12.51,12.54,1
TR-1327,2026-04-23,SKU-RED-001,SKU-ORANGE-001,4L,4L,0.9,2,3,1.0,day,3,16.82,28594.01,1.95,27907.28,7.73,7.65,0
TR-1328,2026-04-24,SKU-BLUE-001,SKU-ORANGE-001,1L,18L,0.3,2,6,0.7,day,4,25.34,43085.79,3.08,38756.74,12.3,11.52,0
TR-1329,2026-04-25,SKU-SILVER-001,SKU-RED-001,18L,4L,0.3,5,3,0.3,night,5,29.68,126148.88,3.55,44277.2,12.7,13.49,1
TR-1330,2026-04-26,SKU-RED-001,SKU-PURPLE-001,4L,18L,0.9,5,5,1.0,night,6,21.76,92468.0,2.63,34190.95,11.98,9.89,0
TR-1331,2026-04-27,SKU-RED-001,SKU-WHITE-001,18L,1L,0.9,4,0,0.3,night,0,26.54,90245.89,3.38,40281.88,12.41,12.06,0
TR-1332,2026-04-28,SKU-IVORY-001,SKU-ORANGE-001,1L,1L,0.6,5,6,0.7,day,1,21.25,90313.77,2.61,33545.84,8.13,9.66,0
TR-1333,2026-04-29,SKU-IVORY-001,SKU-SILVER-001,18L,4L,0.9,3,7,1.0,night,2,26.21,66837.86,2.95,39859.36,12.38,11.91,0
TR-1334,2026-04-30,SKU-SILVER-001,SKU-BLUE-001,18L,18L,0.9,2,0,1.0,day,3,25.97,44154.38,3.34,39556.76,8.56,11.81,1
TR-1335,2026-05-01,SKU-IVORY-001,SKU-PURPLE-001,4L,18L,0.9,2,2,0.3,day,4,29.77,50610.15,3.9,44389.95,12.71,13.53,0
TR-1336,2026-05-02,SKU-GRAY-001,SKU-WHITE-001,4L,18L,0.3,2,4,1.0,day,5,24.6,41820.2,3.09,37809.24,12.24,11.18,0
TR-1337,2026-05-03,SKU-BLUE-001,SKU-GOLD-001,4L,4L,0.9,4,4,0.3,night,6,28.0,95199.58,3.5,42136.21,8.75,12.73,0
TR-1338,2026-05-04,SKU-WHITE-001,SKU-YELLOW-001,18L,18L,0.3,4,5,0.7,night,0,19.69,66955.07,2.3,31563.4,7.99,8.95,0
TR-1339,2026-05-05,SKU-YELLOW-001,SKU-GRAY-001,1L,1L,0.3,3,6,0.7,night,1,21.32,54357.31,2.58,33630.21,8.14,9.69,0
TR-1340,2026-05-06,SKU-GRAY-001,SKU-BLUE-001,18L,18L,0.3,2,3,0.3,night,2,22.08,37531.11,2.69,34598.16,8.21,10.04,0
TR-1341,2026-05-07,SKU-WHITE-001,SKU-BLUE-001,1L,1L,0.6,4,1,1.0,night,3,25.96,88272.7,3.52,39543.26,8.56,11.8,0
TR-1342,2026-05-08,SKU-SILVER-001,SKU-SILVER-001,4L,4L,0.6,5,5,0.7,night,4,12.51,53181.22,1.37,17425.93,7.34,5.69,0
TR-1343,2026-05-09,SKU-WHITE-001,SKU-IVORY-001,1L,18L,0.6,3,1,0.7,night,5,15.71,40057.5,1.8,21493.05,11.43,7.14,0
TR-1344,2026-05-10,SKU-GREEN-001,SKU-GREEN-001,4L,1L,0.3,2,4,0.7,day,6,15.7,26693.78,1.71,21484.65,11.43,7.14,0
TR-1345,2026-05-11,SKU-GRAY-001,SKU-GREEN-001,18L,4L,0.3,5,5,1.0,day,0,21.34,90697.82,2.47,33660.84,11.94,9.7,0
TR-1346,2026-05-12,SKU-PURPLE-001,SKU-GOLD-001,4L,1L,0.9,4,2,0.7,day,1,29.64,100785.51,3.73,44227.2,12.69,13.47,0
TR-1347,2026-05-13,SKU-YELLOW-001,SKU-ORANGE-001,4L,1L,0.3,3,5,0.7,night,2,23.04,58757.74,2.74,35826.5,12.09,10.47,0
TR-1348,2026-05-14,SKU-YELLOW-001,SKU-ORANGE-001,4L,18L,0.9,2,7,0.7,day,3,23.51,39966.45,2.79,36421.41,12.14,10.69,0
TR-1349,2026-05-15,SKU-GREEN-001,SKU-GOLD-001,1L,4L,0.9,3,3,1.0,night,4,26.76,68233.59,3.23,40555.98,12.43,12.16,0
TR-1350,2026-04-01,SKU-GREEN-001,SKU-SILVER-001,4L,4L,0.9,4,7,0.7,night,2,27.22,92537.29,3.35,41139.63,8.67,12.37,0
TR-1351,2026-04-02,SKU-IVORY-001,SKU-YELLOW-001,1L,4L,0.3,2,7,0.3,day,3,22.36,38011.82,2.51,34958.05,12.03,10.16,0
TR-1352,2026-04-03,SKU-IVORY-001,SKU-ORANGE-001,18L,18L,0.3,4,4,0.3,night,4,22.25,75665.6,2.72,34824.02,8.22,10.12,0
TR-1353,2026-04-04,SKU-IVORY-001,SKU-YELLOW-001,1L,1L,0.6,5,6,0.3,night,5,18.84,80077.75,2.12,30480.5,7.91,8.56,0
TR-1354,2026-04-05,SKU-BLUE-001,SKU-ORANGE-001,4L,18L,0.9,4,7,1.0,night,6,24.12,82009.58,2.94,37198.77,12.19,10.96,0
TR-1355,2026-04-06,SKU-ORANGE-001,SKU-IVORY-001,4L,4L,0.6,2,3,0.3,day,0,22.12,37604.26,2.7,34652.93,8.21,10.05,0
TR-1356,2026-04-07,SKU-GOLD-001,SKU-GOLD-001,18L,4L,0.6,2,0,0.7,day,1,13.87,23584.34,1.51,19156.72,11.26,6.31,0
TR-1357,2026-04-08,SKU-SILVER-001,SKU-GREEN-001,18L,1L,0.3,2,0,0.3,day,2,28.92,49168.36,3.53,43310.54,12.63,13.15,1
TR-1358,2026-04-09,SKU-WHITE-001,SKU-GRAY-001,1L,4L,0.9,2,5,0.3,day,3,26.48,45017.55,3.3,40202.98,12.41,12.04,0
TR-1359,2026-04-10,SKU-GOLD-001,SKU-BLACK-001,1L,4L,0.6,2,3,0.3,night,4,34.61,58835.78,4.46,50548.18,13.15,15.73,1
TR-1360,2026-04-11,SKU-GREEN-001,SKU-BLUE-001,4L,4L,0.3,4,4,0.3,night,5,20.61,70059.07,2.38,32725.32,8.07,9.37,0
TR-1361,2026-04-12,SKU-IVORY-001,SKU-BLACK-001,4L,1L,0.9,2,7,0.3,night,6,34.02,57834.91,4.56,49798.86,13.09,15.46,0
TR-1362,2026-04-13,SKU-BLUE-001,SKU-GREEN-001,4L,18L,0.9,4,2,1.0,night,0,19.58,66566.32,2.27,31417.87,11.78,8.9,0
TR-1363,2026-04-14,SKU-ORANGE-001,SKU-WHITE-001,4L,18L,0.9,4,2,0.7,night,1,24.53,83385.17,3.05,37713.7,12.23,11.15,0
TR-1364,2026-04-15,SKU-IVORY-001,SKU-BLACK-001,18L,4L,0.9,3,7,0.7,night,2,32.53,82945.62,4.39,47898.89,12.96,14.79,0
TR-1365,2026-04-16,SKU-BLUE-001,SKU-RED-001,18L,18L,0.6,4,2,0.7,night,3,18.12,61613.9,2.18,29564.03,7.85,8.24,0
TR-1366,2026-04-17,SKU-SILVER-001,SKU-PURPLE-001,18L,18L,0.9,5,3,1.0,day,4,27.79,118095.88,3.6,41865.61,8.73,12.63,1
TR-1367,2026-04-18,SKU-IVORY-001,SKU-BLACK-001,4L,4L,0.3,5,4,1.0,day,5,29.13,123815.51,4.02,43578.44,8.85,13.24,0
TR-1368,2026-04-19,SKU-SILVER-001,SKU-ORANGE-001,18L,1L,0.6,2,3,1.0,night,6,25.87,43971.41,3.02,39419.77,12.35,11.76,1
TR-1369,2026-04-20,SKU-PURPLE-001,SKU-GREEN-001,18L,4L,0.3,3,3,0.7,night,0,22.06,56248.8,2.6,34574.27,12.01,10.03,0
TR-1370,2026-04-21,SKU-BLACK-001,SKU-RED-001,18L,1L,0.9,2,2,0.7,night,1,24.03,40857.34,3.07,37088.38,12.18,10.92,0
TR-1371,2026-04-22,SKU-IVORY-001,SKU-BLUE-001,4L,18L,0.6,4,6,0.3,night,2,31.0,105386.42,3.98,45949.46,12.82,14.09,0
TR-1372,2026-04-23,SKU-PURPLE-001,SKU-GOLD-001,4L,1L,0.3,2,6,0.3,day,3,33.16,56366.88,4.12,48699.81,13.01,15.07,0
TR-1373,2026-04-24,SKU-WHITE-001,SKU-GREEN-001,18L,4L,0.9,3,0,0.7,night,4,25.93,66132.66,3.38,39507.39,12.36,11.79,0
TR-1374,2026-04-25,SKU-BLUE-001,SKU-SILVER-001,18L,1L,0.3,3,4,0.7,night,5,31.67,80748.49,3.97,46802.28,12.88,14.39,1
TR-1375,2026-04-26,SKU-RED-001,SKU-BLACK-001,18L,18L,0.3,4,4,0.7,night,6,23.31,79245.06,2.99,36163.93,8.32,10.59,0
TR-1376,2026-04-27,SKU-GOLD-001,SKU-IVORY-001,1L,18L,0.9,5,5,1.0,night,0,26.07,110804.68,3.0,39682.15,12.37,11.85,1
TR-1377,2026-04-28,SKU-RED-001,SKU-WHITE-001,4L,1L,0.3,4,3,1.0,day,1,26.59,90396.17,3.39,40338.14,12.42,12.09,0
TR-1378,2026-04-29,SKU-PURPLE-001,SKU-GRAY-001,4L,1L,0.3,4,0,0.3,night,2,24.97,84895.71,3.06,38279.14,12.27,11.35,0
TR-1379,2026-04-30,SKU-RED-001,SKU-IVORY-001,18L,1L,0.3,4,1,0.7,day,3,25.01,85032.78,3.13,38330.45,12.27,11.37,0
TR-1380,2026-05-01,SKU-SILVER-001,SKU-RED-001,1L,18L,0.9,2,4,1.0,day,4,27.08,46029.31,3.26,40960.44,12.46,12.31,1
TR-1381,2026-05-02,SKU-WHITE-001,SKU-GREEN-001,18L,4L,0.6,5,4,1.0,night,5,26.75,113691.86,3.47,40546.76,12.43,12.16,0
TR-1382,2026-05-03,SKU-BLUE-001,SKU-RED-001,1L,4L,0.9,5,4,0.3,night,6,22.44,95370.2,2.65,35060.06,12.04,10.2,0
TR-1383,2026-05-04,SKU-BLUE-001,SKU-YELLOW-001,1L,1L,0.9,3,3,1.0,day,0,23.2,59152.75,3.06,36023.65,8.31,10.54,1
TR-1384,2026-05-05,SKU-WHITE-001,SKU-RED-001,1L,4L,0.9,5,1,1.0,day,1,25.38,107849.16,3.26,38797.08,12.31,11.53,0
TR-1385,2026-05-06,SKU-WHITE-001,SKU-IVORY-001,1L,4L,0.9,2,1,0.3,day,2,16.32,27750.5,1.87,22275.77,11.48,7.42,0
TR-1386,2026-05-07,SKU-BLUE-001,SKU-ORANGE-001,4L,1L,0.9,3,6,0.7,day,3,24.52,62515.14,2.99,37701.85,12.23,11.14,0
TR-1387,2026-05-08,SKU-ORANGE-001,SKU-YELLOW-001,18L,4L,0.6,2,1,1.0,day,4,20.38,34650.88,2.45,32441.84,11.85,9.26,0
TR-1388,2026-05-09,SKU-YELLOW-001,SKU-SILVER-001,18L,4L,0.3,4,6,1.0,night,5,24.74,84125.56,2.72,37990.85,12.25,11.25,0
TR-1389,2026-05-10,SKU-BLUE-001,SKU-GREEN-001,4L,4L,0.6,3,4,0.7,night,6,18.48,47135.04,2.15,30025.51,7.88,8.4,0
TR-1390,2026-05-11,SKU-YELLOW-001,SKU-GOLD-001,4L,18L,0.9,5,3,0.3,day,0,26.68,113391.96,3.0,40456.95,12.43,12.13,0
TR-1391,2026-05-12,SKU-RED-001,SKU-IVORY-001,18L,1L,0.6,2,3,0.3,night,1,26.33,44768.51,3.27,40016.53,12.39,11.97,0
TR-1392,2026-05-13,SKU-SILVER-001,SKU-BLACK-001,1L,4L,0.3,2,1,0.7,night,2,34.08,57943.76,4.47,49880.35,13.1,15.49,1
TR-1393,2026-05-14,SKU-SILVER-001,SKU-PURPLE-001,1L,4L,0.6,4,0,1.0,day,3,29.69,100961.29,3.81,44293.0,12.7,13.5,1
TR-1394,2026-05-15,SKU-IVORY-001,SKU-GOLD-001,4L,18L,0.6,2,7,0.3,night,4,29.14,49544.39,3.33,43592.06,12.65,13.25,0
TR-1395,2026-04-01,SKU-SILVER-001,SKU-WHITE-001,1L,18L,0.9,2,3,0.7,day,2,27.23,46297.08,3.15,41160.92,12.48,12.38,1
TR-1396,2026-04-02,SKU-GOLD-001,SKU-WHITE-001,18L,1L,0.3,5,4,0.7,day,3,29.32,124630.77,3.44,43822.58,12.67,13.33,1
TR-1397,2026-04-03,SKU-BLUE-001,SKU-SILVER-001,18L,1L,0.6,5,2,0.7,night,4,31.31,133078.21,3.93,46352.3,12.85,14.23,1
TR-1398,2026-04-04,SKU-PURPLE-001,SKU-PURPLE-001,18L,1L,0.3,2,6,1.0,night,5,15.68,26652.35,1.71,21453.63,11.43,7.13,0
TR-1399,2026-04-05,SKU-IVORY-001,SKU-SILVER-001,1L,1L,0.9,3,7,0.3,day,6,25.53,65090.15,2.87,38987.06,8.52,11.6,0
TR-1400,2026-04-06,SKU-SILVER-001,SKU-BLACK-001,4L,1L,0.3,2,2,1.0,day,0,33.88,57598.74,4.45,49622.05,13.08,15.4,1
TR-1401,2026-04-07,SKU-WHITE-001,SKU-GRAY-001,4L,18L,0.6,5,6,0.3,night,1,27.52,116939.36,3.41,41519.27,12.5,12.51,0
TR-1402,2026-04-08,SKU-BLUE-001,SKU-GOLD-001,1L,4L,0.9,3,6,0.7,night,2,31.09,79288.63,3.84,46073.65,12.83,14.13,0
TR-1403,2026-04-09,SKU-WHITE-001,SKU-BLACK-001,4L,18L,0.6,2,2,0.7,day,3,33.23,56492.74,4.56,48794.03,13.02,15.11,0
TR-1404,2026-04-10,SKU-SILVER-001,SKU-ORANGE-001,1L,18L,0.3,3,0,0.3,day,4,27.05,68970.57,3.15,40923.81,12.46,12.29,1
TR-1405,2026-04-11,SKU-PURPLE-001,SKU-GREEN-001,4L,1L,0.6,2,0,0.3,night,5,21.61,36739.27,2.55,34005.33,11.96,9.82,0
TR-1406,2026-04-12,SKU-BLACK-001,SKU-BLACK-001,4L,18L,0.3,3,0,0.3,night,6,15.09,38467.13,1.65,20699.28,11.37,6.86,0
TR-1407,2026-04-13,SKU-YELLOW-001,SKU-GRAY-001,1L,18L,0.9,3,0,0.7,day,0,20.88,53255.98,2.53,33080.53,11.9,9.49,0
TR-1408,2026-04-14,SKU-PURPLE-001,SKU-SILVER-001,4L,1L,0.6,2,5,1.0,night,1,31.33,53257.73,3.98,46372.1,12.85,14.24,1
TR-1409,2026-04-15,SKU-BLACK-001,SKU-RED-001,4L,18L,0.6,3,5,1.0,day,2,25.0,63755.99,3.17,38321.17,12.27,11.36,0
TR-1410,2026-04-16,SKU-SILVER-001,SKU-GOLD-001,4L,18L,0.9,5,7,0.7,night,3,20.34,86424.17,2.29,32381.03,11.85,9.24,0
TR-1411,2026-04-17,SKU-BLUE-001,SKU-IVORY-001,1L,4L,0.3,4,3,1.0,night,4,28.22,95947.04,3.68,42416.0,12.57,12.83,1
TR-1412,2026-04-18,SKU-RED-001,SKU-RED-001,4L,4L,0.3,3,2,0.7,night,5,11.92,30405.29,1.3,16675.54,7.28,5.42,0
TR-1413,2026-04-19,SKU-IVORY-001,SKU-GREEN-001,4L,4L,0.6,2,6,0.7,night,6,24.09,40957.71,3.09,37163.53,8.39,10.95,0
TR-1414,2026-04-20,SKU-GOLD-001,SKU-WHITE-001,4L,4L,0.3,5,5,1.0,day,0,26.46,112460.38,3.13,40177.98,8.61,12.03,1
TR-1415,2026-04-21,SKU-IVORY-001,SKU-GRAY-001,1L,18L,0.3,4,6,1.0,day,1,23.77,80814.17,2.92,36751.3,12.16,10.8,0
TR-1416,2026-04-22,SKU-PURPLE-001,SKU-BLACK-001,4L,4L,0.3,3,2,1.0,day,2,17.96,45793.68,2.15,29356.02,7.83,8.16,0
TR-1417,2026-04-23,SKU-IVORY-001,SKU-YELLOW-001,1L,1L,0.6,5,5,0.3,night,3,18.93,80433.79,2.13,30587.13,7.92,8.6,0
TR-1418,2026-04-24,SKU-SILVER-001,SKU-BLACK-001,1L,4L,0.9,4,6,1.0,night,4,34.56,117489.16,4.53,50479.9,13.14,15.71,1
TR-1419,2026-04-25,SKU-GREEN-001,SKU-ORANGE-001,4L,1L,0.3,2,7,0.3,night,5,23.68,40262.79,2.76,36643.27,12.15,10.77,0
TR-1420,2026-04-26,SKU-ORANGE-001,SKU-WHITE-001,18L,4L,0.3,5,2,0.3,night,6,26.22,111418.02,3.24,39865.83,12.38,11.92,0
TR-1421,2026-04-27,SKU-BLUE-001,SKU-WHITE-001,18L,1L,0.6,5,7,0.3,night,0,32.93,139945.12,4.28,48408.7,12.99,14.97,1
TR-1422,2026-04-28,SKU-RED-001,SKU-IVORY-001,18L,18L,0.9,3,6,1.0,day,1,23.08,58858.14,2.92,35876.61,8.3,10.49,0
TR-1423,2026-04-29,SKU-ORANGE-001,SKU-WHITE-001,1L,18L,0.6,4,1,1.0,night,2,23.58,80167.74,2.95,36509.31,12.14,10.72,0
TR-1424,2026-04-30,SKU-WHITE-001,SKU-IVORY-001,4L,1L,0.6,5,0,0.3,night,3,16.52,70210.57,1.89,22525.63,11.5,7.51,0
TR-1425,2026-05-01,SKU-YELLOW-001,SKU-BLUE-001,4L,1L,0.6,2,0,0.3,night,4,27.83,47307.68,3.57,41917.52,12.53,12.65,0
TR-1426,2026-05-02,SKU-ORANGE-001,SKU-ORANGE-001,4L,18L,0.3,3,3,0.3,night,5,16.48,42030.59,1.8,22477.83,11.5,7.49,0
TR-1427,2026-05-03,SKU-SILVER-001,SKU-GREEN-001,1L,4L,0.9,2,0,0.3,day,6,28.51,48469.64,3.49,42787.43,12.59,12.96,1
TR-1428,2026-05-04,SKU-ORANGE-001,SKU-ORANGE-001,4L,18L,0.3,4,0,0.3,night,0,15.7,53376.6,1.71,21480.55,11.43,7.14,0
TR-1429,2026-05-05,SKU-BLACK-001,SKU-IVORY-001,4L,4L,0.9,3,4,0.7,day,1,29.46,75118.67,4.06,43992.38,8.88,13.39,1
TR-1430,2026-05-06,SKU-BLACK-001,SKU-IVORY-001,18L,18L,0.9,2,0,0.3,day,2,28.7,48792.4,3.98,43029.07,8.81,13.05,1
TR-1431,2026-05-07,SKU-YELLOW-001,SKU-BLACK-001,4L,18L,0.6,3,4,0.7,day,3,31.16,79446.77,4.18,46152.58,12.83,14.16,0
TR-1432,2026-05-08,SKU-PURPLE-001,SKU-GOLD-001,1L,1L,0.6,4,4,0.7,night,4,28.09,95493.11,3.56,42246.08,8.75,12.77,0
TR-1433,2026-05-09,SKU-GOLD-001,SKU-GOLD-001,18L,4L,0.9,2,7,0.7,night,5,15.34,26077.1,1.67,21022.96,11.39,6.97,0
TR-1434,2026-05-10,SKU-WHITE-001,SKU-PURPLE-001,18L,1L,0.9,4,5,0.7,night,6,30.53,103797.5,4.07,45354.68,12.78,13.88,0
TR-1435,2026-05-11,SKU-SILVER-001,SKU-BLACK-001,1L,4L,0.6,4,1,0.3,day,0,35.49,120675.72,4.63,51672.73,13.23,16.13,1
TR-1436,2026-05-12,SKU-BLUE-001,SKU-GOLD-001,18L,18L,0.9,3,2,1.0,day,1,25.87,65973.35,3.27,39427.88,8.55,11.76,0
TR-1437,2026-05-13,SKU-PURPLE-001,SKU-BLACK-001,1L,1L,0.6,5,4,0.3,night,2,20.56,87376.02,2.43,32666.08,8.07,9.35,0
TR-1438,2026-05-14,SKU-SILVER-001,SKU-PURPLE-001,4L,18L,0.9,2,5,0.7,day,3,32.24,54803.31,4.08,47529.22,12.93,14.65,1
TR-1439,2026-05-15,SKU-WHITE-001,SKU-BLUE-001,1L,18L,0.6,4,1,0.3,day,4,30.97,105308.19,4.07,45920.18,12.82,14.08,0
TR-1440,2026-04-01,SKU-YELLOW-001,SKU-RED-001,1L,18L,0.3,5,4,0.7,night,2,25.22,107196.93,3.08,38601.75,12.29,11.46,0
TR-1441,2026-04-02,SKU-RED-001,SKU-RED-001,4L,1L,0.6,4,1,0.7,day,3,13.73,46697.01,1.5,18980.16,11.25,6.24,0
TR-1442,2026-04-03,SKU-IVORY-001,SKU-GOLD-001,1L,1L,0.6,2,3,0.3,day,4,24.94,42397.21,2.88,38241.23,8.47,11.34,0
TR-1443,2026-04-04,SKU-BLUE-001,SKU-GREEN-001,18L,1L,0.3,5,6,0.7,day,5,22.2,94342.27,2.55,34752.23,12.02,10.09,0
TR-1444,2026-04-05,SKU-WHITE-001,SKU-GOLD-001,4L,4L,0.6,3,0,0.3,night,6,25.87,65969.98,3.07,39426.19,8.55,11.76,0
TR-1445,2026-04-06,SKU-PURPLE-001,SKU-YELLOW-001,18L,4L,0.6,3,0,0.3,night,0,28.32,72213.52,3.68,42542.4,12.57,12.87,1
TR-1446,2026-04-07,SKU-GRAY-001,SKU-WHITE-001,18L,4L,0.3,2,6,1.0,day,1,25.93,44088.88,3.24,39507.72,12.36,11.79,0
TR-1447,2026-04-08,SKU-GREEN-001,SKU-PURPLE-001,18L,4L,0.3,5,2,0.7,day,2,21.47,91258.24,2.53,33828.67,11.95,9.76,0
TR-1448,2026-04-09,SKU-WHITE-001,SKU-GOLD-001,18L,18L,0.9,3,3,0.7,night,3,25.71,65551.47,3.05,39217.31,8.54,11.68,0
TR-1449,2026-04-10,SKU-GRAY-001,SKU-WHITE-001,18L,1L,0.3,5,2,0.7,night,4,25.05,106457.97,3.14,38380.46,12.28,11.39,0
TR-1450,2026-04-11,SKU-BLUE-001,SKU-BLUE-001,4L,4L,0.3,4,1,0.7,day,5,11.59,39390.22,1.26,16245.0,7.25,5.27,0
TR-1451,2026-04-12,SKU-GRAY-001,SKU-SILVER-001,18L,4L,0.3,2,7,1.0,day,6,27.77,47202.66,3.26,41838.89,12.52,12.62,0
TR-1452,2026-04-13,SKU-WHITE-001,SKU-GRAY-001,1L,4L,0.3,5,0,0.3,night,0,25.75,109430.18,3.22,39270.54,12.34,11.7,0
TR-1453,2026-04-14,SKU-BLUE-001,SKU-RED-001,18L,18L,0.9,5,1,0.7,day,1,18.0,76495.24,2.16,29407.67,7.84,8.18,0
TR-1454,2026-04-15,SKU-SILVER-001,SKU-GOLD-001,18L,4L,0.9,4,3,0.7,day,2,19.75,67165.77,2.22,31642.26,11.8,8.98,0
TR-1455,2026-04-16,SKU-SILVER-001,SKU-SILVER-001,18L,18L,0.9,2,3,1.0,night,3,10.71,18210.11,1.17,15133.24,7.17,4.87,0
TR-1456,2026-04-17,SKU-RED-001,SKU-IVORY-001,18L,1L,0.3,2,7,1.0,night,4,26.95,45821.43,3.34,40804.81,12.45,12.25,0
TR-1457,2026-04-18,SKU-WHITE-001,SKU-IVORY-001,18L,18L,0.3,2,1,0.7,night,5,13.15,22356.61,1.52,18237.57,7.4,5.98,0
TR-1458,2026-04-19,SKU-IVORY-001,SKU-PURPLE-001,1L,4L,0.6,2,2,0.7,day,6,28.63,48663.65,3.78,42932.68,12.6,13.01,0
TR-1459,2026-04-20,SKU-GRAY-001,SKU-YELLOW-001,18L,1L,0.9,4,3,1.0,night,0,21.11,71770.92,2.56,33366.12,11.92,9.6,0
TR-1460,2026-04-21,SKU-GREEN-001,SKU-WHITE-001,1L,1L,0.9,3,4,1.0,night,1,23.69,60397.97,3.14,36645.15,8.35,10.77,0
TR-1461,2026-04-22,SKU-IVORY-001,SKU-GREEN-001,18L,1L,0.9,2,6,0.7,night,2,26.98,45867.43,3.41,40839.26,12.45,12.26,0
TR-1462,2026-04-23,SKU-GREEN-001,SKU-PURPLE-001,1L,18L,0.3,3,6,0.3,night,3,24.54,62578.73,2.87,37733.59,12.23,11.15,0
TR-1463,2026-04-24,SKU-GRAY-001,SKU-WHITE-001,1L,4L,0.6,2,2,1.0,night,4,23.5,39948.53,2.97,36407.99,12.14,10.68,0
TR-1464,2026-04-25,SKU-YELLOW-001,SKU-IVORY-001,18L,18L,0.6,4,0,0.3,night,5,17.55,59664.46,1.98,28834.29,7.8,7.98,0
TR-1465,2026-04-26,SKU-SILVER-001,SKU-ORANGE-001,4L,18L,0.9,5,2,0.7,day,6,25.39,107920.82,2.97,38818.53,12.31,11.54,1
TR-1466,2026-04-27,SKU-SILVER-001,SKU-GREEN-001,1L,1L,0.9,4,1,1.0,day,0,24.15,82098.22,3.01,37231.95,8.4,10.98,1
TR-1467,2026-04-28,SKU-GREEN-001,SKU-GOLD-001,18L,4L,0.3,5,5,0.7,night,1,28.65,121759.71,3.44,42962.8,12.6,13.02,0
TR-1468,2026-04-29,SKU-ORANGE-001,SKU-ORANGE-001,4L,18L,0.9,3,7,0.7,night,2,15.83,40365.43,1.73,21646.74,11.44,7.2,0
TR-1469,2026-04-30,SKU-BLUE-001,SKU-SILVER-001,18L,4L,0.9,4,0,1.0,day,3,28.86,98109.51,3.66,43225.49,12.62,13.12,1
TR-1470,2026-05-01,SKU-YELLOW-001,SKU-IVORY-001,1L,18L,0.9,4,1,0.7,night,4,18.66,63444.38,2.1,30249.23,11.7,8.48,0
TR-1471,2026-05-02,SKU-WHITE-001,SKU-BLACK-001,18L,1L,0.6,5,3,0.3,day,5,34.37,146069.29,4.68,50242.67,13.12,15.62,0
TR-1472,2026-05-03,SKU-ORANGE-001,SKU-YELLOW-001,4L,18L,0.9,3,0,1.0,day,6,20.35,51886.39,2.44,32396.95,11.85,9.25,0
TR-1473,2026-05-04,SKU-GOLD-001,SKU-BLACK-001,1L,4L,0.9,5,7,0.7,day,0,34.76,147711.04,4.48,50734.32,13.16,15.8,1
TR-1474,2026-05-05,SKU-PURPLE-001,SKU-BLUE-001,18L,18L,0.6,5,7,1.0,day,1,17.38,73862.46,1.95,28619.24,7.78,7.9,0
TR-1475,2026-05-06,SKU-YELLOW-001,SKU-ORANGE-001,4L,1L,0.9,2,2,0.7,day,2,21.57,36671.72,2.58,33954.76,11.96,9.81,0
TR-1476,2026-05-07,SKU-WHITE-001,SKU-RED-001,18L,18L,0.9,5,6,1.0,night,3,24.16,102668.18,3.12,37245.55,8.4,10.98,0
TR-1477,2026-05-08,SKU-WHITE-001,SKU-RED-001,1L,1L,0.3,2,2,0.7,night,4,24.46,41576.35,3.16,37626.68,8.42,11.12,0
TR-1478,2026-05-09,SKU-YELLOW-001,SKU-RED-001,18L,1L,0.3,4,5,1.0,night,5,24.53,83413.74,3.01,37724.4,12.23,11.15,0
TR-1479,2026-05-10,SKU-BLACK-001,SKU-ORANGE-001,4L,4L,0.6,5,6,0.3,night,6,26.87,114208.68,3.49,40701.53,8.64,12.21,0
TR-1480,2026-05-11,SKU-RED-001,SKU-GOLD-001,18L,1L,0.9,2,7,0.7,night,0,27.77,47209.41,3.27,41843.95,12.52,12.62,0
TR-1481,2026-05-12,SKU-SILVER-001,SKU-RED-001,1L,18L,0.9,5,5,0.7,night,1,28.74,122127.19,3.45,43072.85,12.61,13.06,1
TR-1482,2026-05-13,SKU-SILVER-001,SKU-YELLOW-001,18L,4L,0.9,2,6,0.3,day,2,26.58,45194.43,2.92,40335.4,12.42,12.08,1
TR-1483,2026-05-14,SKU-GREEN-001,SKU-YELLOW-001,18L,4L,0.3,2,7,1.0,night,3,25.57,43472.55,3.19,39046.29,12.32,11.62,0
TR-1484,2026-05-15,SKU-GOLD-001,SKU-BLUE-001,18L,18L,0.3,3,7,0.3,night,4,29.93,76332.57,3.71,44598.25,8.92,13.61,1
TR-1485,2026-04-01,SKU-GOLD-001,SKU-SILVER-001,4L,1L,0.9,5,1,0.7,day,2,18.81,79935.6,2.12,30437.93,11.71,8.55,0
TR-1486,2026-04-02,SKU-RED-001,SKU-YELLOW-001,1L,18L,0.6,4,1,0.7,day,3,24.1,81944.02,2.96,37174.23,12.19,10.96,0
TR-1487,2026-04-03,SKU-YELLOW-001,SKU-PURPLE-001,18L,18L,0.6,5,3,0.3,night,4,25.79,109612.12,3.4,39325.02,8.54,11.72,0
TR-1488,2026-04-04,SKU-YELLOW-001,SKU-IVORY-001,4L,1L,0.6,3,2,0.3,day,5,20.43,52101.34,2.3,32504.23,11.86,9.29,0
TR-1489,2026-04-05,SKU-YELLOW-001,SKU-BLUE-001,18L,4L,0.3,3,6,1.0,night,6,27.83,70955.09,3.57,41914.31,12.53,12.65,0
TR-1490,2026-04-06,SKU-RED-001,SKU-RED-001,4L,1L,0.6,3,0,1.0,night,0,13.38,34115.37,1.46,18527.28,11.22,6.08,0
TR-1491,2026-04-07,SKU-SILVER-001,SKU-SILVER-001,18L,18L,0.9,4,3,0.7,day,1,11.22,38136.2,1.22,15775.58,7.22,5.1,0
TR-1492,2026-04-08,SKU-GREEN-001,SKU-WHITE-001,18L,4L,0.9,2,0,1.0,night,2,25.37,43132.23,3.32,38791.51,12.31,11.53,0
TR-1493,2026-04-09,SKU-GOLD-001,SKU-ORANGE-001,4L,1L,0.6,4,0,0.3,day,3,25.64,87174.39,2.93,39132.13,12.33,11.65,1
TR-1494,2026-04-10,SKU-IVORY-001,SKU-ORANGE-001,4L,1L,0.6,3,2,1.0,night,4,22.6,57617.7,2.75,35257.5,12.05,10.27,0
TR-1495,2026-04-11,SKU-GRAY-001,SKU-PURPLE-001,4L,18L,0.3,5,7,1.0,day,5,24.89,105791.27,3.05,38180.81,12.26,11.31,0
TR-1496,2026-04-12,SKU-ORANGE-001,SKU-RED-001,4L,4L,0.3,5,6,0.7,day,6,19.51,82934.89,2.24,31336.12,7.97,8.87,0
TR-1497,2026-04-13,SKU-RED-001,SKU-BLACK-001,1L,18L,0.9,3,6,0.3,night,0,26.5,67564.62,3.33,40222.09,12.41,12.04,0
TR-1498,2026-04-14,SKU-RED-001,SKU-GREEN-001,4L,4L,0.9,5,4,0.3,day,1,18.27,77641.7,2.06,29750.99,7.86,8.3,0
TR-1499,2026-04-15,SKU-GRAY-001,SKU-YELLOW-001,4L,1L,0.9,4,3,1.0,night,2,20.88,70989.51,2.53,33073.61,11.9,9.49,0
TR-1500,2026-04-16,SKU-BLUE-001,SKU-BLUE-001,1L,4L,0.6,2,0,1.0,day,3,13.26,22543.17,1.45,18377.24,11.21,6.03,0
